convo_id,speaker_A,speaker_B,n_utterances,n_A,n_B,centroid_dist_mean,centroid_dist_std,centroid_dist_slope,cross_nn_A_to_B,cross_nn_B_to_A,hausdorff_AB,influence_A_toward_B,influence_B_toward_A,influence_asymmetry_AminusB,turn_jump_mean,turn_jump_std,turn_jump_A_to_B_mean,turn_jump_B_to_A_mean,hull_area_A,hull_area_B,hull_overlap_area,hull_overlap_ratio_min,containment_A_in_B,containment_B_in_A,k_clusters,entropy_total,entropy_A,entropy_B,mi_speaker_cluster,nmi_speaker_cluster,mi_turn_clusters,nmi_turn_clusters,entropy_slope_A,entropy_slope_B,align_eps,align_lag_A_to_B,align_lag_B_to_A,align_lag_asymmetry_AminusB
wired_time_12,"Brian Greene, PhD",Kayla Martini (Child),62,48,14,0.5161580997,0.1214086641,-0.00532865193,1.013389009,0.773114827,1.013389009,0.02956888266,0.2917517328,-0.2621828501,1.05824648,0.3510689668,1.104092548,1.012400411,0.6800383712,0.3857809819,0.3696945085,0.9583015386,0.4791666667,0.7142857143,8,2.914302952,2.789819131,2.807354922,0.08354095815,0.06541457229,1.210115246,0.5934791844,0.03721346283,0.2095043807,1.252657614,10.86046512,3.142857143,7.717607973
wired_time_13,"Brian Greene, PhD",Maria Guseva (Teen),38,31,7,0.5192928707,0.158356327,-0.01017207518,1.148144822,1.002327121,1.148144822,0.09478291304,0.3498114099,-0.2550284969,1.211925181,0.213856837,1.311001055,1.112849308,0.7226288696,0.1313451961,0.1345308533,1.024254083,0.09677419355,0.8571428571,6,2.310097073,2.167727265,1.378783493,0.1994195221,0.1918458613,0.8086717107,0.5954969793,0.05755320424,0.3009141753,1.247340916,13.38461538,1.857142857,11.52747253
wired_time_14,"Brian Greene, PhD",Zain Kamal (College Student),27,21,6,0.5893802763,0.1706224008,-0.01997111172,1.057109429,0.8994563738,1.057109429,0.1065032486,0.344361808,-0.2378585594,1.069239985,0.178746015,1.128636694,1.009843276,0.7583988698,0.3863431038,0.3912552315,1.012714418,0.380952381,0.8333333333,5,2.142690279,2.110596139,1.79248125,0.07124606038,0.07071899436,0.6437747128,0.5134886088,0.05542165529,0.3044846343,1.209189941,4.692307692,1.2,3.492307692
wired_time_15,"Brian Greene, PhD",Alexander Novara (Grad Student),35,25,10,0.4910615007,0.1830672694,-0.01470477444,1.085376725,1.036904255,1.085376725,0.1296504714,0.2593928468,-0.1297423754,1.180621052,0.2113543529,1.206165206,1.155076898,0.5544711782,0.4744554501,0.4342617794,0.9152846264,0.6,0.5,6,2.298499976,2.241706278,1.846439345,0.1176458665,0.1073671592,0.2706521889,0.1870663919,0.06768846563,0.1392119063,1.230494667,2.6,2.5,0.1
wired_Talia_12,Speaker 1 (Talia Gershon),Speaker 2 (Child),11,6,5,0.8203023836,0.2124804259,-0.05957148032,1.068943725,1.051078736,1.068943725,0.2246194101,0.3683188025,-0.1436993924,1.147740147,0.1320355966,1.244401558,1.051078736,0.6705229648,0.3931836762,0.3616562814,0.9198150971,0.1666666667,0.6,3,1.494918848,1.251629167,1.370950594,0.1310413242,0.1519136503,0.2502012118,0.2504180036,0.1519117832,0.3553179313,1.23059799,2,1,1
wired_Talia_13,Speaker 1 (Talia Gershon),Speaker 3 (Teenager/Young Adult),33,17,16,0.7093667714,0.1831757058,-0.01660217376,1.02526825,1.03459942,1.03459942,0.1454136295,0.27288222,-0.1274685906,1.257817221,0.143791157,1.256885024,1.258811563,0.7567824276,0.3813292933,0.3858287733,1.011799461,0.2352941176,1,6,2.399417983,1.736041168,2.430036533,0.2265858026,0.1923611245,0.6548565421,0.3889367473,0.1056405051,0.1033632926,1.278943228,7.4375,8.307692308,-0.8701923077
wired_Talia_14,Speaker 1 (Talia Gershon),Speaker 4 (Amanda - College Student),30,16,14,0.6113672567,0.1874030678,-0.01797472624,1.01552368,1.101706799,1.101706799,0.1332462961,0.2604906644,-0.1272443682,1.223612986,0.1720928929,1.250518169,1.196707803,0.6071585821,0.4721261498,0.4082728316,0.864753693,0.4375,0.5,5,2.121928095,2.055036533,1.985228136,0.068946528,0.06378823539,0.5181097202,0.3524031433,0.07997879381,0.1051566778,1.268808488,3.142857143,1,2.142857143
wired_Talia_15,Speaker 5 (Grad Student),Speaker 1 (Talia Gershon),17,9,8,0.6459891488,0.1804486586,-0.03175399033,1.048751249,0.9406660859,1.048751249,0.2224956406,0.2063459008,0.01614973976,1.10576107,0.1719578218,1.052118631,1.167066714,0.7117356583,0.367758753,0.2947063009,0.8013576794,0.2222222222,0.25,4,1.732221664,1.974937501,1.061278124,0.1297859291,0.1371871309,0.4701339786,0.4138455283,0.2683132581,0.05348976783,1.163115883,1,3.166666667,-2.166666667
wired_Talia_16,Speaker 1 (Talia Gershon),Speaker 6 (Steve - Expert/Physicist),16,9,7,0.6862498447,0.1984417546,-0.04134954871,0.9390077575,1.023712167,1.023712167,0.2534750932,0.3873185008,-0.1338434075,1.154901904,0.1235653146,1.179797271,1.130006537,0.1668286641,0.5653052729,0.1366187315,0.8189164146,0.4444444444,0.1428571429,4,1.501614472,0.7642045065,1.842370993,0.1841776119,0.2133964955,0.1989706903,0.1855307639,0.1355864895,0.2517514669,1.079077815,4,1.333333333,2.666666667
wired_gravity_12,Speaker 1 (Janna Levin),Speaker 2 (Bonét Sofía Kanayet),73,49,24,0.5431907966,0.1793983025,-0.006604009864,1.039342118,0.8917431499,1.039342118,0.1440056935,0.1482126122,-0.004206918785,1.229978293,0.1888287935,1.20585956,1.254097026,0.6500979993,0.3759743535,0.3653200105,0.9716620485,0.4693877551,0.7916666667,9,3.11732348,2.915718626,2.869910023,0.1501808841,0.1074998802,0.9084389668,0.4279380305,0.04349742311,0.0960516704,1.266542785,7.604166667,5.380952381,2.223214286
wired_gravity_13,Speaker 1 (Janna Levin),Speaker 3 (Maria Teresa Furtado),65,47,18,0.4234335782,0.1407594067,-0.004590653286,1.076768873,1.004705527,1.076768873,0.06645271995,0.157273287,-0.09082056701,1.15711906,0.1708624475,1.148639616,1.165598504,0.5709587728,0.1768244403,0.1634921459,0.9246015182,0.2978723404,0.9444444444,8,2.835374779,2.648717349,2.197159723,0.2160568575,0.1691011945,1.059373649,0.5631996946,0.04818629593,0.1485236719,1.242420254,6.5,4.769230769,1.730769231
wired_gravity_14,Speaker 1 (Janna Levin),Speaker 4 (Lisa Chan),68,52,16,0.5186792947,0.1528288424,-0.004286727369,1.079135383,0.9258250463,1.079135383,0.07142956659,0.035804426,0.03562514059,1.160594072,0.2662968851,1.213105715,1.104581654,0.5030517379,0.4454896441,0.3333163867,0.7482023232,0.4615384615,0.375,8,2.813175175,2.707383538,2,0.1886987997,0.1512288917,0.9458764296,0.5170928901,0.03362488624,0.07056752351,1.273655395,9.829268293,4.857142857,4.972125436
wired_gravity_15,Speaker 1 (Janna Levin),Speaker 5 (Will Gyory),52,33,19,0.4304940295,0.203706224,-0.01073832903,0.9705121279,0.8685011279,0.9705121279,0.1341035284,0.2107269239,-0.07662339547,1.166113409,0.1842586517,1.18255901,1.149667808,0.5972313719,0.5178242995,0.5083393653,0.9816831033,0.6363636364,0.8947368421,7,2.675313115,2.669226228,2.247084754,0.1111329026,0.08852251443,0.5567472008,0.3222389642,0.07177309383,0.08557288532,1.182933346,4.5,7.785714286,-3.285714286
wired_gravity_16,Speaker 1 (Janna Levin),Speaker 6 (Matthew Kleban),195,110,85,0.3152571641,0.1380039705,-0.001439273145,0.9770999507,0.9895332835,0.9895332835,0.0774168046,0.08404709946,-0.006630294869,1.174441134,0.1885828413,1.161582952,1.187546589,0.5559979167,0.5522929165,0.4289774355,0.7767208716,0.7454545455,0.8470588235,12,3.293519156,3.120359439,3.192641136,0.09818589948,0.06616746917,1.149375516,0.5008553284,0.01351770186,0.01953395978,1.171311634,8.290322581,4.353846154,3.936476427
wired_nuclear_12,Speaker 1 (Anne White),Speaker 2 (Amelia - Child),54,35,19,0.5529517561,0.1302501193,-0.006560004476,1.060442033,1.116280165,1.116280165,0.1619074964,0.1584897001,0.003417796343,1.26838304,0.1441067201,1.23619334,1.30057274,0.4349442735,0.4159742433,0.2639039171,0.6344236966,0.5142857143,0.3684210526,7,2.364615975,1.613557557,2.525345621,0.2982224845,0.2607281618,0.7758066251,0.5110395645,0.05072288736,0.09167660165,1.267188635,7.782608696,3.666666667,4.115942029
wired_nuclear_13,Speaker 1 (Anne White),Speaker 3 (High School Student),47,37,10,0.6062973317,0.1515095948,-0.01028732562,1.146577239,1.053091109,1.146577239,0.1101686696,0.2461786747,-0.136010005,1.222190474,0.1355832361,1.254332808,1.193262374,0.5476912185,0.2575860674,0.1927785057,0.7484042425,0.2162162162,0.4,7,2.539517806,2.159910459,2.246439345,0.2503626442,0.2198228742,0.9060644751,0.5027999421,0.05878169691,0.2052406548,1.278881766,9.434782609,2.3,7.134782609
wired_nuclear_14,Speaker 1 (Anne White),Speaker 4 (Undergrad Student),44,34,10,0.5502947882,0.1229240575,-0.00832283042,1.072094603,1.054524518,1.072094603,0.1059026357,0.2455926212,-0.1396899855,1.184244712,0.1595563041,1.190683912,1.177805511,0.6125517144,0.3457046343,0.2997356316,0.8670280981,0.4117647059,0.7,7,2.54802366,2.36069418,2.446439345,0.1163391693,0.1010715397,0.8876713553,0.5271791609,0.04270651818,0.2399640795,1.230395166,10.83333333,1.25,9.583333333
wired_nuclear_15,Speaker 1 (Anne White),Speaker 5 (Graduate Student),22,15,7,0.6008809387,0.1084601534,-0.01354188426,1.05826173,0.9674311923,1.05826173,0.1082922146,0.2500567186,-0.1417645041,1.112431687,0.2360383816,1.119854188,1.105009186,0.6546436383,0.4482605314,0.3511075002,0.7832665953,0.2,0.4285714286,5,2.220289576,2.173557262,1.842370993,0.1054344536,0.09742248589,0.874823773,0.5891956304,0.1499545499,0.3702620324,1.182724563,3.625,1.5,2.125
wired_nuclear_16,Speaker 1 (Talia Gershon),Speaker 6 (Steve - Expert/Physicist),15,8,7,0.6643571447,0.2045346005,-0.04554279376,0.9175781821,1.013133651,1.013133651,0.3003165074,0.3602531145,-0.05993660714,1.125755227,0.1092736779,1.134610193,1.115424432,0.2110740852,0.5909680835,0.1733273487,0.8211683044,0.5,0.2857142857,4,1.375279366,0.8112781245,1.664497779,0.114946031,0.1398204936,0.08751371792,0.1018276785,0.1603733966,0.2839073726,1.05524904,5,3.666666667,1.333333333
wired_infinity_12,Speaker 1 (Emily Riehl),Speaker 2 (Child),46,34,12,0.4540456984,0.1866565103,-0.01266529368,0.9670884662,0.8126322542,0.9670884662,0.1091473858,0.2932054096,-0.1840580238,1.099650815,0.2671682544,1.104928052,1.093893829,0.684763173,0.450210041,0.4428165987,0.9835777936,0.4411764706,1,7,2.666476696,2.648937388,2.459147917,0.04647524462,0.03837400651,0.7211380022,0.4056734053,0.08043147201,0.1894309127,1.183900982,6.5,3,3.5
wired_infinity_13,Speaker 1 (Emily Riehl),Speaker 3 (Teenager),53,42,11,0.6317943094,0.2712866261,-0.01694000415,0.967694097,0.8220739576,0.967694097,0.1004110269,0.3163322782,-0.2159212513,1.038468567,0.3264500501,1.154814906,0.9055013216,0.7509673227,0.4060181158,0.4176787253,1.028719431,0.4047619048,0.9090909091,7,2.575724161,2.567431639,2.222191576,0.0554144279,0.04826946974,0.7776612958,0.5047864262,0.05192795947,0.1790277116,1.180705102,11.29166667,4.333333333,6.958333333
wired_infinity_14,Speaker 1 (Emily Riehl),Speaker 4 (College Student),92,74,18,0.3545910028,0.1450241308,-0.003676128779,1.022771134,0.9156133314,1.022771134,0.03264353771,0.2168655368,-0.1842219991,1.174923751,0.2356586393,1.183310067,1.166537436,0.6848502329,0.4536198393,0.4328966845,0.9543160308,0.472972973,0.8888888889,10,3.142715655,3.098848675,3.044110418,0.03782964346,0.02830839553,1.115065984,0.5137815027,0.0264353566,0.1449792111,1.22590832,9.909090909,3.1875,6.721590909
wired_infinity_15,Speaker 1 (Emily Riehl),Speaker 5 (Graduate Student),65,43,22,0.4235713438,0.1650693749,-0.007892807854,0.9214630971,0.924663487,0.924663487,0.1447062526,0.1772699837,-0.03256373115,1.05421924,0.2901826558,1.021989717,1.086448763,0.5308349629,0.4573222961,0.4406474259,0.9635380336,0.5581395349,0.8181818182,8,2.869571987,2.773071676,2.913977073,0.03383199623,0.02573709469,0.9530028414,0.5239648582,0.03733173422,0.1281048913,1.222349215,5.727272727,9.15,-3.422727273
wired_infinity_16,Speaker 1 (Emily Riehl),Speaker 6 (Expert),49,25,24,0.4464765133,0.1678320754,-0.009785345263,0.9443861973,0.995986433,0.995986433,0.1913949965,0.2027136883,-0.01131869175,1.156413435,0.1588229495,1.1086059,1.20422097,0.5528591045,0.5017200836,0.4426636319,0.8822920317,0.52,0.7083333333,7,2.570858898,2.412878689,2.354721358,0.1292479885,0.1044460888,0.8979457249,0.5865281816,0.0702172507,0.06584065583,1.143982525,5.4375,5.75,-0.3125
wired_internet_12,Speaker 1 (Jim Kurose),Speaker 2 (Child),73,60,13,0.4981218994,0.1173450828,-0.004149265217,1.085377789,0.9107647452,1.085377789,0.05178159146,0.2340439898,-0.1822623983,1.133955498,0.2692441686,1.123445258,1.144465738,0.6144913056,0.3902670384,0.3772851162,0.9667357965,0.4833333333,0.6923076923,9,2.941346788,2.822600167,2.565448372,0.1140509755,0.0909766148,1.058594081,0.5470751249,0.03796250358,0.1536529366,1.277452521,14.5,5.166666667,9.333333333
wired_internet_13,Speaker 1 (Jim Kurose),Speaker 3 (Teenager),53,46,7,0.5509374332,0.19901886,-0.0109798381,1.124045923,0.912952303,1.124045923,0.1031065675,0.2829421725,-0.179835605,1.180286177,0.1909369303,1.11464652,1.245925833,0.7005926201,0.1741151865,0.1769748713,1.016424098,0.1956521739,1,7,2.648012373,2.585928169,1.842370993,0.1111044711,0.09983439378,0.7001632881,0.466032565,0.02752541705,0.2463594134,1.235615149,3.888888889,2.666666667,1.222222222
wired_internet_14,Speaker 1 (Jim Kurose),Speaker 4 (College Student),62,46,16,0.4355886298,0.2048404966,-0.009326332197,1.062470922,0.9396776357,1.062470922,0.1231979542,0.2562866406,-0.1330886864,1.192080851,0.2242513271,1.137360124,1.250449626,0.5957183849,0.318099703,0.3154885583,0.9917914268,0.5,0.875,8,2.829144173,2.818846816,2.75,0.01945267465,0.01536524324,0.8380459145,0.4496856322,0.03541707112,0.1983392532,1.270010187,7.564102564,3.076923077,4.487179487
wired_internet_15,Speaker 5 (Graduate Student),Speaker 1 (Jim Kurose),37,22,15,0.5416092281,0.2396625636,-0.019552441,1.09212122,1.022397858,1.09212122,0.2314959986,0.2244818182,0.007014180464,1.189456288,0.16375324,1.202023655,1.176888921,0.6518456169,0.4934351139,0.4831713501,0.9791993648,0.5,0.8,6,2.454641182,2.46514512,2.232262897,0.05816043735,0.04894485109,0.8193039979,0.5183338825,0.1148551143,0.1081970713,1.243369791,3.75,3.357142857,0.3928571429
wired_internet_16,Speaker 6 (Expert),Speaker 1 (Jim Kurose),72,45,27,0.3883351101,0.2059420277,-0.007983803909,1.064938936,1.019319265,1.064938936,0.131992554,0.1788597013,-0.04686714732,1.197648523,0.1333948745,1.21230098,1.184042669,0.662623919,0.4352012549,0.4310214293,0.9903956491,0.5111111111,0.8888888889,8,2.907644241,2.841824078,2.740793413,0.07188398047,0.05370510673,0.9717573701,0.4932591664,0.0478673788,0.07109417345,1.212238109,4.576923077,4,0.5769230769
wired_moravec_12,Speaker 1 (Chelsea Finn),Speaker 2 (Child),50,34,16,0.5566962627,0.145852639,-0.007690606684,0.980807507,0.8487362851,0.980807507,0.03164831832,0.1935989906,-0.1619506723,1.196429156,0.1789798333,1.171063748,1.221794563,0.7361157884,0.1993500305,0.2101227916,1.054039425,0.2941176471,0.9375,7,2.625248908,2.488334052,2.052421284,0.1915906927,0.1566209,0.8923947277,0.4984105308,0.05337361684,0.07520028083,1.269511661,9.107142857,3.076923077,6.03021978
wired_moravec_13,Speaker 1 (Chelsea Finn),Speaker 3 (Teen),58,43,15,0.5057550421,0.1824367019,-0.00981060746,0.9991945908,0.7319433729,0.9991945908,0.09238758769,0.2226922322,-0.1303046445,1.197981491,0.1726285175,1.174704646,1.223048863,0.5732865548,0.4915669792,0.4824976015,0.9815500674,0.6744186047,0.6666666667,8,2.92744204,2.956195001,2.146465799,0.1252238058,0.09629795031,0.8047284764,0.4243789013,0.03737771036,0.1122114741,1.260268228,5.441176471,3.545454545,1.895721925
wired_moravec_14,Speaker 1 (Chelsea Finn),Speaker 4 (College Student),49,34,15,0.4332824578,0.1742004024,-0.01074718103,0.9656874091,0.9313099615,0.9656874091,0.1373231391,0.2636059488,-0.1262828096,1.099119251,0.2762838061,1.014735045,1.183503458,0.5785946469,0.4344869875,0.4330139095,0.9966096155,0.5588235294,0.8,7,2.448027134,2.271327372,2.472905595,0.07970647988,0.06892621215,0.6879563024,0.4348406002,0.03156706146,0.1311233504,1.162041249,5.222222222,8.5,-3.277777778
wired_moravec_15,Speaker 5 (Grad Student),Speaker 1 (Chelsea Finn),37,20,17,0.5063302978,0.2029320769,-0.01655427458,1.023370176,0.9479507104,1.023370176,0.1278124367,0.2775376799,-0.1497252431,1.218271114,0.15109327,1.258048117,1.182913778,0.4963340446,0.5143194374,0.4439912081,0.8945411117,0.8,0.4117647059,6,2.462888259,2.446439345,2.094856784,0.1233710818,0.1029378835,0.7996702562,0.5055458593,0.07864765324,0.09509416905,1.181758519,3.533333333,3.272727273,0.2606060606
wired_moravec_16,Speaker 6 (Expert),Speaker 1 (Chelsea Finn),53,34,19,0.4792828865,0.2080986473,-0.01174082609,1.068951516,1.033491691,1.068951516,0.1522436507,0.2340659587,-0.081822308,1.17944467,0.170302557,1.12770408,1.231185259,0.5598415135,0.4686557908,0.3936534382,0.839962817,0.6176470588,0.6842105263,7,2.583963691,2.486925318,2.504800383,0.06282015838,0.0514158225,0.9394837466,0.548701309,0.05468766499,0.1262115591,1.214215504,7.592592593,12,-4.407407407
wired_sensing_12,Speaker 1 (Sekhar Ramanathan),Speaker 2 (Child),52,36,16,0.4806673795,0.271745414,-0.01587336558,0.9382375002,0.7962751749,0.9382375002,0.117780673,0.3021582717,-0.1843775987,1.199150033,0.1864179998,1.216052155,1.182247911,0.6691457533,0.5039737476,0.5076945909,1.00738301,0.6111111111,1,7,2.719483355,2.693299571,2.483458593,0.06290327197,0.05027748871,0.6620026527,0.3648286441,0.07150502074,0.1233395896,1.231703377,9.214285714,3,6.214285714
wired_sensing_13,Speaker 1 (Sekhar Ramanathan),Speaker 3 (Teen),90,55,35,0.4142863726,0.1245317882,-0.001252276031,0.9290437544,0.606495015,0.9290437544,0.0642120938,-0.0297512565,0.09396335029,1.243528749,0.2405053061,1.265169162,1.221888337,0.761546196,0.6697455971,0.6671775653,0.9961656608,0.6909090909,0.9714285714,9,3.066973276,3.011323988,2.692591231,0.1244898682,0.08910870596,0.6360001908,0.3070384642,0.02062521122,0.03263130498,1.289265092,8.130434783,7.705882353,0.4245524297
wired_sensing_14,Speaker 1 (Sekhar Ramanathan),Speaker 4 (College Student),56,37,19,0.4267394451,0.190246752,-0.007998221535,0.9106917298,0.8465527708,0.9106917298,0.06965300813,0.2118314589,-0.1421784508,1.151812711,0.3148580816,1.219373704,1.084251717,0.5715550319,0.5634298007,0.5032274816,0.8931502754,0.5945945946,0.7894736842,7,2.621932649,2.47304263,2.610063541,0.0709788125,0.05775457946,0.803415667,0.4357631087,0.03898706299,0.09128760123,1.2126968,6.71875,5,1.71875
wired_sensing_15,Speaker 5 (Grad Student),Speaker 1 (Sekhar Ramanathan),55,28,27,0.4284210724,0.18603646,-0.009135371836,0.9326717357,0.8796215709,0.9326717357,0.1819686715,0.1711838533,0.01078481825,1.209003877,0.1508783717,1.200665621,1.217342133,0.591861664,0.65060111,0.5827845601,0.9846634705,0.8214285714,0.7407407407,7,2.712136877,2.561145887,2.609845022,0.08808801498,0.06847393361,0.7448751594,0.4031472158,0.06351741608,0.07256536746,1.216489024,7.958333333,4.529411765,3.428921569
wired_sensing_16,Speaker 6 (Expert),Speaker 1 (Sekhar Ramanathan),58,36,22,0.4811807153,0.2187231222,-0.01061304275,1.010966419,0.7602744351,1.010966419,0.181418692,0.1949154134,-0.01349672147,1.259414899,0.263042042,1.293248629,1.225581169,0.6122154043,0.6626362862,0.5841446641,0.9541489155,0.8888888889,0.7272727273,8,2.843211416,2.702454962,2.772185461,0.07923154336,0.06014944765,0.9791367538,0.4866536577,0.04542733104,0.1234622484,1.242272156,10.4516129,3.333333333,7.11827957
wired_blockchain_12,Speaker 1 (Bettina Warburg),Speaker 2 (Child),19,11,8,0.6527804705,0.1639853783,-0.02703816934,1.116138166,1.115019555,1.116138166,0.1443238644,0.3348790746,-0.1905552101,1.24514645,0.2125608354,1.193060264,1.314594697,0.4535714474,0.5487685883,0.2883920449,0.6358249545,0.4545454545,0,4,1.899022751,1.67673703,1.548794941,0.1914168045,0.1917109126,0.4848660531,0.4765989442,0.1228438321,0.1487665337,1.26719476,5,2.75,2.25
wired_blockchain_13,Speaker 1 (Bettina Warburg),Speaker 3 (Teen - Ian),32,22,10,0.5562489335,0.2042265429,-0.01699376652,1.121447935,0.9602812257,1.121447935,0.1813691026,0.2215523999,-0.04018329725,1.25142306,0.1052391869,1.266616869,1.236229252,0.6148645996,0.3873585395,0.3459215126,0.8930266855,0.2727272727,0.7,6,2.490507421,2.219240141,2.246439345,0.182136572,0.1551832198,0.7867012379,0.4565848947,0.06255213898,0.2124113607,1.25104463,4.714285714,5.8,-1.085714286
wired_blockchain_14,Speaker 1 (Bettina Warburg),Speaker 4 (College Student),23,20,3,0.6848127224,0.1721704883,-0.02359640876,1.114995967,1.000630655,1.114995967,0.1405692506,0.503892924,-0.3633236734,1.196455751,0.1750983742,1.078463221,1.314448281,0.5936004143,0.2697090022,0.260783993,0.9669087457,0.3,0.6666666667,5,2.196353807,2.147730922,1.584962501,0.08458299074,0.08858671963,0.8675632285,0.6524693143,0.09280407957,,1.153863534,3.166666667,3,0.1666666667
wired_blockchain_15,Speaker 5 (Grad Student),Speaker 1 (Bettina Warburg),36,19,17,0.5281837926,0.2300537064,-0.01793046077,1.097704551,1.018528464,1.097704551,0.2039875581,0.1611780254,0.04280953275,1.216941287,0.1178130518,1.18133775,1.252544823,0.5796755772,0.4323661852,0.3253751381,0.7525452943,0.4736842105,0.4705882353,6,2.401651589,2.266270437,2.011920929,0.1770926183,0.1503140753,0.5718541947,0.4220034566,0.1210691517,0.09105903039,1.213917382,3.083333333,3.3,-0.2166666667
wired_blockchain_16,Speaker 6 (Expert),Speaker 1 (Bettina Warburg),69,44,25,0.5024307949,0.1470258495,-0.006953158792,1.083668814,1.006956164,1.083668814,0.1161465049,0.2240757873,-0.1079292825,1.172567867,0.1905454663,1.229990158,1.115145575,0.6000352115,0.3845639127,0.3223896245,0.8383252142,0.5227272727,0.68,8,2.881480877,2.728210384,2.172878689,0.2457051689,0.1852958455,0.8931167637,0.5525877442,0.04649372872,0.06391424685,1.216235911,13.47222222,13.76470588,-0.2924836601
wired_sleep_12,Speaker 1 (Aric Prather),Speaker 2 (Christopher),55,29,26,0.4910868952,0.172016424,-0.006257037831,0.9955238376,1.073369429,1.073369429,0.03018320365,0.167711196,-0.1375279923,1.197394524,0.1581956396,1.225182355,1.168495179,0.615996971,0.5498134316,0.4392727523,0.7989487471,0.4827586207,0.4615384615,7,2.670428549,2.362100291,2.560991529,0.1485462545,0.1168432438,0.6876667732,0.3683391928,0.04423385398,0.07883977077,1.263407165,3.653846154,4,-0.3461538462
wired_sleep_13,Speaker 1 (Aric Prather),Speaker 3 (Dwayne),44,25,19,0.5133778745,0.09416878694,-0.003065368128,0.9472884088,1.045885368,1.045885368,-0.008201474533,0.1739647191,-0.1821661937,1.146146802,0.1883966435,1.133238717,1.159772004,0.3280300816,0.4916425471,0.2388481525,0.7281288085,0.44,0.4736842105,7,2.507742915,1.985046417,2.549787382,0.1932709776,0.159592522,0.7553385937,0.4184609494,0.0438729952,0.1198570652,1.239045488,4.64,1,3.64
wired_sleep_14,Speaker 1 (Aric Prather),Speaker 4 (College Student),29,18,11,0.5369777602,0.2015827856,-0.0176468917,0.9727655507,0.9791885501,0.9791885501,0.05720336339,0.2855557273,-0.2283523639,1.135545971,0.2100529254,1.086132371,1.189900932,0.7219301792,0.594899732,0.518503441,0.8715812315,0.5,0.4545454545,5,2.250752013,1.96938942,1.980825936,0.1920188236,0.1726921609,0.8014324464,0.5157606755,0.09613644173,0.1982169436,1.198872697,3,2,1
wired_sleep_15,Speaker 1 (Aric Prather),Speaker 5 (Mave),30,19,11,0.5083075555,0.2381581405,-0.01961550856,0.8859201257,0.854131523,0.8859201257,0.04643618224,0.3540876343,-0.3076514521,1.042520993,0.2272398452,0.9148889661,1.17015302,0.5758913062,0.5409974322,0.4533092174,0.8379138059,0.5263157895,0.4545454545,5,2.063458299,2.009541986,1.858555212,0.07574582739,0.07257300585,0.4828303159,0.3673568276,0.07017908913,0.1416245219,1.114421575,4.117647059,6.142857143,-2.025210084
wired_sleep_16,Speaker 1 (Aric Prather),Speaker 6 (Yue),21,13,8,0.5471853193,0.2135412859,-0.03180769471,0.8837708983,0.8465348317,0.8837708983,0.3043223785,0.1304764361,0.1738459424,0.9988574498,0.2271435376,0.9546713438,1.043043556,0.783140673,0.4950858891,0.5044967935,1.01900863,0.4615384615,0.875,5,2.004747638,1.88109476,1.905639062,0.07922857152,0.07714137239,0.8465072669,0.5756132295,0.1052302386,0.246828061,0.9412284521,1.2,2.5,-1.3
wired_laser_12,Speaker 1 (Donna Strickland),Speaker 2 (Harmoni - Child),73,55,18,0.5825950751,0.1488827881,-0.00492672576,0.9744559612,0.656386798,0.9744559612,0.07842288045,0.07337535467,0.005047525778,1.082117433,0.3636201495,1.138501871,1.025732995,0.5123206825,0.5069356092,0.4073129018,0.8034805495,0.6181818182,0.5555555556,9,2.755511099,2.66001689,2.46132014,0.1001513996,0.08114299724,0.7806504401,0.4290175048,0.02321211902,0.0981359986,1.247117173,8.051282051,4.470588235,3.580693816
wired_laser_13,Speaker 1 (Donna Strickland),Speaker 3 (Eli Kaplan - Teenager),76,56,20,0.4916709075,0.2392291674,-0.009724118487,0.988711221,0.9285088519,0.988711221,0.095658082,0.2978083296,-0.2021502476,1.195655919,0.1572376497,1.209399799,1.180766716,0.7106595414,0.5814613431,0.5483981732,0.9431378022,0.7678571429,0.85,9,3.004231092,2.857135935,2.595461844,0.1496898193,0.1126034108,0.795358531,0.4441553202,0.05216472408,0.1440134709,1.197436379,9.755555556,7.4375,2.318055556
wired_laser_14,Speaker 1 (Donna Strickland),Speaker 4 (Caitlin - Student),64,50,14,0.5266874682,0.1443644895,-0.003299666893,1.078633109,0.9922420206,1.078633109,-0.01396562555,0.339095492,-0.3530611175,1.207856287,0.1653193979,1.180704034,1.239533915,0.6923904599,0.3426685318,0.3520253424,1.027305719,0.38,0.9285714286,8,2.881204246,2.691483485,2.502736172,0.1601234006,0.126960146,0.8848792264,0.5293621237,0.03470826744,0.1626109749,1.278602912,13.53191489,2.555555556,10.97635934
wired_laser_15,Speaker 1 (Donna Strickland),Speaker 5 (Aditya - Grad Student),72,49,23,0.375490408,0.1769592706,-0.006575924597,1.067190054,1.023228929,1.067190054,0.1162907813,0.2026511082,-0.08636032685,1.142213524,0.1787515013,1.101754152,1.186351022,0.647512074,0.4133415954,0.3402486515,0.8231657671,0.4693877551,0.8695652174,8,2.854776928,2.729992063,2.425098369,0.1540044535,0.1182271202,0.8973924146,0.4761912471,0.04499639225,0.05764168188,1.244806366,8.722222222,3.235294118,5.486928105
wired_laser_16,Speaker 6 (Mike Campbell),Speaker 1 (Donna Strickland),188,117,71,0.3063011016,0.1445899958,-0.001828730248,0.9861916995,0.9495332625,0.9861916995,0.06350444642,0.1170904818,-0.05358603541,1.228893787,0.2545661128,1.22448109,1.233527119,0.6388688079,0.6644321825,0.6153717517,0.9632208431,0.9572649573,0.9014084507,12,3.321651631,3.25554652,3.120436967,0.081188695,0.05475917405,0.8692168419,0.4107921132,0.01331272675,0.02285664197,1.267416986,16.69026549,9.206349206,7.48391628
wired_crispr_12,Speaker 1 (Neville Sanjana),Speaker 2 (Tegan - Child),24,16,8,0.7175926781,0.182905127,-0.02440627516,1.11542791,1.071043853,1.11542791,0.2657689194,0.2726483962,-0.006879476784,1.231114546,0.1663046169,1.206784886,1.260310137,0.5892927564,0.2448454825,0.1621303514,0.6621741588,0.3125,0.375,5,2.182931647,2.257856064,1.405639062,0.144970289,0.1348807324,0.9164648855,0.6242353751,0.1652790459,0.1592604196,1.256951269,6.8,3.833333333,2.966666667
wired_crispr_13,Speaker 1 (Neville Sanjana),Speaker 3 (Bella - Teenager),36,23,13,0.6840810422,0.2514332196,-0.02188121814,1.07256314,1.080487752,1.080487752,0.2002214978,0.2661016487,-0.06588015086,1.207465007,0.1368691648,1.232242446,1.182687568,0.6204909362,0.1919935506,0.1402100211,0.7302850575,0.1304347826,0.5384615385,6,2.429780476,2.226652329,2.133937566,0.1640044995,0.1402796781,0.5867070453,0.4492339764,0.08698939348,0.180824764,1.264755631,5.666666667,8.416666667,-2.75
wired_crispr_14,Speaker 1 (Neville Sanjana),Speaker 4 (Christopher - Student),33,17,16,0.5866133873,0.22657327,-0.02230899743,1.043718413,1.01719595,1.043718413,0.2513908255,0.1786422786,0.07274854691,1.170311873,0.211661574,1.118860118,1.23033892,0.5901134382,0.3814348063,0.317446164,0.8322422569,0.3529411765,0.4375,6,2.520630104,2.25690899,2.227217001,0.1927761736,0.1580226074,1.164543452,0.6831010784,0.1419886502,0.1384364219,1.238001258,2.363636364,4.416666667,-2.053030303
wired_crispr_15,Speaker 5 (Lauren Schiff),Speaker 1 (Neville Sanjana),41,22,19,0.470645755,0.1861764606,-0.01378791529,1.054258234,1.04099175,1.054258234,0.2365508944,0.1734403785,0.06311051589,1.249140753,0.1301620272,1.242816976,1.254199774,0.4755145826,0.5664629642,0.3987343083,0.8385322405,0.5,0.7368421053,6,2.56171809,2.572623664,2.439268146,0.03527656468,0.0286090128,0.9445795819,0.6322970796,0.08122461813,0.09815256894,1.238194864,6,4.882352941,1.117647059
wired_crispr_16,Speaker 6 (Matthew Canver),Speaker 1 (Neville Sanjana),136,72,64,0.3200529819,0.1834004853,-0.00356970958,0.9815065356,0.9530235402,0.9815065356,0.09907352508,0.1395755465,-0.04050202144,1.233005847,0.1713368637,1.173704627,1.292307067,0.5894654268,0.5993987787,0.5436609082,0.9222948174,0.7083333333,0.875,12,3.449712144,3.361635808,3.258937396,0.09454874169,0.06134401429,1.394742719,0.6092687136,0.02261512517,0.02341292273,1.206592596,13.13636364,8.215686275,4.920677362
wired_neuro_12,Speaker 1 (Dr. Bobby Kasthuri),Speaker 2 (Daniel Dodson),36,30,6,0.4910934741,0.1693405593,-0.01185640927,1.108628436,0.9026276656,1.108628436,0.126101569,0.3695160053,-0.2434144363,1.277933533,0.0663430951,1.301689411,1.254177655,0.5994552301,0.1222532118,0.1248984352,1.021637251,0.2,1,6,2.50863438,2.498929564,1.918295834,0.07380430482,0.06741922991,0.5493061443,0.469278726,0.04685853308,0.3211133606,1.215708985,5,3.5,1.5
wired_neuro_13,Speaker 1 (Dr. Bobby Kasthuri),Speaker 3 (Jabez Griggs),27,19,8,0.6912129834,0.176615292,-0.02050720621,1.184190243,1.168106483,1.184190243,0.2194492661,0.3609343158,-0.1414850497,1.271821567,0.1427172686,1.074185869,1.370639417,0.559778962,0.1962248246,0.1508437052,0.7687289596,0.1052631579,0.75,5,2.095126853,1.812945276,1.905639062,0.176556198,0.1714200508,0,0,0.07688579452,0.3049102602,1.258266208,7.083333333,5.714285714,1.369047619
wired_neuro_14,Speaker 1 (Dr. Bobby Kasthuri),Speaker 4 (Elena Dowling),35,23,12,0.5535527174,0.2066904627,-0.01762000586,1.070201281,1.04851515,1.070201281,0.1809617879,0.3503076896,-0.1693459017,1.299146367,0.1038374709,1.326524685,1.271768049,0.5743057597,0.4146696682,0.3947021281,0.9518471167,0.4347826087,0.6666666667,6,2.434013796,2.33379987,2.459147917,0.03967397874,0.03405430002,1.011404265,0.7216162598,0.06015419836,0.2310065293,1.23700068,6.6,6.444444444,0.1555555556
wired_neuro_15,Speaker 5 (Mala Ananth),Speaker 1 (Dr. Bobby Kasthuri),55,31,24,0.5596786447,0.226698645,-0.01236032016,1.132572867,1.122042059,1.132572867,0.133880813,0.2499674127,-0.1160865997,1.281018923,0.07940320238,1.273177958,1.288859889,0.452325325,0.5551208001,0.3556487938,0.7862677017,0.4838709677,0.625,7,2.60667744,2.497584119,2.266150648,0.1456180728,0.1168760765,0.9956732067,0.6707863518,0.05950040201,0.08317153643,1.276150395,9.961538462,8,1.961538462
wired_neuro_16,Speaker 1 (Dr. Bobby Kasthuri),Speaker 6 (Russell Hanson),84,43,41,0.3477160835,0.1559647401,-0.005422087254,1.101609615,1.078851322,1.101609615,0.158044611,0.1930431547,-0.03499854371,1.309588645,0.05249380949,1.308073036,1.311104254,0.4410620178,0.5779532008,0.4294873403,0.9737572563,0.9534883721,0.7804878049,9,2.973804866,2.989732198,2.809710922,0.04986514382,0.03621093771,0.9955521325,0.528404946,0.03101091044,0.0410930725,1.265689408,8.282051282,12.30555556,-4.023504274