metric,target,partial_r,p,q_fdr,n,dof,k_controls,controls_used
centroid_dist_mean,expertise_gap_abs,0.37829093103014666,0.002880657086681504,0.0912208077449143,64,58,4,"n_utterances,n_A,n_B,align_eps"
centroid_dist_mean,expertise_gap_signed,-0.37829093103014666,0.002880657086681504,0.0912208077449143,64,58,4,"n_utterances,n_A,n_B,align_eps"
centroid_dist_mean,align_lag_asymmetry_AminusB,0.19514360140919218,0.13512734354907185,0.3966922964980302,64,58,4,"n_utterances,n_A,n_B,align_eps"
centroid_dist_mean,influence_asymmetry_AminusB,-0.05757718322913632,0.6621317330526666,0.8936865894433967,64,58,4,"n_utterances,n_A,n_B,align_eps"
centroid_dist_mean,n_utterances,-0.048737413688033804,0.709149701660575,0.8959242664338452,64,59,3,"n_A,n_B,align_eps"
centroid_dist_slope,expertise_gap_abs,-0.23841630499257999,0.06658449837613434,0.3966922964980302,64,58,4,"n_utterances,n_A,n_B,align_eps"
centroid_dist_slope,expertise_gap_signed,0.23841630499257999,0.06658449837613434,0.3966922964980302,64,58,4,"n_utterances,n_A,n_B,align_eps"
centroid_dist_slope,align_lag_asymmetry_AminusB,-0.03991366908027842,0.7620522483749812,0.9128230667025476,64,58,4,"n_utterances,n_A,n_B,align_eps"
centroid_dist_slope,influence_asymmetry_AminusB,0.07852337188025131,0.5509304268609734,0.8447490533535603,64,58,4,"n_utterances,n_A,n_B,align_eps"
centroid_dist_slope,n_utterances,0.02488149251033062,0.849042863650785,0.9506408286227548,64,59,3,"n_A,n_B,align_eps"
centroid_dist_std,expertise_gap_abs,-0.0036492307213342495,0.9779235347531055,0.980208772188717,64,58,4,"n_utterances,n_A,n_B,align_eps"
centroid_dist_std,expertise_gap_signed,0.0036492307213342495,0.9779235347531055,0.980208772188717,64,58,4,"n_utterances,n_A,n_B,align_eps"
centroid_dist_std,align_lag_asymmetry_AminusB,-0.26462253548778886,0.04103077942335731,0.35435673138354046,64,58,4,"n_utterances,n_A,n_B,align_eps"
centroid_dist_std,influence_asymmetry_AminusB,0.04078382970560944,0.7570222523237846,0.9128230667025476,64,58,4,"n_utterances,n_A,n_B,align_eps"
centroid_dist_std,n_utterances,-0.047327255027295394,0.7172072546677637,0.8959242664338452,64,59,3,"n_A,n_B,align_eps"
cross_nn_A_to_B,expertise_gap_abs,-0.059657113468602044,0.6507036550694156,0.8936865894433967,64,58,4,"n_utterances,n_A,n_B,align_eps"
cross_nn_A_to_B,expertise_gap_signed,0.059657113468602044,0.6507036550694156,0.8936865894433967,64,58,4,"n_utterances,n_A,n_B,align_eps"
cross_nn_A_to_B,align_lag_asymmetry_AminusB,0.20694427681350655,0.11262817155781435,0.3966922964980302,64,58,4,"n_utterances,n_A,n_B,align_eps"
cross_nn_A_to_B,influence_asymmetry_AminusB,-0.05878430002282395,0.6554897458576043,0.8936865894433967,64,58,4,"n_utterances,n_A,n_B,align_eps"
cross_nn_A_to_B,n_utterances,0.0716522991031636,0.5831762692673848,0.8656522746937743,64,59,3,"n_A,n_B,align_eps"
cross_nn_B_to_A,expertise_gap_abs,-0.31229546337049485,0.015130542082650633,0.23956691630863503,64,58,4,"n_utterances,n_A,n_B,align_eps"
cross_nn_B_to_A,expertise_gap_signed,0.31229546337049485,0.015130542082650633,0.23956691630863503,64,58,4,"n_utterances,n_A,n_B,align_eps"
cross_nn_B_to_A,align_lag_asymmetry_AminusB,0.1926247260013896,0.1403400868162421,0.3966922964980302,64,58,4,"n_utterances,n_A,n_B,align_eps"
cross_nn_B_to_A,influence_asymmetry_AminusB,-0.0639795917880927,0.6272105488507387,0.8936865894433967,64,58,4,"n_utterances,n_A,n_B,align_eps"
cross_nn_B_to_A,n_utterances,0.04969822954294278,0.7036777032441359,0.8959242664338452,64,59,3,"n_A,n_B,align_eps"
hausdorff_AB,expertise_gap_abs,-0.18919837192344757,0.14767072113482538,0.3966922964980302,64,58,4,"n_utterances,n_A,n_B,align_eps"
hausdorff_AB,expertise_gap_signed,0.18919837192344757,0.14767072113482538,0.3966922964980302,64,58,4,"n_utterances,n_A,n_B,align_eps"
hausdorff_AB,align_lag_asymmetry_AminusB,0.2693959701877077,0.03738925538880111,0.35435673138354046,64,58,4,"n_utterances,n_A,n_B,align_eps"
hausdorff_AB,influence_asymmetry_AminusB,-0.014572217512463211,0.9120070812221264,0.9520953045725494,64,58,4,"n_utterances,n_A,n_B,align_eps"
hausdorff_AB,n_utterances,0.05294799618221547,0.6852817231061856,0.8936865894433967,64,59,3,"n_A,n_B,align_eps"
turn_jump_mean,expertise_gap_abs,-0.08361683075499629,0.5253096280311484,0.8430697349060395,64,58,4,"n_utterances,n_A,n_B,align_eps"
turn_jump_mean,expertise_gap_signed,0.08361683075499629,0.5253096280311484,0.8430697349060395,64,58,4,"n_utterances,n_A,n_B,align_eps"
turn_jump_mean,align_lag_asymmetry_AminusB,-0.12907803839152882,0.325646140843852,0.6445079870867905,64,58,4,"n_utterances,n_A,n_B,align_eps"
turn_jump_mean,influence_asymmetry_AminusB,0.046160716996484545,0.7261701948990114,0.8959242664338452,64,58,4,"n_utterances,n_A,n_B,align_eps"
turn_jump_mean,n_utterances,0.003243323072674827,0.9802087721887169,0.980208772188717,64,59,3,"n_A,n_B,align_eps"
entropy_total,expertise_gap_abs,-0.19455903009523484,0.13632391545735367,0.3966922964980302,64,58,4,"n_utterances,n_A,n_B,align_eps"
entropy_total,expertise_gap_signed,0.19455903009523484,0.13632391545735367,0.3966922964980302,64,58,4,"n_utterances,n_A,n_B,align_eps"
entropy_total,align_lag_asymmetry_AminusB,-0.27116344853370195,0.03611073002414833,0.35435673138354046,64,58,4,"n_utterances,n_A,n_B,align_eps"
entropy_total,influence_asymmetry_AminusB,0.23142140831355018,0.0752214857759792,0.3966922964980302,64,58,4,"n_utterances,n_A,n_B,align_eps"
entropy_total,n_utterances,0.01459998286095787,0.9110799960095182,0.9520953045725494,64,59,3,"n_A,n_B,align_eps"
entropy_A,expertise_gap_abs,-0.17325138110769261,0.18556774236949547,0.42997403719761146,64,58,4,"n_utterances,n_A,n_B,align_eps"
entropy_A,expertise_gap_signed,0.17325138110769261,0.18556774236949547,0.42997403719761146,64,58,4,"n_utterances,n_A,n_B,align_eps"
entropy_A,align_lag_asymmetry_AminusB,-0.3258531284248742,0.011062744094565868,0.23956691630863503,64,58,4,"n_utterances,n_A,n_B,align_eps"
entropy_A,influence_asymmetry_AminusB,0.08531986290169782,0.5168776382553624,0.8430697349060395,64,58,4,"n_utterances,n_A,n_B,align_eps"
entropy_A,n_utterances,0.006452946827395587,0.9606348205359196,0.980208772188717,64,59,3,"n_A,n_B,align_eps"
entropy_B,expertise_gap_abs,-0.19886284183790537,0.12769870753416468,0.3966922964980302,64,58,4,"n_utterances,n_A,n_B,align_eps"
entropy_B,expertise_gap_signed,0.19886284183790537,0.12769870753416468,0.3966922964980302,64,58,4,"n_utterances,n_A,n_B,align_eps"
entropy_B,align_lag_asymmetry_AminusB,-0.16174507508799388,0.21695506622664973,0.4877987541981749,64,58,4,"n_utterances,n_A,n_B,align_eps"
entropy_B,influence_asymmetry_AminusB,0.21456228408456424,0.09970905562298005,0.3966922964980302,64,58,4,"n_utterances,n_A,n_B,align_eps"
entropy_B,n_utterances,0.015277032057929536,0.9069743334727376,0.9520953045725494,64,59,3,"n_A,n_B,align_eps"
entropy_slope_A,expertise_gap_abs,0.05314697339861829,0.6867275897828207,0.8936865894433967,64,58,4,"n_utterances,n_A,n_B,align_eps"
entropy_slope_A,expertise_gap_signed,-0.05314697339861829,0.6867275897828207,0.8936865894433967,64,58,4,"n_utterances,n_A,n_B,align_eps"
entropy_slope_A,align_lag_asymmetry_AminusB,0.11993216660672015,0.36137472397915715,0.7006244648575497,64,58,4,"n_utterances,n_A,n_B,align_eps"
entropy_slope_A,influence_asymmetry_AminusB,0.09772012627937868,0.45760618561964606,0.8202375025257806,64,58,4,"n_utterances,n_A,n_B,align_eps"
entropy_slope_A,n_utterances,-0.08786333782216854,0.5007297900035241,0.8430697349060395,64,59,3,"n_A,n_B,align_eps"
entropy_slope_B,expertise_gap_abs,0.18772845274330097,0.15450121021502228,0.3966922964980302,63,57,4,"n_utterances,n_A,n_B,align_eps"
entropy_slope_B,expertise_gap_signed,-0.18772845274330097,0.15450121021502228,0.3966922964980302,63,57,4,"n_utterances,n_A,n_B,align_eps"
entropy_slope_B,align_lag_asymmetry_AminusB,0.20189418165892392,0.1251682994578569,0.3966922964980302,63,57,4,"n_utterances,n_A,n_B,align_eps"
entropy_slope_B,influence_asymmetry_AminusB,-0.3871292145742042,0.0024533378807434225,0.0912208077449143,63,57,4,"n_utterances,n_A,n_B,align_eps"
entropy_slope_B,n_utterances,0.1034759206114604,0.4314132533170547,0.8036129228454941,63,58,3,"n_A,n_B,align_eps"
mi_speaker_cluster,expertise_gap_abs,0.18733620344300306,0.15177244156672365,0.3966922964980302,64,58,4,"n_utterances,n_A,n_B,align_eps"
mi_speaker_cluster,expertise_gap_signed,-0.18733620344300306,0.15177244156672365,0.3966922964980302,64,58,4,"n_utterances,n_A,n_B,align_eps"
mi_speaker_cluster,align_lag_asymmetry_AminusB,0.21373562131532123,0.10105260456951437,0.3966922964980302,64,58,4,"n_utterances,n_A,n_B,align_eps"
mi_speaker_cluster,influence_asymmetry_AminusB,0.16042065962207083,0.22079312032127918,0.4877987541981749,64,58,4,"n_utterances,n_A,n_B,align_eps"
mi_speaker_cluster,n_utterances,-0.03198734888071706,0.8066706477302505,0.9392606543660627,64,59,3,"n_A,n_B,align_eps"
nmi_speaker_cluster,expertise_gap_abs,0.20478070145027205,0.1165220195368104,0.3966922964980302,64,58,4,"n_utterances,n_A,n_B,align_eps"
nmi_speaker_cluster,expertise_gap_signed,-0.20478070145027205,0.1165220195368104,0.3966922964980302,64,58,4,"n_utterances,n_A,n_B,align_eps"
nmi_speaker_cluster,align_lag_asymmetry_AminusB,0.2588467934142911,0.045823169172819034,0.362766755951484,64,58,4,"n_utterances,n_A,n_B,align_eps"
nmi_speaker_cluster,influence_asymmetry_AminusB,0.09078087001306302,0.4903075373448884,0.8430697349060395,64,58,4,"n_utterances,n_A,n_B,align_eps"
nmi_speaker_cluster,n_utterances,-0.01778658492659747,0.8917782153203335,0.9520953045725494,64,59,3,"n_A,n_B,align_eps"
mi_turn_clusters,expertise_gap_abs,-0.1798648650316393,0.1690806662979476,0.4118631614950006,64,58,4,"n_utterances,n_A,n_B,align_eps"
mi_turn_clusters,expertise_gap_signed,0.1798648650316393,0.1690806662979476,0.4118631614950006,64,58,4,"n_utterances,n_A,n_B,align_eps"
mi_turn_clusters,align_lag_asymmetry_AminusB,0.038767422343543516,0.7686931088021454,0.9128230667025476,64,58,4,"n_utterances,n_A,n_B,align_eps"
mi_turn_clusters,influence_asymmetry_AminusB,0.20839795440755707,0.11006858281283938,0.3966922964980302,64,58,4,"n_utterances,n_A,n_B,align_eps"
mi_turn_clusters,n_utterances,0.022580174099843114,0.8628634038212346,0.9520953045725494,64,59,3,"n_A,n_B,align_eps"
nmi_turn_clusters,expertise_gap_abs,-0.1372765185609439,0.29559217050251707,0.6104620912551983,64,58,4,"n_utterances,n_A,n_B,align_eps"
nmi_turn_clusters,expertise_gap_signed,0.1372765185609439,0.29559217050251707,0.6104620912551983,64,58,4,"n_utterances,n_A,n_B,align_eps"
nmi_turn_clusters,align_lag_asymmetry_AminusB,0.07844880462272444,0.5513099085044288,0.8447490533535603,64,58,4,"n_utterances,n_A,n_B,align_eps"
nmi_turn_clusters,influence_asymmetry_AminusB,0.10914542785339988,0.40646169040964253,0.7722772117783208,64,58,4,"n_utterances,n_A,n_B,align_eps"
nmi_turn_clusters,n_utterances,0.024626283058603836,0.8505733729782543,0.9506408286227548,64,59,3,"n_A,n_B,align_eps"
hull_overlap_ratio_min,expertise_gap_abs,-0.029895806203951356,0.8206172032882442,0.9392606543660627,64,58,4,"n_utterances,n_A,n_B,align_eps"
hull_overlap_ratio_min,expertise_gap_signed,0.029895806203951356,0.8206172032882442,0.9392606543660627,64,58,4,"n_utterances,n_A,n_B,align_eps"
hull_overlap_ratio_min,align_lag_asymmetry_AminusB,-0.14134710840107262,0.28136504682193664,0.6074927147291814,64,58,4,"n_utterances,n_A,n_B,align_eps"
hull_overlap_ratio_min,influence_asymmetry_AminusB,-0.2193717501105223,0.09216563626819041,0.3966922964980302,64,58,4,"n_utterances,n_A,n_B,align_eps"
hull_overlap_ratio_min,n_utterances,0.07279669860250985,0.5771594291791025,0.8656522746937743,64,59,3,"n_A,n_B,align_eps"
containment_A_in_B,expertise_gap_abs,-0.28904611649664547,0.025098076588671914,0.29803965949047895,64,58,4,"n_utterances,n_A,n_B,align_eps"
containment_A_in_B,expertise_gap_signed,0.28904611649664547,0.025098076588671914,0.29803965949047895,64,58,4,"n_utterances,n_A,n_B,align_eps"
containment_A_in_B,align_lag_asymmetry_AminusB,-0.19054713714301316,0.1447517773084046,0.3966922964980302,64,58,4,"n_utterances,n_A,n_B,align_eps"
containment_A_in_B,influence_asymmetry_AminusB,0.13068097194462924,0.3196230372138933,0.6445079870867905,64,58,4,"n_utterances,n_A,n_B,align_eps"
containment_A_in_B,n_utterances,-0.06725585624818704,0.6065517887393499,0.8864987681575114,64,59,3,"n_A,n_B,align_eps"
containment_B_in_A,expertise_gap_abs,0.08218228326813685,0.5324650957301302,0.8430697349060395,64,58,4,"n_utterances,n_A,n_B,align_eps"
containment_B_in_A,expertise_gap_signed,-0.08218228326813685,0.5324650957301302,0.8430697349060395,64,58,4,"n_utterances,n_A,n_B,align_eps"
containment_B_in_A,align_lag_asymmetry_AminusB,-0.18774023308787266,0.1508754040568796,0.3966922964980302,64,58,4,"n_utterances,n_A,n_B,align_eps"
containment_B_in_A,influence_asymmetry_AminusB,-0.10092627980074477,0.44291002178046934,0.8091625397912421,64,58,4,"n_utterances,n_A,n_B,align_eps"
containment_B_in_A,n_utterances,0.0170344768751002,0.8963286522885845,0.9520953045725494,64,59,3,"n_A,n_B,align_eps"
