convo_id,speaker_A,speaker_B,n_trigrams,n_A,n_B,centroid_dist_mean,centroid_dist_std,centroid_dist_slope,cross_nn_A_to_B,cross_nn_B_to_A,hausdorff_AB,influence_A_toward_B,influence_B_toward_A,influence_asymmetry_AminusB,turn_jump_mean,turn_jump_std,turn_jump_A_to_B_mean,turn_jump_B_to_A_mean,hull_area_A,hull_area_B,hull_overlap_area,hull_overlap_ratio_min,containment_A_in_B,containment_B_in_A,k_clusters,entropy_total,entropy_A,entropy_B,mi_speaker_cluster,nmi_speaker_cluster,mi_turn_clusters,nmi_turn_clusters,entropy_slope_A,entropy_slope_B,align_eps,align_lag_A_to_B,align_lag_B_to_A,align_lag_asymmetry_AminusB,expertise_A,expertise_B,expertise_A_ord,expertise_B_ord,expertise_gap_signed,expertise_gap_abs
wired_blockchain_12,Speaker 1 (Bettina Warburg),Speaker 2 (Child),152,112,40,0.4149226543,0.1483470839,-0.00288977823,1.047107755,0.8881755126,1.047107755,0.07638906018,0.2198126802,-0.14342362,1.308419616,0.04228613572,1.34368094,1.273158292,0.57927414,0.3262047408,0.2669638983,0.81839368,0.5089285714,0.775,12,3.529636752,3.44931397,2.749181459,0.1833846876,0.1213306292,1.039720771,0.8571428571,0.01948716969,0.06681803154,1.213444129,18.74468085,15.25,3.494680851,,Child,,0,,
wired_blockchain_13,Speaker 1 (Bettina Warburg),Speaker 3 (Teen - Ian),312,249,63,0.310968908,0.1324766719,-0.00106292539,1.048213965,0.9268508777,1.048213965,0.06654015608,0.1346054156,-0.06806525954,1.230387514,0.1320664432,1.234654631,1.226120397,0.6291493708,0.3260166671,0.3351507115,1.028017109,0.5662650602,1.0,12,3.450363365,3.479910749,2.757562624,0.08062090016,0.05570306674,1.366158848,0.7447556274,0.006140920751,0.03608763833,1.228146063,57.38586957,15.84126984,41.54459972,,Teen,,1,,
wired_blockchain_14,Speaker 1 (Bettina Warburg),Speaker 4 (College Student),371,325,46,0.3420720922,0.1127909057,-0.0009200982327,1.085462049,0.9528767307,1.085462049,0.052012394,0.181674285,-0.129661891,1.265771535,0.07045859541,1.252410817,1.279132252,0.6708292423,0.2943759235,0.2945302439,1.000524229,0.6215384615,1.0,12,3.515424031,3.507744134,3.095565423,0.0407470823,0.02898595915,0.7803552045,0.606781037,0.003561093053,0.04658218971,1.24413821,65.3106383,13.5,51.8106383,,College Student,,2,,
wired_blockchain_15,Speaker 1 (Bettina Warburg),Speaker 5 (Grad Student),484,296,188,0.2558461816,0.1348210957,-0.0007827920668,0.9627168113,0.9675089116,0.9675089116,0.06661297842,0.08976848449,-0.02315550606,1.273250849,0.09221088981,1.309879646,1.236622052,0.6777571447,0.5702472225,0.5653445765,0.9914025956,0.8885135135,0.9893617021,12,3.539390311,3.499952691,3.291659143,0.08341681915,0.05344904007,1.279854226,0.7432780957,0.004430024267,0.01159135758,1.237252391,34.58201058,29.88297872,4.699031859,,Graduate Student,,3,,
wired_blockchain_16,Speaker 6 (Expert),Speaker 1 (Bettina Warburg),1294,861,433,0.2287436728,0.1270010729,-0.0002952001278,0.9544272235,0.864412552,0.9544272235,0.03702743769,0.08074790999,-0.04372047229,1.277376399,0.07583742964,1.296126245,1.258626554,0.6760804983,0.6345480261,0.623098578,0.9819565304,0.9767711963,0.9769053118,12,3.394536596,3.360383698,3.321003673,0.03280685966,0.02194206379,0.8086717107,0.5089100146,0.000623358922,0.0009629343089,1.249042128,115.675644,65.02909091,50.64655312,Expert,Expert,4.0,4,0.0,0.0
wired_crispr_12,Speaker 1 (Neville Sanjana),Speaker 2 (Tegan - Child),112,105,7,0.5593158769,0.09328426976,-0.001746970717,1.146530492,1.000719427,1.146530492,0.1292264975,0.3984065455,-0.269180048,1.322014004,0.06293927828,1.283924216,1.398193579,0.7061689331,0.1306496688,0.1315457331,1.006858527,0.1714285714,1.0,11,3.40959633,3.397073554,1.664497779,0.08373825279,0.06448488118,0.6365141683,0.7336804367,0.02401061232,0.1886692774,1.254824826,36.38461538,13.16666667,23.21794872,,Child,,0,,
wired_crispr_13,Speaker 1 (Neville Sanjana),Speaker 3 (Bella - Teenager),266,175,91,0.4116173551,0.1776661087,-0.002060980649,1.00942913,0.9511589146,1.00942913,0.07308566613,0.1230476767,-0.04996201061,1.265514313,0.1734731556,1.340583875,1.190444751,0.6369829107,0.3856249139,0.3691028319,0.9571550452,0.7028571429,0.956043956,12,3.27089006,3.364956705,2.448530979,0.1521093595,0.1045558004,0.8116411031,0.5721892503,0.007388368767,0.01886897545,1.245390068,37.78688525,24.83516484,12.95172041,,Teen,,1,,
wired_crispr_14,Speaker 4 (Christopher - Student),Speaker 1 (Neville Sanjana),256,152,104,0.3445968889,0.1917842928,-0.002172986781,1.010032317,0.9435433402,1.010032317,0.07674568086,0.1189254946,-0.04217981377,1.240992322,0.05181109685,1.212889191,1.263474826,0.6241891926,0.6196385389,0.5792948238,0.9348915334,0.8421052632,0.9519230769,12,3.51409754,3.478344781,3.360840315,0.05787012899,0.03720054849,0.6869615766,0.4763642428,0.01305729034,0.02129906286,1.242332612,22.73636364,31.31313131,-8.576767677,,College Student,,2,,
wired_crispr_15,Speaker 1 (Neville Sanjana),Speaker 5 (Lauren Schiff),385,211,174,0.2902754966,0.130762508,-0.000950027411,0.9279823595,0.9256594166,0.9279823595,0.06573352718,0.11429707,-0.0485635428,1.284392008,0.05760214354,1.27026471,1.302051131,0.7406473729,0.6393620146,0.6476840561,1.013016165,0.9099526066,0.9827586207,12,3.450127943,3.337420383,3.356261118,0.072220756,0.04689707409,1.002718265,0.6267101096,0.005260054953,0.009043285592,1.253319575,37.6952381,25.91525424,11.77998386,,Graduate Student,,3,,
wired_crispr_16,Speaker 6 (Matthew Canver),Speaker 1 (Neville Sanjana),1767,935,832,0.1497264156,0.09284620889,-0.0001244854388,0.8271685001,0.8180571155,0.8271685001,0.03075723985,0.04969577999,-0.01893854015,1.278783249,0.1154266206,1.23866675,1.318899747,0.7243227176,0.739600599,0.7078003873,0.9771892695,0.9818181818,0.9831730769,12,3.354466137,3.313497866,3.358478564,0.0137166233,0.009094136933,0.8604299939,0.4460270391,0.0004964270122,0.0005542879462,1.243247279,50.48338692,53.58431373,-3.100926802,,Expert,,4,,
wired_gravity_12,Speaker 1 (Janna Levin),Speaker 2 (Bonét Sofía Kanayet),802,665,137,0.277612993,0.1146633183,-0.0004046501187,0.9799970465,0.7683170885,0.9799970465,0.04934603088,0.1175968225,-0.06825079159,1.200133127,0.2867167955,1.244599019,1.155667236,0.7234449443,0.4918779395,0.4884643494,0.9930600872,0.845112782,1.0,12,3.380802756,3.340640483,3.317810548,0.0305415549,0.02181085818,0.9322626158,0.5239745036,0.001050507831,0.01466943476,1.229030681,109.4287879,14.50649351,94.92229437,,Child,,0,,
wired_gravity_13,Speaker 1 (Janna Levin),Speaker 3 (Maria Teresa Furtado),1310,1079,231,0.245225128,0.08401687451,-0.0001402485649,0.9873770779,0.8505565288,0.9873770779,0.01142773339,0.05294141601,-0.04151368262,1.277259218,0.0711787272,1.301347426,1.25317101,0.5865610632,0.4596450229,0.4600263715,1.000829659,0.9286376274,0.9826839827,12,3.433356255,3.395437815,3.067298649,0.06639043255,0.04666160518,0.6116879075,0.3749063569,0.0005093248585,0.006045874487,1.228084699,189.0676983,20.96226415,168.1054341,,Teen,,1,,
wired_gravity_14,Speaker 1 (Janna Levin),Speaker 4 (Lisa Chan),1163,1061,102,0.2453549214,0.08270085493,-0.0001543414208,1.032222605,0.802996381,1.032222605,0.01317720561,0.1296859266,-0.116508721,1.248573847,0.1182053808,1.235618359,1.261529334,0.6985301053,0.4840262555,0.4873987525,1.006967591,0.8887841659,0.9901960784,12,3.323167149,3.337595036,2.65297444,0.03161875677,0.02431615637,0.6385171297,0.4490092841,0.0007730832325,0.01866801916,1.236027748,223.7238956,17.06097561,206.66292,,College Student,,2,,
wired_gravity_15,Speaker 1 (Janna Levin),Speaker 5 (Will Gyory),853,568,285,0.2008033407,0.1504916452,-0.0004402283713,0.9126293509,0.8361936893,0.9126293509,0.04513816234,0.07407745839,-0.02893929605,1.296741879,0.09589288026,1.283574669,1.31122581,0.6114287401,0.6474629426,0.5962369339,0.975153595,0.963028169,0.9438596491,12,3.507633993,3.493190445,3.435303654,0.02341755256,0.0152638829,0.8770348034,0.495268484,0.001384583486,0.003672996835,1.231412535,61.12966252,27.9527897,33.17687282,,Graduate Student,,3,,
wired_gravity_16,Speaker 1 (Janna Levin),Speaker 6 (Matthew Kleban),3768,2016,1752,0.1399429481,0.08241144606,-4.27e-05,0.847291923,0.8079061512,0.847291923,0.03564374505,0.01735037997,0.01829336508,1.211962545,0.2701145418,1.270619939,1.152155006,0.7262627748,0.6278145895,0.6141985535,0.9783120108,0.9722222222,0.9823059361,12,3.460021514,3.481105261,3.341150514,0.03049206639,0.01974238723,0.8542844844,0.4182030723,0.0001283753188,0.0001948859306,1.246035645,51.22089552,42.12108922,9.099806299,,Expert,,4,,
wired_infinity_12,Speaker 1 (Emily Riehl),Speaker 2 (Child),406,312,94,0.3196075466,0.1504405304,-0.001121710324,0.9159005925,0.7287554939,0.9159005925,0.06972502898,0.1503016611,-0.08057663216,1.259996423,0.124862904,1.199318673,1.326741947,0.6404029045,0.6070417995,0.590569068,0.9728639255,0.9326923077,0.9468085106,12,3.329213749,3.193941746,3.397460388,0.06110225723,0.0428975903,1.062811347,0.5437360114,0.004226785473,0.01786776098,1.226387697,39.26710098,11.25,28.01710098,,Child,,0,,
wired_infinity_13,Speaker 1 (Emily Riehl),Speaker 3 (Teenager),545,464,81,0.3847513147,0.1717082418,-0.0009935498996,0.9659900709,0.8716095697,0.9659900709,0.03763380966,0.144342984,-0.1067091744,1.139473753,0.3492328776,1.228684446,1.035394612,0.7201030161,0.4309787785,0.4361254766,1.011941883,0.7629310345,1.0,12,3.420087786,3.424896562,3.136752112,0.02635093396,0.01888320455,1.225606895,0.6653822479,0.002528240287,0.02715395825,1.234040472,84.54505495,9.666666667,74.87838828,,Teen,,1,,
wired_infinity_14,Speaker 1 (Emily Riehl),Speaker 4 (College Student),1158,973,185,0.2284974621,0.1020365676,-0.0002217888746,0.9364358477,0.7771965624,0.9364358477,0.02215375766,0.1029078659,-0.08075410828,1.198098041,0.275456598,1.224094285,1.172101796,0.6385270957,0.4501491918,0.4545708124,1.009822567,0.8509763618,1.0,12,3.425620768,3.463990512,2.988252349,0.02608543713,0.01854154796,0.6946473584,0.36463257,0.0005471600694,0.005863132549,1.238954415,74.40688019,16.32972973,58.07715046,,College Student,,2,,
wired_infinity_15,Speaker 1 (Emily Riehl),Speaker 5 (Graduate Student),876,592,284,0.2219882359,0.110840149,-0.0003459345094,0.8680929294,0.8416431514,0.8680929294,0.04892964792,0.06501280817,-0.01608316024,1.247868411,0.1570693751,1.263741442,1.23199538,0.6720289803,0.6119364166,0.6164733782,1.007414106,0.9628378378,0.9929577465,12,3.368984092,3.362499428,3.273893575,0.02440624022,0.01646179819,0.8089947103,0.4516101521,0.001283409658,0.005036858181,1.236900216,82.90839695,46.68085106,36.22754588,,Graduate Student,,3,,
wired_infinity_16,Speaker 1 (Emily Riehl),Speaker 6 (Expert),797,415,382,0.2081464855,0.1198216097,-0.0003620024912,0.8848325999,0.8710166699,0.8848325999,0.04688379025,0.07934426015,-0.0324604699,1.284057327,0.06924078562,1.297122846,1.270991808,0.5759757771,0.5818502891,0.5468861086,0.9494949793,0.978313253,0.9554973822,12,3.341320748,3.351208509,3.133974648,0.06531654554,0.04342398094,1.557113098,0.8693032649,0.001832590704,0.002715337808,1.228579229,85.94986072,73.50131234,12.44854839,,Expert,,4,,
wired_laser_12,Speaker 1 (Donna Strickland),Speaker 2 (Harmoni - Child),478,439,39,0.3579791907,0.1068446026,-0.000648970852,1.003289612,0.6395020965,1.003289612,0.03725775651,0.2491889877,-0.2119312311,1.157337354,0.3636759504,1.221427788,1.09324692,0.6221959817,0.4275474078,0.436811563,1.021668136,0.8177676538,0.9487179487,12,3.435758659,3.42172568,3.172488681,0.02382223116,0.01788373921,0.9241962407,0.5421932223,0.001870411514,0.06930948236,1.229226255,122.2236504,6.297297297,115.9263531,,Child,,0,,
wired_laser_13,Speaker 1 (Donna Strickland),Speaker 3 (Eli Kaplan - Teenager),999,830,169,0.2676538718,0.1027599516,-0.000296669543,0.95059343,0.814546192,0.95059343,0.02474313925,0.1339993327,-0.1092561935,1.25679231,0.08451577305,1.302937238,1.206032889,0.63833108,0.4966942055,0.5023648006,1.011416673,0.9445783133,0.9940828402,12,3.449486304,3.434892731,3.354426027,0.0195509502,0.01374133364,1.130968561,0.5819957395,0.001111791374,0.01261008832,1.237899005,105.0846433,18.80263158,86.28201171,,Teen,,1,,
wired_laser_14,Speaker 1 (Donna Strickland),Speaker 4 (Caitlin - Student),847,711,136,0.287249259,0.08364654201,-0.0002378183308,0.9941713029,0.8579225554,0.9941713029,0.01635898113,0.1284748499,-0.1121158688,1.202419856,0.1914168595,1.236932639,1.159278877,0.7359711763,0.3635972476,0.372414413,1.024249813,0.8045007032,1.0,12,3.336904693,3.349361418,2.889672044,0.04252741046,0.03088887594,0.7828556007,0.5540286274,0.001394151012,0.01581419755,1.243937771,198.7227866,19.32,179.4027866,,College Student,,2,,
wired_laser_15,Speaker 1 (Donna Strickland),Speaker 5 (Aditya - Grad Student),616,417,199,0.2358911993,0.1328302922,-0.0005385836796,0.9693347595,0.888154324,0.9693347595,0.02990345312,0.1086760779,-0.07877262475,1.281786458,0.1226769445,1.254531397,1.312069859,0.5732740105,0.4748921289,0.421097969,0.8867234122,0.8537170264,0.9648241206,12,3.42871405,3.383751598,3.29425466,0.05120597901,0.03407199153,0.7564955177,0.4345120866,0.003162285839,0.008554208726,1.239512882,68.57907543,22.21052632,46.36854911,,Graduate Student,,3,,
wired_laser_16,Speaker 6 (Mike Campbell),Speaker 1 (Donna Strickland),966,615,351,0.1981515904,0.09417471933,-0.0002381299741,0.8913739184,0.8136548599,0.8913739184,0.03257091408,0.06996280612,-0.03739189204,1.246791387,0.240488213,1.289101371,1.201459262,0.6944923476,0.6502301607,0.6263383762,0.963256419,0.9756097561,0.9715099715,12,3.480401685,3.464786846,3.372177724,0.03414771405,0.02226235322,0.8056502486,0.3998724345,0.001246657017,0.003616845365,1.228802909,68.49914821,38.75294118,29.74620703,,Expert,,4,,
wired_moravec_12,Speaker 1 (Chelsea Finn),Speaker 2 (Child),369,322,47,0.384114707,0.1240353967,-0.001023564698,0.9518093328,0.6645497501,0.9518093328,0.04365445707,0.2374575302,-0.1938030731,1.247966941,0.1100594283,1.210699806,1.285234076,0.7454509448,0.2227554118,0.2202902172,0.9889331775,0.7453416149,0.9787234043,12,3.457539912,3.466242227,2.804011461,0.05243440887,0.03775053005,0.937651924,0.5243098376,0.004480945954,0.05118063468,1.237337179,50.17621145,10.93617021,39.24004124,,Child,,0,,
wired_moravec_13,Speaker 1 (Chelsea Finn),Speaker 3 (Teen),608,530,78,0.3407628372,0.1404042791,-0.0007126198415,1.007002704,0.7952974591,1.007002704,0.03006916865,0.1519653492,-0.1218961806,1.246955444,0.09365534659,1.224275659,1.272155205,0.6824578161,0.3774632515,0.3772623346,0.9994677181,0.7698113208,0.9615384615,12,3.393180795,3.350439824,3.072794805,0.0543149468,0.0397170345,0.8019190028,0.5042660705,0.001940798096,0.02104763628,1.230074574,68.94805195,16.53246753,52.41558442,,Teen,,1,,
wired_moravec_14,Speaker 1 (Chelsea Finn),Speaker 4 (College Student),707,541,166,0.2359227525,0.1364332795,-0.0005118320581,0.9263712018,0.8076423096,0.9263712018,0.04692532819,0.1160073972,-0.06908206901,1.300645273,0.08447914517,1.334778502,1.266512045,0.6983047205,0.5951284601,0.5968650171,1.002917953,0.9463955638,0.9819277108,12,3.415893324,3.390984846,3.358872957,0.02249136835,0.01544353766,0.7251565038,0.4362554196,0.002039643013,0.007384517663,1.234729672,69.10502283,23.71686747,45.38815536,,College Student,,2,,
wired_moravec_15,Speaker 5 (Grad Student),Speaker 1 (Chelsea Finn),707,355,352,0.2107753939,0.1393897113,-0.0005006284686,0.9012315687,0.8602940246,0.9012315687,0.06521358218,0.05845994673,0.006753635458,1.293617078,0.07048388647,1.291362934,1.295589453,0.4972317934,0.580896866,0.4896330003,0.9847178053,0.9802816901,0.9318181818,12,3.413375794,3.231519395,3.500897476,0.03309007189,0.02163379025,0.6211568901,0.3995240134,0.00251958755,0.00388957527,1.232322482,39.23209169,53.05014749,-13.8180558,Graduate Student,Graduate Student,3.0,3,0.0,0.0
wired_moravec_16,Speaker 6 (Expert),Speaker 1 (Chelsea Finn),865,547,318,0.2267711629,0.1858566176,-0.0004666883961,0.9446260184,0.86926706,0.9446260184,0.04007411799,0.06469100214,-0.02461688416,1.284244554,0.074478446,1.268890689,1.299598419,0.4515954139,0.5591952535,0.4505052869,0.997586054,0.987202925,0.8899371069,12,3.43016245,3.370080183,3.36692053,0.04245100191,0.02797163084,0.6648306744,0.4221499166,0.001152367587,0.003976543501,1.232921964,76.58088235,45.50416667,31.07671569,Expert,Expert,4.0,4,0.0,0.0
wired_neuro_12,Speaker 1 (Dr. Bobby Kasthuri),Speaker 2 (Daniel Dodson),88,79,9,0.5166112567,0.1598262063,-0.005369304692,1.125597733,0.9544112519,1.125597733,0.06396184358,0.3291575743,-0.2651957307,1.197446338,0.1013902279,1.190389359,1.204503317,0.549818409,0.06935254769,0.06434736942,0.9278299294,0.1265822785,1.0,9,3.07302673,3.070170585,2.281036113,0.05792151261,0.04708859385,1.242453325,0.8864650394,0.02163072413,0.3142712124,1.216518494,10.34782609,6.666666667,3.68115942,,Child,,0,,
wired_neuro_13,Speaker 1 (Dr. Bobby Kasthuri),Speaker 3 (Jabez Griggs),116,98,18,0.6406431709,0.1808210893,-0.005160867998,1.144852388,1.034131505,1.144852388,0.123203252,0.3214505353,-0.1982472833,1.335032138,0.04158411791,1.39374436,1.305676027,0.6656789776,0.1176730184,0.1201062151,1.020677609,0.2142857143,0.8333333333,11,3.371225953,3.20511066,2.308270835,0.2116040359,0.152874699,1.098612289,1.0,0.01966434827,0.1474679541,1.237224694,34.44897959,10.0,24.44897959,,Teen,,1,,
wired_neuro_14,Speaker 1 (Dr. Bobby Kasthuri),Speaker 4 (Elena Dowling),228,149,79,0.3492701687,0.1927757956,-0.002460452181,0.9792936292,0.9212507092,0.9792936292,0.05751524154,0.1784725219,-0.1209572803,1.293063795,0.03529195717,1.269106489,1.3170211,0.5530618239,0.5268903373,0.5168081435,0.9808647207,0.8456375839,0.9620253165,12,3.389031725,3.437190807,3.088252274,0.05042303251,0.03367883673,1.011404265,0.7216162598,0.01179236617,0.03188547479,1.244733223,31.05504587,25.94871795,5.106327923,,College Student,,2,,
wired_neuro_15,Speaker 1 (Dr. Bobby Kasthuri),Speaker 5 (Mala Ananth),218,112,106,0.3761093919,0.1311593022,-0.001735176598,1.031872533,1.045254399,1.045254399,0.1331804349,0.09258956904,0.04059086583,1.314310091,0.05433457672,1.33924177,1.289378412,0.658740562,0.5854794537,0.5452289315,0.931252033,0.75,0.9339622642,12,3.469335677,3.39797319,3.215088156,0.1111033402,0.07173676427,1.560710409,0.9310809437,0.01333611514,0.01432466691,1.249210644,38.19417476,22.03333333,16.16084142,,Graduate Student,,3,,
wired_neuro_16,Speaker 1 (Dr. Bobby Kasthuri),Speaker 6 (Russell Hanson),407,211,196,0.235642805,0.1426219757,-0.0009608209727,0.934335847,0.9206827248,0.934335847,0.0776298698,0.09447322293,-0.01684335313,1.285550019,0.05427093999,1.288506756,1.282593282,0.4812554292,0.5352316266,0.4591213708,0.9540076702,0.9620853081,0.9234693878,12,3.442286931,3.251110626,3.500704754,0.04919864541,0.0319629529,0.7507202252,0.4600877077,0.004987440015,0.006957032318,1.229496839,25.57788945,32.35828877,-6.780399323,,Expert,,4,,
wired_nuclear_12,Speaker 1 (Anne White),Speaker 2 (Amelia - Child),730,549,181,0.2683397471,0.1225988941,-0.0004478155543,0.9932028692,0.9170232073,0.9932028692,0.06893603065,0.10381065,-0.03487461933,1.25999003,0.06898247337,1.250893722,1.269086339,0.6411160372,0.4283230262,0.4290003757,1.001581399,0.8196721311,1.0,12,3.307630471,3.399960486,2.682008607,0.05939072971,0.04163765727,0.8004862518,0.5241625,0.0021680903,0.01145730619,1.234007696,73.03378378,38.70165746,34.33212633,,Child,,0,,
wired_nuclear_13,Speaker 1 (Anne White),Speaker 3 (High School Student),712,636,76,0.4019491531,0.2068850414,-0.0008988568364,1.062661616,0.8844527107,1.062661616,0.02315192811,0.1382961084,-0.1151441803,1.312360571,0.04772938483,1.304716344,1.319240376,0.700410825,0.3280283655,0.3342552986,1.018982911,0.7531446541,0.9736842105,12,3.423044439,3.438284337,2.790361481,0.03737477799,0.02755925144,0.8449736915,0.4769841026,0.001725976803,0.01628302001,1.243433145,99.98865784,16.55263158,83.43602627,,Teen,,1,,
wired_nuclear_14,Speaker 1 (Anne White),Speaker 4 (Undergrad Student),717,583,134,0.2501868475,0.108782122,-0.0003586760458,0.9650187518,0.845814462,0.9650187518,0.04209845707,0.09697543582,-0.05487697875,1.273992576,0.1020910804,1.269786645,1.278198507,0.6108628852,0.4313926465,0.4364305808,1.011678303,0.8439108062,0.9850746269,12,3.446660754,3.470251652,3.076596005,0.0346430352,0.02413539275,1.06095815,0.5797173578,0.00205466184,0.01111022949,1.245963609,105.8039216,18.5,87.30392157,,College Student,,2,,
wired_nuclear_15,Speaker 1 (Anne White),Speaker 5 (Graduate Student),889,771,118,0.2642537475,0.09947101328,-0.0003002138329,1.038721662,0.8672064362,1.038721662,0.04518042776,0.1162924015,-0.07111197373,1.334621455,0.04123356419,1.311572685,1.357670225,0.6835527791,0.2867986785,0.2823515869,0.9844940302,0.7652399481,0.9830508475,12,3.419388545,3.434318299,3.048237969,0.02517233555,0.01822966382,1.198849313,0.7279919782,0.001158811768,0.01379792794,1.246345253,118.3435226,19.65765766,98.6858649,,Graduate Student,,3,,
wired_nuclear_16,Speaker 6 (Steve - Expert/Physicist),Speaker 1 (Talia Gershon),427,248,179,0.2641771488,0.1480502632,-0.0009988350552,0.9880274713,0.9671019347,0.9880274713,0.07482504199,0.1215670822,-0.04674204018,1.303445449,0.07218017149,1.307986841,1.299552828,0.498534859,0.5389471641,0.4815803415,0.9659913098,0.9838709677,0.8994413408,12,3.472261168,3.454762467,3.280547146,0.06275090315,0.04065729004,1.49856908,0.786651979,0.003962765792,0.007850580932,1.247978244,36.61650485,25.95428571,10.66221914,Expert,Expert,4.0,4,0.0,0.0
wired_sensing_12,Speaker 1 (Sekhar Ramanathan),Speaker 2 (Child),383,287,96,0.3417580115,0.1797120827,-0.001439580604,0.9845585372,0.856001615,0.9845585372,0.04091293487,0.161323971,-0.1204110361,1.268937114,0.09883674455,1.251102144,1.286772084,0.7017759947,0.3035697811,0.3055077084,1.006383795,0.7317073171,1.0,12,3.457125986,3.362797225,3.254890015,0.08413143186,0.05685808143,0.850941691,0.5754429196,0.006392650527,0.02345223044,1.228866019,31.51336898,19.57291667,11.94045232,,Child,,0,,
wired_sensing_13,Speaker 1 (Sekhar Ramanathan),Speaker 3 (Teen),691,574,117,0.243856466,0.1198120562,-0.0004822266957,0.9585297774,0.7784499179,0.9585297774,0.03055121757,0.1547326156,-0.124181398,1.271602013,0.1700167717,1.24978861,1.29509337,0.6777446099,0.652161183,0.6353918353,0.9742864984,0.9651567944,0.9401709402,12,3.462100932,3.461913067,3.378852339,0.009878520702,0.006921241716,1.103435685,0.5136339308,0.001204279944,0.01503264387,1.25215621,54.35931559,10.22413793,44.13517766,,Teen,,1,,
wired_sensing_14,Speaker 1 (Sekhar Ramanathan),Speaker 4 (College Student),646,523,123,0.2337937166,0.1317410658,-0.0004909575585,0.9286819529,0.7328135201,0.9286819529,0.04229551601,0.1066636734,-0.06436815738,1.214249114,0.2780289218,1.325818302,1.102679925,0.647600788,0.5019937118,0.501967117,0.9999470217,0.8814531549,0.9756097561,12,3.503635168,3.500670194,3.257630786,0.03413076065,0.02341459345,0.86166505,0.4374289961,0.00207121835,0.008567091804,1.233892839,62.14583333,14.56097561,47.58485772,,College Student,,2,,
wired_sensing_15,Speaker 1 (Sekhar Ramanathan),Speaker 5 (Grad Student),765,392,373,0.2153262562,0.1323989499,-0.0004415297323,0.8693919608,0.8693792326,0.8693919608,0.0700453486,0.06155891972,0.008486428877,1.292574479,0.07542814943,1.290875733,1.294273225,0.6054405158,0.614945307,0.5775832089,0.9539883669,0.943877551,0.9463806971,12,3.395858997,3.345254527,3.4013196,0.01612826405,0.01058747442,1.062737568,0.545878508,0.001576445738,0.003338474796,1.253668909,56.66180758,48.49061662,8.171190958,,Graduate Student,,3,,
wired_sensing_16,Speaker 6 (Expert),Speaker 1 (Sekhar Ramanathan),826,553,273,0.2074606347,0.1352114104,-0.0003982812421,0.9464372377,0.8718734717,0.9464372377,0.05636664211,0.08683700593,-0.03047036382,1.300197072,0.06915075333,1.264116359,1.336277784,0.6297840931,0.5150822985,0.5149558127,0.9997544358,0.9294755877,0.9853479853,12,3.356655953,3.301006478,3.370117868,0.02274047836,0.01535898868,1.066403559,0.5959122991,0.00208659119,0.005227005392,1.254313583,87.68123862,31.60795455,56.07328407,Expert,Expert,4.0,4,0.0,0.0
wired_sleep_12,Speaker 1 (Aric Prather),Speaker 2 (Christopher),799,729,70,0.303537054,0.1077604023,-0.0003611703845,1.024133089,0.8550950776,1.024133089,0.02414459331,0.1369991671,-0.1128545738,1.162750524,0.2648036264,1.184430996,1.139099099,0.5973121353,0.4292893335,0.4264246255,0.9933268596,0.8189300412,0.9857142857,12,3.470008736,3.47160354,2.998857661,0.02760266782,0.02042978388,0.8226408345,0.4633299965,0.001731806941,0.02625949977,1.232312817,122.1474719,7.081632653,115.0658393,,Child,,0,,
wired_sleep_13,Speaker 1 (Aric Prather),Speaker 3 (Dwayne),821,637,184,0.2535617227,0.1146063028,-0.0003882370325,0.9326052516,0.8086768653,0.9326052516,0.02664307735,0.1206090779,-0.09396600052,1.231452076,0.1238248134,1.248815158,1.212352686,0.5913051676,0.5280801097,0.5377022623,1.018221009,0.9230769231,0.9782608696,12,3.445898693,3.440514351,3.189738445,0.04268918021,0.02923331367,0.5725003882,0.3285516464,0.001262857978,0.008267679638,1.23347885,85.90837283,26.71875,59.18962283,,Teen,,1,,
wired_sleep_14,Speaker 1 (Aric Prather),Speaker 4 (College Student),682,545,137,0.2535135487,0.1218269092,-0.0004545833708,0.9531443457,0.7948812836,0.9531443457,0.04238897691,0.1317394958,-0.08935051886,1.239148072,0.1798635368,1.177103699,1.311533174,0.5949357471,0.6029345179,0.5556427002,0.9339541336,0.9633027523,0.9781021898,12,3.314716135,3.213026644,3.455219235,0.03676307136,0.0262667874,0.6237975055,0.4348789584,0.00247093573,0.01398417566,1.250870769,108.077634,24.71875,83.35888401,,College Student,,2,,
wired_sleep_15,Speaker 1 (Aric Prather),Speaker 5 (Mave),890,632,258,0.2851391139,0.1237614787,-0.0004251452703,0.9129637857,0.8268056758,0.9129637857,0.01917909754,0.1133143559,-0.0941352584,1.242561705,0.07298784028,1.200990429,1.284132981,0.6572077271,0.501746596,0.5054683039,1.007417505,0.8987341772,0.992248062,12,3.437887931,3.422712095,3.26407194,0.0423954154,0.0284055112,0.6162755332,0.3939204348,0.001718043067,0.005590489861,1.244593072,113.0339257,28.84297521,84.19095048,,Graduate Student,,3,,
wired_sleep_16,Speaker 1 (Aric Prather),Speaker 6 (Yue),792,510,282,0.2458778699,0.1328786989,-0.000473119577,0.9016466851,0.8423100086,0.9016466851,0.04099504783,0.08360444292,-0.04260939509,1.314030991,0.06101002028,1.312619016,1.315442965,0.6576027351,0.6790999615,0.6442815463,0.979742802,0.9392156863,0.9468085106,12,3.46557483,3.473374148,3.350827207,0.02483880465,0.01627028994,0.8440902638,0.5888525021,0.002202722478,0.003441618846,1.264077303,53.96022727,47.74468085,6.215546422,,Expert,,4,,
wired_time_12,"Brian Greene, PhD",Kayla Martini (Child),620,592,28,0.5287991495,0.2081959458,-0.0009609467424,1.06480255,0.6090872792,1.06480255,0.02920496887,0.295512921,-0.2663079521,1.239400891,0.0884221772,1.205506009,1.273295774,0.6552348634,0.3285006123,0.3201400223,0.9745492409,0.7516891892,1.0,12,3.50456926,3.503192252,3.226474118,0.009616692989,0.007360101125,1.270769831,0.6981960359,0.001895431574,0.1027426118,1.235419536,135.6957364,6.214285714,129.4814507,Expert,Child,4.0,0,-4.0,4.0
wired_time_13,"Brian Greene, PhD",Maria Guseva (Teen),902,810,92,0.2510390752,0.09601601598,-0.0001833273039,1.056342029,0.9001047002,1.056342029,0.01767673001,0.1129904474,-0.0953137174,1.156563938,0.3907703099,1.29773118,1.015396695,0.6507393969,0.3683956139,0.3626147629,0.9843080353,0.787654321,0.9239130435,12,3.289562802,3.309899241,2.645176787,0.03289836174,0.02521336699,0.6108643021,0.4634447296,0.002098083021,0.0150966219,1.227060977,304.4062947,27.79120879,276.6150859,Expert,Teen,4.0,1,-3.0,3.0
wired_time_14,"Brian Greene, PhD",Zain Kamal (College Student),998,808,190,0.2242177817,0.122154316,-0.0002521309057,1.001840576,0.8434305619,1.001840576,0.02899219582,0.09449381179,-0.06550161597,1.28797592,0.0999349182,1.220550835,1.355401005,0.6044867217,0.4720876044,0.4705178617,0.9966748909,0.9121287129,0.9789473684,12,3.50394155,3.483576288,3.380494443,0.02771899844,0.01901477696,0.8522757226,0.529091396,0.0008824426916,0.006843056082,1.248082385,123.6502809,29.12105263,94.52922827,Expert,College Student,4.0,2,-2.0,2.0
wired_time_15,"Brian Greene, PhD",Massimo Porrati (Expert),1649,829,820,0.2746747252,0.1583480316,-0.0003075224497,0.9142718722,0.911116911,0.9142718722,0.02478980713,0.06404053219,-0.03925072505,1.286592715,0.04774434982,1.313883023,1.250205637,0.569788382,0.534265924,0.5101594524,0.9548792642,0.9650180941,0.9804878049,12,3.440504368,3.426707692,3.406346981,0.01658109839,0.01077426445,0.8809501563,0.6232710931,0.0009674854229,0.0006251095125,1.241046583,285.6296743,41.52272727,244.106947,Expert,Expert,4.0,4,0.0,0.0
wired_Talia_12,Speaker 1 (Talia Gershon),Speaker 2 (Child),402,386,16,0.5790322114,0.1639912403,-0.000300605613,1.125939912,0.8375430433,1.125939912,0.0522907738,0.3261382669,-0.2738474931,1.268899158,0.09210296141,1.281851258,1.255947059,0.6383449663,0.1957384332,0.2033947517,1.039115049,0.3393782383,1.0,12,3.385781803,3.388109491,2.483458593,0.0233440309,0.01857007137,1.329661349,0.8519590445,0.002570732141,0.1580666681,1.224515554,121.5276753,7.8,113.7276753,,Child,,0,,
wired_Talia_13,Speaker 1 (Talia Gershon),Speaker 3 (Teenager/Young Adult),734,663,71,0.4690112141,0.2346619998,-0.0009913293067,1.046118117,0.8681598187,1.046118117,0.01652686197,0.1927313065,-0.1762044445,1.246214087,0.09642638739,1.227397481,1.267382769,0.6365364698,0.3415270183,0.3345110953,0.9794571949,0.7873303167,0.9718309859,12,3.288992043,3.323458689,2.633352244,0.02238000353,0.01723133183,0.9627637104,0.5300272821,0.001643480587,0.02533601503,1.25235818,109.148773,6.744186047,102.404587,,Teen,,1,,
wired_Talia_14,Speaker 1 (Talia Gershon),Speaker 4 (Amanda - College Student),771,622,149,0.2509198357,0.1309334667,-0.0004209247574,0.9757067245,0.8717857529,0.9757067245,0.05353399408,0.09406602497,-0.04053203088,1.271739179,0.1422365404,1.278793144,1.264685214,0.7125818178,0.4064188256,0.4005988158,0.985679773,0.8263665595,1.0,12,3.426826763,3.451479379,3.078280494,0.0329037837,0.02295982964,0.6950224777,0.4101424302,0.001737365955,0.009396666164,1.255948178,71.86280992,18.11851852,53.7442914,,College Student,,2,,
wired_Talia_15,Speaker 1 (Talia Gershon),Speaker 5 (Grad Student),712,539,173,0.2460246875,0.1256003372,-0.0003970435292,0.9776037094,0.917844083,0.9776037094,0.0527031377,0.09965139981,-0.04694826211,1.317092852,0.05637405034,1.300372489,1.33172317,0.7509698613,0.586441553,0.5989584825,1.021343865,0.9165120594,1.0,12,3.37739707,3.412401357,2.945813216,0.05431927303,0.03751951475,0.6579737022,0.4182521691,0.001605608668,0.007654377154,1.242803105,80.41290323,21.21511628,59.19778695,,Graduate Student,,3,,
wired_Talia_16,Speaker 6 (Steve - Expert/Physicist),Speaker 1 (Talia Gershon),842,435,407,0.2115939831,0.1349464183,-0.0004404409029,0.9247575176,0.8989826825,0.9247575176,0.05305911166,0.07467774922,-0.02161863756,1.286067348,0.05945276601,1.28476003,1.287374667,0.5743605708,0.5679136073,0.5344686031,0.9411089932,0.9655172414,0.9508599509,12,3.488317512,3.474968316,3.435495786,0.02247817252,0.01445303883,1.215388101,0.7105483259,0.002059885518,0.002662493014,1.246436596,70.21759259,41.16666667,29.05092593,Expert,Expert,4.0,4,0.0,0.0
