video_uid,conversation_uid,conversation_id,level_label,trajectory_type,method,n_turns,fold,score_observed,score_shuffle_mean,score_shuffle_sd,organization_gain,organization_z,p_perm_high
astro,astro::wired_astro_12,wired_astro_12,child,joint,ridge_prediction,23,0,0.5651302821253273,0.6822623993589454,0.047750425504504465,-0.11713211723361805,-2.453006774202851,0.9801980198019802
astro,astro::wired_astro_12,wired_astro_12,child,joint,next_turn_ranking,23,0,0.36960497835497835,0.28044184704184705,0.030117553371027506,0.0891631313131313,2.960503803702212,0.019801980198019802
astro,astro::wired_astro_13,wired_astro_13,teenager,joint,ridge_prediction,13,0,0.7711270636809824,0.7132721268912482,0.08600583935186243,0.05785493678973419,0.6726861481235153,0.27722772277227725
astro,astro::wired_astro_13,wired_astro_13,teenager,joint,next_turn_ranking,13,0,0.45166666666666666,0.4282333333333333,0.0640999237477463,0.02343333333333336,0.36557505786669925,0.37623762376237624
astro,astro::wired_astro_14,wired_astro_14,undergraduate,joint,ridge_prediction,17,0,0.5189886863150175,0.650094061244061,0.06477924184796921,-0.1311053749290435,-2.0238794278688146,0.9702970297029703
astro,astro::wired_astro_14,wired_astro_14,undergraduate,joint,next_turn_ranking,17,0,0.41734693877551027,0.3547329931972789,0.052478808518868714,0.06261394557823136,1.193128185364928,0.1485148514851485
astro,astro::wired_astro_15,wired_astro_15,graduate,joint,ridge_prediction,29,0,0.5506769861771111,0.633462618586648,0.04457901948547065,-0.08278563240953685,-1.8570536850080033,0.9504950495049505
astro,astro::wired_astro_15,wired_astro_15,graduate,joint,next_turn_ranking,29,0,0.29551185993493684,0.23828753618176698,0.030184408195720987,0.05722432375316985,1.8958239426831667,0.039603960396039604
astro,astro::wired_astro_16,wired_astro_16,expert,joint,ridge_prediction,14,0,0.33181111000030306,0.6413327830026805,0.08681280759110414,-0.30952167300237743,-3.5653918078568703,1.0
astro,astro::wired_astro_16,wired_astro_16,expert,joint,next_turn_ranking,14,0,0.4151515151515151,0.4038333333333334,0.07309253464307368,0.011318181818181727,0.15484730244272968,0.40594059405940597
infinity,infinity::wired_infinity_12,wired_infinity_12,child,joint,ridge_prediction,24,0,0.6577346298576059,0.6881644391396351,0.05301372733681866,-0.030429809282029208,-0.5739986756391555,0.7425742574257426
infinity,infinity::wired_infinity_12,wired_infinity_12,child,joint,next_turn_ranking,24,0,0.28259980759980763,0.27762832405689547,0.029303395344926954,0.0049714835429121584,0.1696555462052567,0.4752475247524752
infinity,infinity::wired_infinity_13,wired_infinity_13,teenager,joint,ridge_prediction,16,0,0.5677952673328156,0.7110620040000394,0.06604552977043714,-0.14326673666722378,-2.169211711454117,0.9801980198019802
infinity,infinity::wired_infinity_13,wired_infinity_13,teenager,joint,next_turn_ranking,16,0,0.4309523809523809,0.37274358974358984,0.05540312613583825,0.05820879120879108,1.0506409162918688,0.12871287128712872
infinity,infinity::wired_infinity_14,wired_infinity_14,undergraduate,joint,ridge_prediction,35,0,0.5576841864182478,0.6844421441777645,0.04334798205577018,-0.1267579577595167,-2.9241951239260415,0.9900990099009901
infinity,infinity::wired_infinity_14,wired_infinity_14,undergraduate,joint,next_turn_ranking,35,0,0.2327001123876124,0.2057771594214609,0.02459468948964954,0.026922952966151492,1.0946652925820342,0.1485148514851485
infinity,infinity::wired_infinity_15,wired_infinity_15,graduate,joint,ridge_prediction,27,0,0.5459949429767372,0.672687670162706,0.04220413676333025,-0.1266927271859688,-3.0019030574284327,0.9900990099009901
infinity,infinity::wired_infinity_15,wired_infinity_15,graduate,joint,next_turn_ranking,27,0,0.2799467893217893,0.24788445582195584,0.03252413626559381,0.03206233349983345,0.9858012289092243,0.15841584158415842
infinity,infinity::wired_infinity_16,wired_infinity_16,expert,joint,ridge_prediction,11,0,0.5155038850677914,0.6967250146869466,0.09402683921410376,-0.18122112961915515,-1.9273340583799237,0.9702970297029703
infinity,infinity::wired_infinity_16,wired_infinity_16,expert,joint,next_turn_ranking,11,0,0.48333333333333334,0.49500000000000005,0.07387388774583767,-0.011666666666666714,-0.15792679961295333,0.5544554455445545
nano,nano::wired_nano_12,wired_nano_12,child,joint,ridge_prediction,22,0,0.6609810760785693,0.7369655321480358,0.04562757061306386,-0.07598445606946658,-1.665318908031257,0.9603960396039604
nano,nano::wired_nano_12,wired_nano_12,child,joint,next_turn_ranking,22,0,0.3645989974937343,0.29724101921470336,0.03935319265186079,0.06735797827903095,1.7116267763816608,0.04950495049504951
nano,nano::wired_nano_13,wired_nano_13,teenager,joint,ridge_prediction,21,0,0.6242287523617661,0.7046455854426428,0.04764055409605446,-0.08041683308087666,-1.6879911371042744,0.9306930693069307
nano,nano::wired_nano_13,wired_nano_13,teenager,joint,next_turn_ranking,21,0,0.35447530864197524,0.3067940917107584,0.03810562871286913,0.04768121693121685,1.25129065027377,0.1188118811881188
nano,nano::wired_nano_14,wired_nano_14,undergraduate,joint,ridge_prediction,24,0,0.609177610854072,0.6426371648631084,0.053112893237795826,-0.03345955400903644,-0.6299704642191509,0.7425742574257426
nano,nano::wired_nano_14,wired_nano_14,undergraduate,joint,next_turn_ranking,24,0,0.34257369614512473,0.26893030646602073,0.03804301225225414,0.073643389679104,1.9357928123775332,0.019801980198019802
nano,nano::wired_nano_15,wired_nano_15,graduate,joint,ridge_prediction,9,0,0.4580532586505675,0.6662560814853842,0.15535896551557513,-0.20820282283481667,-1.3401403784060586,0.8910891089108911
nano,nano::wired_nano_15,wired_nano_15,graduate,joint,next_turn_ranking,9,0,0.7222222222222222,0.569861111111111,0.11143427681097537,0.15236111111111117,1.3672732975111375,0.09900990099009901
nano,nano::wired_nano_16,wired_nano_16,expert,joint,ridge_prediction,15,0,0.4169939421539195,0.6536931034325785,0.05889950504129961,-0.23669916127865898,-4.018695252408122,1.0
nano,nano::wired_nano_16,wired_nano_16,expert,joint,next_turn_ranking,15,0,0.3341269841269841,0.3928313492063492,0.053240794181062395,-0.058704365079365106,-1.102620011259075,0.8613861386138614
zero,zero::wired_zero_12,wired_zero_12,child,joint,ridge_prediction,16,0,0.9374391702599973,0.8420343887337822,0.0640103233198849,0.09540478152621512,1.4904592974704984,0.0891089108910891
zero,zero::wired_zero_12,wired_zero_12,child,joint,next_turn_ranking,16,0,0.6141025641025641,0.43193040293040297,0.06259482638876605,0.18217216117216117,2.9103389478344455,0.009900990099009901
zero,zero::wired_zero_13,wired_zero_13,teenager,joint,ridge_prediction,16,0,0.7655577350841879,0.7844309500147084,0.043333154416393495,-0.01887321493052052,-0.4355375274360488,0.6435643564356436
zero,zero::wired_zero_13,wired_zero_13,teenager,joint,next_turn_ranking,16,0,0.321978021978022,0.365514652014652,0.050079499042504076,-0.04353663003663,-0.8693503503235738,0.8118811881188119
zero,zero::wired_zero_14,wired_zero_14,undergraduate,joint,ridge_prediction,35,0,0.6855524362877916,0.7062296038240734,0.042667747977811143,-0.020677167536281793,-0.48460883257852533,0.7128712871287128
zero,zero::wired_zero_14,wired_zero_14,undergraduate,joint,next_turn_ranking,35,0,0.22535840895215897,0.20673948159173341,0.017641169029227865,0.018618927360425558,1.0554248037404859,0.15841584158415842
zero,zero::wired_zero_15,wired_zero_15,graduate,joint,ridge_prediction,34,0,0.7364032707082426,0.7158913728133564,0.03703063570111061,0.020511897894886277,0.5539169799958656,0.27722772277227725
zero,zero::wired_zero_15,wired_zero_15,graduate,joint,next_turn_ranking,34,0,0.2642706308028889,0.20931772931369705,0.027293371727467427,0.054952901489191824,2.0134156394421754,0.039603960396039604
zero,zero::wired_zero_16,wired_zero_16,expert,joint,ridge_prediction,49,0,0.6746555801057481,0.680295815943856,0.03689904662495512,-0.00564023583810791,-0.15285586902652853,0.5544554455445545
zero,zero::wired_zero_16,wired_zero_16,expert,joint,next_turn_ranking,49,0,0.18957922219044168,0.16334104649972686,0.017603788429933126,0.02623817569071482,1.4904846076257061,0.06930693069306931
hacking,hacking::wired_hacking_12,wired_hacking_12,child,joint,ridge_prediction,19,1,0.6036660469563753,0.7024380749197318,0.05203751600290061,-0.09877202796335649,-1.8980926752508875,0.9801980198019802
hacking,hacking::wired_hacking_12,wired_hacking_12,child,joint,next_turn_ranking,19,1,0.3931051587301587,0.3249310515873016,0.04308911051309332,0.0681741071428571,1.5821655710934506,0.06930693069306931
hacking,hacking::wired_hacking_13,wired_hacking_13,teenager,joint,ridge_prediction,18,1,0.7707696855668582,0.7694137241445,0.04902912748612725,0.001355961422358165,0.02765624215405084,0.5346534653465347
hacking,hacking::wired_hacking_13,wired_hacking_13,teenager,joint,next_turn_ranking,18,1,0.3544444444444445,0.3441642857142856,0.03803279624010669,0.010280158730158917,0.27029721047221317,0.39603960396039606
hacking,hacking::wired_hacking_14,wired_hacking_14,undergraduate,joint,ridge_prediction,19,1,0.517978556408056,0.6543394669234216,0.05917428784996447,-0.13636091051536559,-2.304394619181673,0.9801980198019802
hacking,hacking::wired_hacking_14,wired_hacking_14,undergraduate,joint,next_turn_ranking,19,1,0.3564236111111111,0.3254141865079365,0.037876395289593974,0.031009424603174573,0.8187005222140026,0.25742574257425743
hacking,hacking::wired_hacking_15,wired_hacking_15,graduate,joint,ridge_prediction,22,1,0.5515926910758074,0.6754034137906273,0.053171047848518956,-0.12381072271481985,-2.3285364446371077,0.9801980198019802
hacking,hacking::wired_hacking_15,wired_hacking_15,graduate,joint,next_turn_ranking,22,1,0.27211779448621554,0.29059314954051796,0.02507101561967731,-0.018475355054302423,-0.7369208864359608,0.7821782178217822
hacking,hacking::wired_hacking_16,wired_hacking_16,expert,joint,ridge_prediction,18,1,0.6039736863609299,0.6976955561767962,0.04763824355198002,-0.09372186981586639,-1.967366192114171,0.9801980198019802
hacking,hacking::wired_hacking_16,wired_hacking_16,expert,joint,next_turn_ranking,18,1,0.3357142857142857,0.339036507936508,0.05181308862646719,-0.0033222222222223374,-0.0641193626995106,0.46534653465346537
moravec,moravec::wired_moravec_12,wired_moravec_12,child,joint,ridge_prediction,29,1,0.6417804481719548,0.6994188230036681,0.036815094030656505,-0.0576383748317133,-1.5656180256857941,0.9603960396039604
moravec,moravec::wired_moravec_12,wired_moravec_12,child,joint,next_turn_ranking,29,1,0.2734270003500773,0.23639205345936112,0.022170810403768726,0.03703494689071615,1.6704372197608408,0.0297029702970297
moravec,moravec::wired_moravec_13,wired_moravec_13,teenager,joint,ridge_prediction,28,1,0.6675064058256477,0.6965441122380446,0.04151109475748143,-0.02903770641239689,-0.6995167576775003,0.801980198019802
moravec,moravec::wired_moravec_13,wired_moravec_13,teenager,joint,next_turn_ranking,28,1,0.3134568764568765,0.24049623598623598,0.03505790379370493,0.07296064047064049,2.0811466909137177,0.019801980198019802
moravec,moravec::wired_moravec_14,wired_moravec_14,undergraduate,joint,ridge_prediction,19,1,0.6088161351802813,0.6787670858996542,0.05247041990031062,-0.06995095071937285,-1.3331501987648233,0.900990099009901
moravec,moravec::wired_moravec_14,wired_moravec_14,undergraduate,joint,next_turn_ranking,19,1,0.4154017857142857,0.33068601190476193,0.03775360767870392,0.08471577380952378,2.2439120131374968,0.019801980198019802
moravec,moravec::wired_moravec_15,wired_moravec_15,graduate,joint,ridge_prediction,18,1,0.4924112871881848,0.6602926463846732,0.045189563417996015,-0.16788135919648844,-3.715047159088782,1.0
moravec,moravec::wired_moravec_15,wired_moravec_15,graduate,joint,next_turn_ranking,18,1,0.3851587301587302,0.3400873015873016,0.038639448473347014,0.045071428571428596,1.1664614882512694,0.12871287128712872
moravec,moravec::wired_moravec_16,wired_moravec_16,expert,joint,ridge_prediction,13,1,0.6140089979970886,0.7022396088323339,0.08137111186128887,-0.0882306108352453,-1.084298946113083,0.8316831683168316
moravec,moravec::wired_moravec_16,wired_moravec_16,expert,joint,next_turn_ranking,13,1,0.545,0.43494999999999995,0.06795532920733126,0.11005000000000009,1.619446205083317,0.06930693069306931
time,time::wired_time_12,wired_time_12,child,joint,ridge_prediction,29,1,0.6780512162259019,0.7441413474077011,0.04510682217741959,-0.06609013118179918,-1.4651914719650503,0.8712871287128713
time,time::wired_time_12,wired_time_12,child,joint,next_turn_ranking,29,1,0.2751401376401376,0.23506889051119817,0.022496786742658974,0.04007124712893945,1.7811986923872705,0.0594059405940594
time,time::wired_time_13,wired_time_13,teenager,joint,ridge_prediction,13,1,0.679640343724737,0.6985623263583327,0.05384723170490691,-0.01892198263359568,-0.35140121477909486,0.6237623762376238
time,time::wired_time_13,wired_time_13,teenager,joint,next_turn_ranking,13,1,0.49333333333333335,0.43505000000000005,0.06782721123276347,0.0582833333333333,0.8592913120564794,0.25742574257425743
time,time::wired_time_14,wired_time_14,undergraduate,joint,ridge_prediction,13,1,0.5951791559219287,0.6503747796609477,0.08140646333146256,-0.055195623739018984,-0.6780250790932786,0.7524752475247525
time,time::wired_time_14,wired_time_14,undergraduate,joint,next_turn_ranking,13,1,0.5583333333333333,0.4415333333333333,0.06520350599594979,0.11680000000000007,1.7913147186787053,0.06930693069306931
time,time::wired_time_15,wired_time_15,graduate,joint,ridge_prediction,51,1,0.656658666725813,0.6652533823751939,0.035575587844630704,-0.008594715649380968,-0.24159026372007336,0.5544554455445545
time,time::wired_time_15,wired_time_15,graduate,joint,next_turn_ranking,51,1,0.17871678455560036,0.15521599296700062,0.015929094491912776,0.023500791588599745,1.4753375717955048,0.07920792079207921
time,time::wired_time_16,wired_time_16,expert,joint,ridge_prediction,23,1,0.565443027535779,0.6634733895029314,0.04907003958233923,-0.09803036196715242,-1.9977640695124785,0.9603960396039604
time,time::wired_time_16,wired_time_16,expert,joint,next_turn_ranking,23,1,0.3382954545454545,0.28443026695526696,0.029753983319281814,0.05386518759018755,1.810352147212527,0.019801980198019802
gravity,gravity::wired_gravity_12,wired_gravity_12,child,joint,ridge_prediction,45,2,0.7082938011673601,0.7553754873730334,0.033249172543698066,-0.04708168620567332,-1.4160258016585445,0.9207920792079208
gravity,gravity::wired_gravity_12,wired_gravity_12,child,joint,next_turn_ranking,45,2,0.16511178040921518,0.17361694993602883,0.016118400625671662,-0.008505169526813655,-0.5276683291559048,0.6732673267326733
gravity,gravity::wired_gravity_13,wired_gravity_13,teenager,joint,ridge_prediction,37,2,0.5986072329083344,0.7196074920399609,0.03849937681065358,-0.12100025913162649,-3.142914747080872,1.0
gravity,gravity::wired_gravity_13,wired_gravity_13,teenager,joint,next_turn_ranking,37,2,0.24203104901634317,0.19994294070980917,0.028024678912763005,0.042088108306534006,1.501823033817748,0.09900990099009901
gravity,gravity::wired_gravity_14,wired_gravity_14,undergraduate,joint,ridge_prediction,32,2,0.6444804787919964,0.7334236250497256,0.0451589892716258,-0.08894314625772914,-1.9695557339148355,0.9801980198019802
gravity,gravity::wired_gravity_14,wired_gravity_14,undergraduate,joint,next_turn_ranking,32,2,0.30506543265163955,0.241298121418811,0.027839367185557927,0.06376731123282856,2.290544566182121,0.009900990099009901
gravity,gravity::wired_gravity_15,wired_gravity_15,graduate,joint,ridge_prediction,32,2,0.5133786996625881,0.6849759707078164,0.04154349599366046,-0.17159727104522826,-4.130544792653319,1.0
gravity,gravity::wired_gravity_15,wired_gravity_15,graduate,joint,next_turn_ranking,32,2,0.2275160663091697,0.22126366162573052,0.02718861886584302,0.006252404683439183,0.229964041729757,0.44554455445544555
gravity,gravity::wired_gravity_16,wired_gravity_16,expert,joint,ridge_prediction,38,2,0.6424015416958866,0.669624859615338,0.03474615710114409,-0.02722331791945143,-0.7834914761999692,0.7821782178217822
gravity,gravity::wired_gravity_16,wired_gravity_16,expert,joint,next_turn_ranking,38,2,0.22274777976458648,0.1962003560631712,0.023982151195579098,0.026547423701415274,1.1069659049730727,0.1485148514851485
memory,memory::wired_memory_12,wired_memory_12,child,joint,ridge_prediction,17,2,0.5682833848875504,0.7043608221384361,0.074236732123722,-0.13607743725088572,-1.833020303535193,0.9603960396039604
memory,memory::wired_memory_12,wired_memory_12,child,joint,next_turn_ranking,17,2,0.3250850340136054,0.35266326530612246,0.043578774715517375,-0.027578231292517075,-0.6328363170499403,0.7227722772277227
memory,memory::wired_memory_13,wired_memory_13,teenager,joint,ridge_prediction,11,2,0.9027917887039283,0.8706341368753651,0.06333743930070557,0.03215765182856323,0.5077194812990331,0.27722772277227725
memory,memory::wired_memory_13,wired_memory_13,teenager,joint,next_turn_ranking,11,2,0.5833333333333333,0.4900208333333334,0.07402583228914004,0.09331249999999985,1.260539694245211,0.12871287128712872
memory,memory::wired_memory_14,wired_memory_14,undergraduate,joint,ridge_prediction,13,2,0.7433155182804019,0.7025274658891569,0.09705625943428037,0.040788052391244944,0.42025164197538156,0.3069306930693069
memory,memory::wired_memory_14,wired_memory_14,undergraduate,joint,next_turn_ranking,13,2,0.5233333333333333,0.42696666666666666,0.06417410206603627,0.09636666666666666,1.501644176766255,0.07920792079207921
memory,memory::wired_memory_15,wired_memory_15,graduate,joint,ridge_prediction,15,2,0.5669785783806331,0.6778607235752506,0.07580771793561918,-0.11088214519461748,-1.4626762051957003,0.9306930693069307
memory,memory::wired_memory_15,wired_memory_15,graduate,joint,next_turn_ranking,15,2,0.4132936507936508,0.38356746031746036,0.047428616374782614,0.02972619047619046,0.6267564341597707,0.33663366336633666
memory,memory::wired_memory_16,wired_memory_16,expert,joint,ridge_prediction,18,2,0.578691986182313,0.6624391971033975,0.06856105998608801,-0.0837472109210845,-1.2214981935529872,0.8712871287128713
memory,memory::wired_memory_16,wired_memory_16,expert,joint,next_turn_ranking,18,2,0.47626984126984134,0.3424960317460317,0.04637814296854981,0.13377380952380963,2.884414962766513,0.009900990099009901
sleep,sleep::wired_sleep_12,wired_sleep_12,child,joint,ridge_prediction,51,2,0.5982131554105204,0.6816903719430861,0.027848547058702478,-0.08347721653256568,-2.9975429725867735,1.0
sleep,sleep::wired_sleep_12,wired_sleep_12,child,joint,next_turn_ranking,51,2,0.14314803855486904,0.15402122668072388,0.016786261597098662,-0.010873188125854832,-0.6477432788092707,0.7425742574257426
sleep,sleep::wired_sleep_13,wired_sleep_13,teenager,joint,ridge_prediction,38,2,0.5971489319470338,0.7008902689039221,0.038261397247522214,-0.10374133695688836,-2.711383912243471,0.9801980198019802
sleep,sleep::wired_sleep_13,wired_sleep_13,teenager,joint,next_turn_ranking,38,2,0.2818814635411274,0.19595305506818111,0.020780853439569102,0.0859284084729463,4.134979765043185,0.009900990099009901
sleep,sleep::wired_sleep_14,wired_sleep_14,undergraduate,joint,ridge_prediction,22,2,0.550818168038303,0.649603618498273,0.05564341722028932,-0.09878545045997,-1.775330405551544,0.9306930693069307
sleep,sleep::wired_sleep_14,wired_sleep_14,undergraduate,joint,next_turn_ranking,22,2,0.3239557226399331,0.2921353383458646,0.032619942491702573,0.03182038429406853,0.9754886693059797,0.18811881188118812
sleep,sleep::wired_sleep_15,wired_sleep_15,graduate,joint,ridge_prediction,23,2,0.5142279224768961,0.6891704177401249,0.050285500932426994,-0.1749424952632288,-3.4789848369675043,1.0
sleep,sleep::wired_sleep_15,wired_sleep_15,graduate,joint,next_turn_ranking,23,2,0.3513095238095238,0.27601504329004334,0.03797602469374531,0.07529448051948046,1.9826846313348205,0.04950495049504951
sleep,sleep::wired_sleep_16,wired_sleep_16,expert,joint,ridge_prediction,13,2,0.5093202405508596,0.7191344048154249,0.07881216844941569,-0.20981416426456534,-2.6622051948644345,1.0
sleep,sleep::wired_sleep_16,wired_sleep_16,expert,joint,next_turn_ranking,13,2,0.5616666666666666,0.4311333333333333,0.052067727628364896,0.13053333333333333,2.506991168599084,0.009900990099009901
fractal,fractal::wired_fractal_12,wired_fractal_12,child,joint,ridge_prediction,30,3,0.700397251008397,0.7742651020324364,0.03429720799341782,-0.07386785102403937,-2.1537569774838747,0.9900990099009901
fractal,fractal::wired_fractal_12,wired_fractal_12,child,joint,next_turn_ranking,30,3,0.24256360923027587,0.2563768032379143,0.028297668379447784,-0.013813194007638419,-0.4881389456691335,0.7227722772277227
fractal,fractal::wired_fractal_13,wired_fractal_13,teenager,joint,ridge_prediction,13,3,0.52577357192413,0.6919873021989115,0.05596574078539458,-0.16621373027478148,-2.9699192388454616,1.0
fractal,fractal::wired_fractal_13,wired_fractal_13,teenager,joint,next_turn_ranking,13,3,0.49833333333333335,0.4424,0.05981983800613042,0.055933333333333335,0.9350298362158922,0.18811881188118812
fractal,fractal::wired_fractal_14,wired_fractal_14,undergraduate,joint,ridge_prediction,16,3,0.7867514708999085,0.7187470004224846,0.056690994313595235,0.06800447047742386,1.1995639042992674,0.13861386138613863
fractal,fractal::wired_fractal_14,wired_fractal_14,undergraduate,joint,next_turn_ranking,16,3,0.4994505494505495,0.37760989010989016,0.051529528654283424,0.12184065934065935,2.3644823176648884,0.019801980198019802
fractal,fractal::wired_fractal_15,wired_fractal_15,graduate,joint,ridge_prediction,27,3,0.5444989654177113,0.6922880531528333,0.04371823792231642,-0.147789087735122,-3.380490494555856,1.0
fractal,fractal::wired_fractal_15,wired_fractal_15,graduate,joint,next_turn_ranking,27,3,0.28062319624819626,0.2483980995855996,0.024974361381594392,0.03222509666259665,1.290327154725402,0.1188118811881188
fractal,fractal::wired_fractal_16,wired_fractal_16,expert,joint,ridge_prediction,30,3,0.5900842530256742,0.6714028914491382,0.04316015579417575,-0.08131863842346398,-1.884113644335768,0.9504950495049505
fractal,fractal::wired_fractal_16,wired_fractal_16,expert,joint,next_turn_ranking,30,3,0.2533344227788672,0.23319294388738837,0.02291432165951522,0.020141478891478826,0.8789908420926366,0.2079207920792079
laser,laser::wired_laser_12,wired_laser_12,child,joint,ridge_prediction,35,3,0.6997940259393726,0.8155717814064998,0.03586323354370688,-0.11577775546712721,-3.2283133456448567,1.0
laser,laser::wired_laser_12,wired_laser_12,child,joint,next_turn_ranking,35,3,0.24527123458649192,0.21471419233850303,0.023124950503413618,0.030557042247988886,1.3213884390143094,0.0891089108910891
laser,laser::wired_laser_13,wired_laser_13,teenager,joint,ridge_prediction,26,3,0.4717085309171456,0.6890208342619055,0.06114788357162611,-0.21731230334475993,-3.5538810282813675,1.0
laser,laser::wired_laser_13,wired_laser_13,teenager,joint,next_turn_ranking,26,3,0.30933716042411696,0.2612641320032624,0.04039910098316949,0.04807302842085459,1.1899529259545183,0.1188118811881188
laser,laser::wired_laser_14,wired_laser_14,undergraduate,joint,ridge_prediction,14,3,0.6056076274308847,0.6784176292553823,0.06186295006347416,-0.0728100018244976,-1.176956510314999,0.900990099009901
laser,laser::wired_laser_14,wired_laser_14,undergraduate,joint,next_turn_ranking,14,3,0.5833333333333333,0.4186060606060606,0.06051802605263583,0.16472727272727267,2.721953828831105,0.009900990099009901
laser,laser::wired_laser_15,wired_laser_15,graduate,joint,ridge_prediction,24,3,0.5629434723887101,0.6576456137917536,0.05782420014085411,-0.09470214140304345,-1.6377596434080932,0.9405940594059405
laser,laser::wired_laser_15,wired_laser_15,graduate,joint,next_turn_ranking,24,3,0.336885865457294,0.272858929430358,0.036699152654394114,0.06402693602693599,1.744643442585583,0.0297029702970297
laser,laser::wired_laser_16,wired_laser_16,expert,joint,ridge_prediction,42,3,0.6387797789058726,0.6850953478013647,0.032063521627336285,-0.046315568895492154,-1.444494133670116,0.9306930693069307
laser,laser::wired_laser_16,wired_laser_16,expert,joint,next_turn_ranking,42,3,0.20295136293588303,0.18334596591940602,0.015464857985737079,0.01960539701647701,1.2677385744220002,0.1188118811881188
sensing,sensing::wired_sensing_12,wired_sensing_12,child,joint,ridge_prediction,31,3,0.6295096614386487,0.662396142051381,0.0684394804318376,-0.03288648061273225,-0.48051914487406994,0.7326732673267327
sensing,sensing::wired_sensing_12,wired_sensing_12,child,joint,next_turn_ranking,31,3,0.24943003425146282,0.23171318165961022,0.02447867639460477,0.0177168525918526,0.723766771791529,0.22772277227722773
sensing,sensing::wired_sensing_13,wired_sensing_13,teenager,joint,ridge_prediction,67,3,0.7340331907942647,0.7208386098084266,0.03430057507571553,0.013194580985838034,0.38467521190860926,0.33663366336633666
sensing,sensing::wired_sensing_13,wired_sensing_13,teenager,joint,next_turn_ranking,67,3,0.20814485602941035,0.16695502584816652,0.02173301469092934,0.041189830181243836,1.8952653723845843,0.039603960396039604
sensing,sensing::wired_sensing_14,wired_sensing_14,undergraduate,joint,ridge_prediction,35,3,0.6101521261232147,0.6781477920922997,0.04174024769353041,-0.06799566596908502,-1.629019225480641,0.9603960396039604
sensing,sensing::wired_sensing_14,wired_sensing_14,undergraduate,joint,next_turn_ranking,35,3,0.2562111193545017,0.20839419332709774,0.021111299615043988,0.04781692602740395,2.2649920610917498,0.009900990099009901
sensing,sensing::wired_sensing_15,wired_sensing_15,graduate,joint,ridge_prediction,33,3,0.6379158782429151,0.6684506113797383,0.045719330424034525,-0.0305347331368232,-0.6678735854970259,0.7920792079207921
sensing,sensing::wired_sensing_15,wired_sensing_15,graduate,joint,next_turn_ranking,33,3,0.2960221260221259,0.2178322880822881,0.02563598457388581,0.0781898379398378,3.050003315241739,0.009900990099009901
sensing,sensing::wired_sensing_16,wired_sensing_16,expert,joint,ridge_prediction,27,3,0.7177866360660325,0.7094546108128245,0.06058579961538236,0.008332025253208086,0.13752439195492003,0.43564356435643564
sensing,sensing::wired_sensing_16,wired_sensing_16,expert,joint,next_turn_ranking,27,3,0.2583543771043771,0.24988123681873678,0.022045035737304885,0.008473140285640307,0.38435593330891965,0.3465346534653465
dimension,dimension::wired_dimension_12,wired_dimension_12,child,joint,ridge_prediction,50,4,0.6427176594018686,0.7099870617480332,0.03127063732008378,-0.06726940234616452,-2.1512002348273307,0.9801980198019802
dimension,dimension::wired_dimension_12,wired_dimension_12,child,joint,next_turn_ranking,50,4,0.17658068442766417,0.16023020127576917,0.01530297502093273,0.016350483151894996,1.068451273659494,0.16831683168316833
dimension,dimension::wired_dimension_13,wired_dimension_13,teenager,joint,ridge_prediction,42,4,0.7410823213060199,0.731255254520457,0.0315304001314616,0.009827066785562888,0.31166958695704167,0.39603960396039606
dimension,dimension::wired_dimension_13,wired_dimension_13,teenager,joint,next_turn_ranking,42,4,0.2327126430633218,0.19118347104215766,0.02097345636015276,0.04152917202116413,1.980082410263334,0.0594059405940594
dimension,dimension::wired_dimension_14,wired_dimension_14,undergraduate,joint,ridge_prediction,45,4,0.7481555291092304,0.7798005537099777,0.025284279090450314,-0.03164502460074725,-1.2515691860362095,0.8910891089108911
dimension,dimension::wired_dimension_14,wired_dimension_14,undergraduate,joint,next_turn_ranking,45,4,0.21257631012164407,0.19949844037214118,0.014210060575697039,0.013077869749502896,0.920324700928405,0.15841584158415842
dimension,dimension::wired_dimension_15,wired_dimension_15,graduate,joint,ridge_prediction,36,4,0.6547058246116675,0.6803493665339285,0.05086802219268889,-0.025643541922261037,-0.504119106992658,0.7722772277227723
dimension,dimension::wired_dimension_15,wired_dimension_15,graduate,joint,next_turn_ranking,36,4,0.20541627119167225,0.20045255237434378,0.023928031738981507,0.004963718817328461,0.2074436740754566,0.45544554455445546
dimension,dimension::wired_dimension_16,wired_dimension_16,expert,joint,ridge_prediction,50,4,0.5443811177429022,0.6544141090256228,0.03171240110368639,-0.1100329912827206,-3.469714920764227,1.0
dimension,dimension::wired_dimension_16,wired_dimension_16,expert,joint,next_turn_ranking,50,4,0.1745286885687644,0.15655337493199215,0.015617277952518655,0.017975313636772267,1.1509889041754118,0.12871287128712872
internet,internet::wired_internet_12,wired_internet_12,child,joint,ridge_prediction,27,4,0.6007967776148684,0.7081815060557723,0.04593745873239847,-0.10738472844090396,-2.337628841561677,0.9900990099009901
internet,internet::wired_internet_12,wired_internet_12,child,joint,next_turn_ranking,27,4,0.34581980519480515,0.2516966679154179,0.03316822337212515,0.09412313727938726,2.8377503438574023,0.019801980198019802
internet,internet::wired_internet_13,wired_internet_13,teenager,joint,ridge_prediction,15,4,0.6721034046809516,0.7287850220706689,0.08581546753476219,-0.05668161738971722,-0.6605058390756491,0.8118811881188119
internet,internet::wired_internet_13,wired_internet_13,teenager,joint,next_turn_ranking,15,4,0.4611111111111111,0.3922956349206349,0.06524865025163232,0.06881547619047618,1.0546651298546152,0.16831683168316833
internet,internet::wired_internet_14,wired_internet_14,undergraduate,joint,ridge_prediction,32,4,0.5102845005725456,0.660431375546584,0.04048648758140948,-0.15014687497403845,-3.7085675726284206,1.0
internet,internet::wired_internet_14,wired_internet_14,undergraduate,joint,next_turn_ranking,32,4,0.26239526756768133,0.2210909511943995,0.02510206755029222,0.04130431637328183,1.6454547534990198,0.06930693069306931
internet,internet::wired_internet_15,wired_internet_15,graduate,joint,ridge_prediction,15,4,0.5534913549858538,0.6416538834088469,0.062101347444133786,-0.0881625284229931,-1.4196556443852348,0.9108910891089109
internet,internet::wired_internet_15,wired_internet_15,graduate,joint,next_turn_ranking,15,4,0.4333333333333333,0.38796031746031756,0.046096584291687955,0.04537301587301573,0.9843032096674743,0.16831683168316833
internet,internet::wired_internet_16,wired_internet_16,expert,joint,ridge_prediction,28,4,0.5513556268058614,0.673826347352044,0.050639496211255394,-0.12247072054618269,-2.418482206759429,0.9900990099009901
internet,internet::wired_internet_16,wired_internet_16,expert,joint,next_turn_ranking,28,4,0.30366422466422466,0.2503841081141081,0.028678882097325296,0.05328011655011655,1.8578170644624137,0.0594059405940594
nuclear,nuclear::wired_nuclear_12,wired_nuclear_12,child,joint,ridge_prediction,31,4,0.766453460997465,0.7556850811285429,0.04137452247066345,0.010768379868922096,0.26026596141520186,0.38613861386138615
nuclear,nuclear::wired_nuclear_12,wired_nuclear_12,child,joint,next_turn_ranking,31,4,0.2739765195122338,0.24026388987996128,0.03242581510026465,0.033712629632272506,1.0396848784842838,0.1485148514851485
nuclear,nuclear::wired_nuclear_13,wired_nuclear_13,teenager,joint,ridge_prediction,18,4,0.8114456907672789,0.7927643680291916,0.045271733432706435,0.018681322738087314,0.41264871745757026,0.32673267326732675
nuclear,nuclear::wired_nuclear_13,wired_nuclear_13,teenager,joint,next_turn_ranking,18,4,0.36460317460317465,0.3333880952380952,0.03816948648491531,0.031215079365079446,0.817801920846269,0.22772277227722773
nuclear,nuclear::wired_nuclear_14,wired_nuclear_14,undergraduate,joint,ridge_prediction,23,4,0.8662712382400396,0.753104303233825,0.05062550693944485,0.11316693500621455,2.2353738628549036,0.0297029702970297
nuclear,nuclear::wired_nuclear_14,wired_nuclear_14,undergraduate,joint,next_turn_ranking,23,4,0.30291666666666667,0.2841253066378066,0.02815948331429837,0.01879136002886006,0.667319063319549,0.31683168316831684
nuclear,nuclear::wired_nuclear_15,wired_nuclear_15,graduate,joint,ridge_prediction,18,4,0.7272546021940341,0.7541079684996216,0.051709014911051634,-0.026853366305587434,-0.519316918950783,0.7425742574257426
nuclear,nuclear::wired_nuclear_15,wired_nuclear_15,graduate,joint,next_turn_ranking,18,4,0.3769047619047619,0.3391079365079365,0.04227954791790213,0.037796825396825384,0.8939742087644542,0.18811881188118812
nuclear,nuclear::wired_nuclear_16,wired_nuclear_16,expert,joint,ridge_prediction,11,4,0.42628397764901865,0.6916536219442782,0.0730622765836183,-0.2653696442952595,-3.6321020464172,1.0
nuclear,nuclear::wired_nuclear_16,wired_nuclear_16,expert,joint,next_turn_ranking,11,4,0.53125,0.4717708333333334,0.07146822260790374,0.05947916666666658,0.8322463396492629,0.19801980198019803
astro,astro::wired_astro_12,wired_astro_12,child,joint,gru_prediction,23,0,0.5531843304634094,0.7358631587028504,0.04487158848425076,-0.18267882823944093,-4.071146897408332,1.0
astro,astro::wired_astro_13,wired_astro_13,teenager,joint,gru_prediction,13,0,0.822816789150238,0.7599811506271362,0.11212607979686541,0.06283563852310181,0.5604016357027621,0.29411764705882354
astro,astro::wired_astro_14,wired_astro_14,undergraduate,joint,gru_prediction,17,0,0.5003172755241394,0.7076348233222961,0.09572568634278554,-0.2073175477981567,-2.1657462664281164,1.0
astro,astro::wired_astro_15,wired_astro_15,graduate,joint,gru_prediction,29,0,0.5367160439491272,0.6815166795253753,0.05264457427037183,-0.14480063557624812,-2.7505329387332775,0.9803921568627451
astro,astro::wired_astro_16,wired_astro_16,expert,joint,gru_prediction,14,0,0.33020898699760437,0.6917888754606247,0.11112678268911143,-0.36157988846302036,-3.2537600721742947,1.0
infinity,infinity::wired_infinity_12,wired_infinity_12,child,joint,gru_prediction,24,0,0.7057760953903198,0.7338018643856049,0.05729726413892732,-0.028025768995285083,-0.4891292702445908,0.7254901960784313
infinity,infinity::wired_infinity_13,wired_infinity_13,teenager,joint,gru_prediction,16,0,0.5706636905670166,0.7669756948947907,0.0772818328130739,-0.19631200432777407,-2.5402089622098565,1.0
infinity,infinity::wired_infinity_14,wired_infinity_14,undergraduate,joint,gru_prediction,35,0,0.5601377487182617,0.7264090859889984,0.04619636780993551,-0.16627133727073673,-3.5992296614059027,1.0
infinity,infinity::wired_infinity_15,wired_infinity_15,graduate,joint,gru_prediction,27,0,0.6006819009780884,0.7216664659976959,0.04502272624344306,-0.12098456501960753,-2.6871887847357367,1.0
infinity,infinity::wired_infinity_16,wired_infinity_16,expert,joint,gru_prediction,11,0,0.7003701329231262,0.7361644518375396,0.10155366693529892,-0.035794318914413426,-0.35246702551093917,0.7254901960784313
nano,nano::wired_nano_12,wired_nano_12,child,joint,gru_prediction,22,0,0.724970817565918,0.7708108079433441,0.05406891437536432,-0.04583999037742614,-0.8478067463901668,0.8431372549019608
nano,nano::wired_nano_13,wired_nano_13,teenager,joint,gru_prediction,21,0,0.6174299716949463,0.7310567402839661,0.06378358613297207,-0.11362676858901977,-1.7814421464503065,0.9411764705882353
nano,nano::wired_nano_14,wired_nano_14,undergraduate,joint,gru_prediction,24,0,0.5885556936264038,0.6807313990592957,0.05958809463183019,-0.09217570543289189,-1.5468812352938428,0.9215686274509803
nano,nano::wired_nano_15,wired_nano_15,graduate,joint,gru_prediction,9,0,0.5309810042381287,0.6665750616788864,0.13332028895551856,-0.1355940574407577,-1.017054932171635,0.8431372549019608
nano,nano::wired_nano_16,wired_nano_16,expert,joint,gru_prediction,15,0,0.45617836713790894,0.7293457853794098,0.05739638847506676,-0.2731674182415008,-4.75931370420921,1.0
zero,zero::wired_zero_12,wired_zero_12,child,joint,gru_prediction,16,0,0.8374311923980713,0.8421611261367797,0.0608316963091554,-0.004729933738708447,-0.07775442780142519,0.49019607843137253
zero,zero::wired_zero_13,wired_zero_13,teenager,joint,gru_prediction,16,0,0.8454008102416992,0.8180903244018555,0.05592834835857953,0.027310485839843746,0.4883120392675472,0.29411764705882354
zero,zero::wired_zero_14,wired_zero_14,undergraduate,joint,gru_prediction,35,0,0.6641643047332764,0.7270400631427765,0.043139327211431454,-0.0628757584095001,-1.4575043811262478,0.9019607843137255
zero,zero::wired_zero_15,wired_zero_15,graduate,joint,gru_prediction,34,0,0.7608132362365723,0.7270313906669617,0.03936747111826052,0.03378184556961061,0.8581157135577595,0.2549019607843137
zero,zero::wired_zero_16,wired_zero_16,expert,joint,gru_prediction,49,0,0.6966358423233032,0.7078601658344269,0.04204951539898596,-0.01122432351112368,-0.2669311026446302,0.6470588235294118
hacking,hacking::wired_hacking_12,wired_hacking_12,child,joint,gru_prediction,19,1,0.5671722888946533,0.7478151082992553,0.06618235040707353,-0.18064281940460203,-2.729471200305014,1.0
hacking,hacking::wired_hacking_13,wired_hacking_13,teenager,joint,gru_prediction,18,1,0.8003172278404236,0.7965258681774139,0.039478966650819396,0.003791359663009697,0.09603492656085025,0.49019607843137253
hacking,hacking::wired_hacking_14,wired_hacking_14,undergraduate,joint,gru_prediction,19,1,0.5734067559242249,0.723806734085083,0.0522957436202599,-0.15039997816085815,-2.8759506558119137,1.0
hacking,hacking::wired_hacking_15,wired_hacking_15,graduate,joint,gru_prediction,22,1,0.6278395056724548,0.7167895579338074,0.056436209053879687,-0.08895005226135255,-1.5761167121702289,0.9607843137254902
hacking,hacking::wired_hacking_16,wired_hacking_16,expert,joint,gru_prediction,18,1,0.6229597330093384,0.7347086155414582,0.056970811925810876,-0.11174888253211979,-1.9615111449989966,0.9607843137254902
moravec,moravec::wired_moravec_12,wired_moravec_12,child,joint,gru_prediction,29,1,0.6218304634094238,0.738344818353653,0.0296375160722574,-0.11651435494422913,-3.9313130918314023,1.0
moravec,moravec::wired_moravec_13,wired_moravec_13,teenager,joint,gru_prediction,28,1,0.684345543384552,0.726498680114746,0.04791475394824505,-0.04215313673019405,-0.8797527537285408,0.8235294117647058
moravec,moravec::wired_moravec_14,wired_moravec_14,undergraduate,joint,gru_prediction,19,1,0.6697646379470825,0.7312528443336487,0.05688516088334836,-0.06148820638656616,-1.0809182119157057,0.9019607843137255
moravec,moravec::wired_moravec_15,wired_moravec_15,graduate,joint,gru_prediction,18,1,0.5550113320350647,0.7242531704902649,0.07307368743268274,-0.16924183845520024,-2.3160434952883686,0.9803921568627451
moravec,moravec::wired_moravec_16,wired_moravec_16,expert,joint,gru_prediction,13,1,0.660230815410614,0.7658394014835358,0.07438326474091611,-0.10560858607292178,-1.419789605104944,0.9215686274509803
time,time::wired_time_12,wired_time_12,child,joint,gru_prediction,29,1,0.6475251913070679,0.7648101389408112,0.04390088828772705,-0.11728494763374331,-2.671584840494709,1.0
time,time::wired_time_13,wired_time_13,teenager,joint,gru_prediction,13,1,0.6821926832199097,0.7387333166599274,0.08506160839296133,-0.056540633440017696,-0.6647021436370619,0.7450980392156863
time,time::wired_time_14,wired_time_14,undergraduate,joint,gru_prediction,13,1,0.5336959362030029,0.7049619686603547,0.09668465029271012,-0.17126603245735172,-1.7713880325247962,0.9215686274509803
time,time::wired_time_15,wired_time_15,graduate,joint,gru_prediction,51,1,0.6743584275245667,0.6827093875408172,0.03617095134351449,-0.008350960016250575,-0.23087476845554178,0.6470588235294118
time,time::wired_time_16,wired_time_16,expert,joint,gru_prediction,23,1,0.5572230815887451,0.708021674156189,0.0575028386942246,-0.15079859256744388,-2.6224547516571493,1.0
gravity,gravity::wired_gravity_12,wired_gravity_12,child,joint,gru_prediction,45,2,0.7285560965538025,0.7606893992424011,0.03288024552781373,-0.0321333026885986,-0.9772829300017456,0.8235294117647058
gravity,gravity::wired_gravity_13,wired_gravity_13,teenager,joint,gru_prediction,37,2,0.5709822177886963,0.7429028761386871,0.03979670843827508,-0.17192065834999082,-4.319971804116431,1.0
gravity,gravity::wired_gravity_14,wired_gravity_14,undergraduate,joint,gru_prediction,32,2,0.6144881248474121,0.7457875609397888,0.04263072885052696,-0.1312994360923767,-3.0799247311192453,1.0
gravity,gravity::wired_gravity_15,wired_gravity_15,graduate,joint,gru_prediction,32,2,0.5119909048080444,0.7083786463737488,0.04040390187929156,-0.19638774156570438,-4.86061326830318,1.0
gravity,gravity::wired_gravity_16,wired_gravity_16,expert,joint,gru_prediction,38,2,0.6746900677680969,0.7038996624946594,0.03634200818213287,-0.029209594726562482,-0.8037419005624197,0.803921568627451
memory,memory::wired_memory_12,wired_memory_12,child,joint,gru_prediction,17,2,0.592782735824585,0.7300128018856049,0.07334121655255037,-0.13723006606101995,-1.8711179403833862,0.9803921568627451
memory,memory::wired_memory_13,wired_memory_13,teenager,joint,gru_prediction,11,2,0.8941013813018799,0.8894255352020264,0.06075260488154101,0.004675846099853498,0.07696535990466148,0.4117647058823529
memory,memory::wired_memory_14,wired_memory_14,undergraduate,joint,gru_prediction,13,2,0.6483972072601318,0.7237670862674713,0.1075455067269963,-0.07536987900733949,-0.7008184842037662,0.7254901960784313
memory,memory::wired_memory_15,wired_memory_15,graduate,joint,gru_prediction,15,2,0.6326149702072144,0.7309918677806855,0.09242658213292339,-0.09837689757347112,-1.0643788324011623,0.8235294117647058
memory,memory::wired_memory_16,wired_memory_16,expert,joint,gru_prediction,18,2,0.6056263446807861,0.7307210892438889,0.1070328008091939,-0.12509474456310277,-1.1687514819509177,0.8627450980392157
sleep,sleep::wired_sleep_12,wired_sleep_12,child,joint,gru_prediction,51,2,0.5986372828483582,0.7122913110256195,0.03412182828482706,-0.11365402817726133,-3.330830553056849,1.0
sleep,sleep::wired_sleep_13,wired_sleep_13,teenager,joint,gru_prediction,38,2,0.5761802792549133,0.7472755265235901,0.04365954459573691,-0.17109524726867675,-3.918850937473662,1.0
sleep,sleep::wired_sleep_14,wired_sleep_14,undergraduate,joint,gru_prediction,22,2,0.6433844566345215,0.7164702618122101,0.05867096980600451,-0.07308580517768859,-1.2456894000448044,0.9019607843137255
sleep,sleep::wired_sleep_15,wired_sleep_15,graduate,joint,gru_prediction,23,2,0.5272189974784851,0.7212541019916534,0.07536054664889948,-0.1940351045131683,-2.57475712612817,0.9803921568627451
sleep,sleep::wired_sleep_16,wired_sleep_16,expert,joint,gru_prediction,13,2,0.4168365001678467,0.7569410395622254,0.10261332972491558,-0.3401045393943787,-3.3144284500476333,1.0
fractal,fractal::wired_fractal_12,wired_fractal_12,child,joint,gru_prediction,30,3,0.7148897051811218,0.8088942492008209,0.043578627714514324,-0.09400454401969904,-2.157124924527851,0.9607843137254902
fractal,fractal::wired_fractal_13,wired_fractal_13,teenager,joint,gru_prediction,13,3,0.5351518988609314,0.7337977981567383,0.06200716069923455,-0.1986458992958069,-3.2035961178635146,1.0
fractal,fractal::wired_fractal_14,wired_fractal_14,undergraduate,joint,gru_prediction,16,3,0.7607733607292175,0.7522615790367126,0.05806290281178526,0.008511781692504883,0.14659586896811527,0.47058823529411764
fractal,fractal::wired_fractal_15,wired_fractal_15,graduate,joint,gru_prediction,27,3,0.5352599024772644,0.7163966727256775,0.05416171035895552,-0.18113677024841313,-3.344369464109114,1.0
fractal,fractal::wired_fractal_16,wired_fractal_16,expert,joint,gru_prediction,30,3,0.6172630190849304,0.7139990103244781,0.04320830134334852,-0.09673599123954768,-2.2388288414962,0.9803921568627451
laser,laser::wired_laser_12,wired_laser_12,child,joint,gru_prediction,35,3,0.6639542579650879,0.827394495010376,0.03013897809184761,-0.1634402370452881,-5.422885824038525,1.0
laser,laser::wired_laser_13,wired_laser_13,teenager,joint,gru_prediction,26,3,0.5151107907295227,0.7105222749710083,0.0620786550469731,-0.19541148424148558,-3.147804734068794,1.0
laser,laser::wired_laser_14,wired_laser_14,undergraduate,joint,gru_prediction,14,3,0.6445843577384949,0.7304962491989135,0.07796428097791192,-0.08591189146041867,-1.1019391236963807,0.8431372549019608
laser,laser::wired_laser_15,wired_laser_15,graduate,joint,gru_prediction,24,3,0.5432687997817993,0.6812928855419159,0.07792209128483542,-0.1380240857601166,-1.7713087968286827,0.9411764705882353
laser,laser::wired_laser_16,wired_laser_16,expert,joint,gru_prediction,42,3,0.6202099323272705,0.6929136109352112,0.04399704437477678,-0.07270367860794069,-1.6524673336834699,0.9215686274509803
sensing,sensing::wired_sensing_12,wired_sensing_12,child,joint,gru_prediction,31,3,0.6550559997558594,0.687276223897934,0.052816958882071455,-0.032220224142074594,-0.6100355799358914,0.7254901960784313
sensing,sensing::wired_sensing_13,wired_sensing_13,teenager,joint,gru_prediction,67,3,0.7334674000740051,0.7200546956062317,0.03992666261212537,0.013412704467773429,0.33593352387284453,0.37254901960784315
sensing,sensing::wired_sensing_14,wired_sensing_14,undergraduate,joint,gru_prediction,35,3,0.6141324043273926,0.7071725928783417,0.038180709273827655,-0.09304018855094909,-2.436837615657571,0.9803921568627451
sensing,sensing::wired_sensing_15,wired_sensing_15,graduate,joint,gru_prediction,33,3,0.652329683303833,0.6996026384830475,0.04566389464125108,-0.04727295517921448,-1.0352370412249032,0.803921568627451
sensing,sensing::wired_sensing_16,wired_sensing_16,expert,joint,gru_prediction,27,3,0.7247666120529175,0.7364005446434021,0.0691223860482612,-0.01163393259048462,-0.16830918687271323,0.6274509803921569
dimension,dimension::wired_dimension_12,wired_dimension_12,child,joint,gru_prediction,50,4,0.6336547136306763,0.7223607969284057,0.03248771761402803,-0.08870608329772944,-2.7304498380466904,1.0
dimension,dimension::wired_dimension_13,wired_dimension_13,teenager,joint,gru_prediction,42,4,0.756301999092102,0.7402641630172729,0.039926885858647745,0.016037836074829115,0.4016801142870873,0.37254901960784315
dimension,dimension::wired_dimension_14,wired_dimension_14,undergraduate,joint,gru_prediction,45,4,0.7379047870635986,0.7768187475204468,0.025063285479681466,-0.03891396045684814,-1.5526280657974896,0.9411764705882353
dimension,dimension::wired_dimension_15,wired_dimension_15,graduate,joint,gru_prediction,36,4,0.7073140144348145,0.6996643817424775,0.042410744474999186,0.007649632692336983,0.18037015824719568,0.5294117647058824
dimension,dimension::wired_dimension_16,wired_dimension_16,expert,joint,gru_prediction,50,4,0.5473693013191223,0.6923953700065613,0.039592250949176684,-0.14502606868743895,-3.6629912472924135,1.0
internet,internet::wired_internet_12,wired_internet_12,child,joint,gru_prediction,27,4,0.5755584836006165,0.7416460561752319,0.05871549860120199,-0.16608757257461548,-2.8286836786090994,0.9803921568627451
internet,internet::wired_internet_13,wired_internet_13,teenager,joint,gru_prediction,15,4,0.6496179699897766,0.7724893260002136,0.09713840285414728,-0.12287135601043697,-1.2649101941168166,0.8823529411764706
internet,internet::wired_internet_14,wired_internet_14,undergraduate,joint,gru_prediction,32,4,0.4983345866203308,0.6811511182785034,0.04322137883498524,-0.18281653165817258,-4.229770927858346,1.0
internet,internet::wired_internet_15,wired_internet_15,graduate,joint,gru_prediction,15,4,0.5317209959030151,0.6976251769065857,0.07022201741550696,-0.16590418100357052,-2.36256643015406,1.0
internet,internet::wired_internet_16,wired_internet_16,expert,joint,gru_prediction,28,4,0.5410491228103638,0.6961557281017303,0.044382476286066425,-0.15510660529136655,-3.4947713212672005,1.0
nuclear,nuclear::wired_nuclear_12,wired_nuclear_12,child,joint,gru_prediction,31,4,0.7634628415107727,0.7736784613132477,0.03469380023717868,-0.010215619802474984,-0.2944508740073879,0.5882352941176471
nuclear,nuclear::wired_nuclear_13,wired_nuclear_13,teenager,joint,gru_prediction,18,4,0.7935377359390259,0.799645516872406,0.05086025532993931,-0.006107780933380158,-0.12008946659347111,0.5294117647058824
nuclear,nuclear::wired_nuclear_14,wired_nuclear_14,undergraduate,joint,gru_prediction,23,4,0.8569055199623108,0.7564048159122467,0.05498034602422558,0.10050070405006406,1.827938732975256,0.058823529411764705
nuclear,nuclear::wired_nuclear_15,wired_nuclear_15,graduate,joint,gru_prediction,18,4,0.7100976705551147,0.7469217514991761,0.04410944325080581,-0.03682408094406131,-0.8348344080128146,0.803921568627451
nuclear,nuclear::wired_nuclear_16,wired_nuclear_16,expert,joint,gru_prediction,11,4,0.37593573331832886,0.7576428890228272,0.0802052669771162,-0.3817071557044983,-4.7591282978137235,1.0
