dataset,conversation_id,video_id,file_number,level,level_label,n_utterances,n_pairs,n_words,n_turns,embedding_dimension,k_used,pairwise_cosine_similarity_mean,pairwise_cosine_similarity_sd,pairwise_cosine_similarity_q10,pairwise_cosine_similarity_median,pairwise_cosine_similarity_q90,centroid_resultant_length,centroid_dispersion_cosine,radial_distance_mean_check,radial_distance_median,radial_distance_q90,pairwise_distance_mean,pairwise_distance_sd,pairwise_distance_q10,pairwise_distance_median,pairwise_distance_q90,pairwise_semantic_span,nearest_neighbor_distance_mean,nearest_neighbor_distance_median,knn_distance_median,maximum_available_rank,numerical_rank,total_variance,spectral_entropy,spectral_entropy_normalized,spectral_effective_rank,participation_ratio,pc1_variance_share,expert_n_utterances,partner_n_utterances,speaker_centroid_cosine_distance,speaker_centroid_euclidean_distance
wired,wired_Talia_12,talia,12,0,child,27,351,315,14,384,5,0.17498262630658504,0.14117155018907465,0.022235983504309477,0.14467162155876043,0.3866760963207719,0.4533638994585554,0.5466361005414446,0.5466361005414447,0.5584412740442606,0.6628236426199032,0.8250173736934151,0.14117155018907462,0.6133239036792282,0.8553283784412395,0.9777640164956906,0.3644401128164624,0.4999198696484849,0.5016822965289403,0.7301192170700959,26,26,0.8250173736934152,2.993522830840822,0.918795006810533,19.955859926175172,16.18181202151208,0.1339152574322856,19,1,0.46671104431152344,0.8467584252357483
wired,wired_astro_12,astro,12,0,child,56,1540,647,23,384,5,0.18388082491661287,0.1602024826208862,0.019967898695632383,0.14079524541338873,0.41633898887004794,0.44548219000823197,0.554517809991768,0.554517809991768,0.5362635138642298,0.7421664895730467,0.816119175083387,0.1602024826208862,0.5836610111299524,0.8592047545866113,0.9800321013043677,0.3963710901744153,0.4183748199205514,0.3999418323814066,0.595853398068451,55,55,0.8161191750833869,3.508484646856468,0.8755160813145453,33.397620230369384,22.5434297804966,0.12150127288947632,35,11,0.17095202207565308,0.3045123815536499
wired,wired_blockchain_12,blockchain,12,0,child,20,190,191,9,384,5,0.16733119003405875,0.14847227651768594,0.01816614488393598,0.13177155741970176,0.3617335464207476,0.4571264929232999,0.5428735070767001,0.5428735070767001,0.546826448655412,0.653285137102892,0.8326688099659413,0.14847227651768594,0.6382664535792525,0.8682284425802982,0.981833855116064,0.34356740153681153,0.4587559517922018,0.4338199726712577,0.7889886692501258,19,19,0.8326688099659408,2.6933830436991366,0.914735561767907,14.781598220891617,12.488392764842065,0.14891103460035382,11,4,0.3689928650856018,0.509598970413208
wired,wired_crispr_12,crispr,12,0,child,21,210,152,12,384,5,0.1871476863026684,0.16713440265516002,0.05623155900774148,0.13858700786193734,0.428767102612914,0.47524197977017424,0.5247580202298258,0.5247580202298259,0.5534334777884355,0.6399124727866132,0.8128523136973316,0.16713440265516002,0.5712328973870859,0.8614129921380627,0.9437684409922585,0.3725355436051726,0.40633268826239805,0.40387444966521047,0.7574503591381112,20,18,0.8128523136973317,2.6398546238201672,0.881205122074668,14.011166569797886,11.503852873468878,0.1741516716597188,12,1,0.7981826066970825,1.0275405645370483
wired,wired_dimension_12,dimension,12,0,child,89,3916,689,50,384,5,0.20407561180182524,0.16468844952885955,0.049587336994363136,0.1637280302933527,0.4238510664364441,0.4615393617620682,0.5384606382379318,0.5384606382379317,0.5425206430780827,0.693300693418078,0.7959243881981747,0.16468844952885955,0.5761489335635559,0.8362719697066473,0.9504126630056369,0.374263729442081,0.33917124437699914,0.3105561985778412,0.5463067312642906,88,81,0.7959243881981748,3.683956598587757,0.8228008638249139,39.803569674708186,22.84672270827264,0.14417289923486348,46,15,0.24115478992462158,0.36959323287010193
wired,wired_fractal_12,fractal,12,0,child,46,1035,482,30,384,5,0.19458896126135491,0.20615075407139183,0.02638685548257647,0.1297686359378668,0.46998434024407293,0.46054087428382295,0.539459125716177,0.5394591257161769,0.5187308987014196,0.6794170524814107,0.8054110387386452,0.20615075407139183,0.5300156597559271,0.8702313640621332,0.9736131445174235,0.4435974847614964,0.30766672165522085,0.27113586829131064,0.5535794171634572,45,39,0.8054110387386451,3.021085406430828,0.7936310126126022,20.513545138799557,12.551316265424003,0.20725306381515685,25,5,0.3141074776649475,0.4798209071159363
wired,wired_gravity_12,gravity,12,0,child,72,2556,853,45,384,5,0.16156124705094688,0.15185506065725396,0.019493418192360785,0.1209003267493986,0.3662314378051955,0.41618052541030176,0.5838194745896983,0.5838194745896982,0.5817380489333562,0.7208487602794001,0.8384387529490531,0.15185506065725396,0.6337685621948045,0.8790996732506013,0.9805065818076393,0.3467380196128348,0.37521770032621443,0.39301398229978923,0.6036717950084076,71,65,0.8384387529490533,3.6450462871431673,0.855106738550857,38.28454489275684,23.455777909402087,0.14432686227097075,37,6,0.18051671981811523,0.3593365550041199
wired,wired_hacking_12,hacking,12,0,child,40,780,618,19,384,5,0.20599636924476222,0.16170848090867918,0.03725859092073964,0.16745744607327834,0.4378479572680081,0.47523305862875653,0.5247669413712435,0.5247669413712435,0.4934790766575374,0.7187366547064589,0.7940036307552377,0.1617084809086792,0.5621520427319919,0.8325425539267217,0.9627414090792604,0.4005893663472685,0.4186917342828876,0.4214193932316106,0.6312917980159245,39,39,0.7940036307552378,3.246005265390306,0.8860244698815247,25.687519859883515,18.38271641388703,0.12196810609331123,25,9,0.26588064432144165,0.3972366750240326
wired,wired_infinity_12,infinity,12,0,child,43,903,441,24,384,5,0.20682476563187926,0.16405701423500593,0.044702624803765724,0.16522767238161404,0.4262032903437271,0.47462690749140934,0.5253730925085907,0.5253730925085907,0.5454357771390197,0.6835316031980707,0.7931752343681207,0.16405701423500593,0.5737967096562729,0.8347723276183859,0.9552973751962344,0.3815006655399614,0.367830909631652,0.34777477097421394,0.645426443846358,42,42,0.7931752343681209,3.2398468081029193,0.8668093060592422,25.52981048767181,17.994992439623648,0.13765788513066335,26,10,0.14113444089889526,0.31107547879219055
wired,wired_internet_12,internet,12,0,child,61,1830,608,27,384,5,0.17086650380107796,0.15530331692642385,0.013099483528868479,0.13623874869116073,0.40302479629230425,0.42948673576465846,0.5705132642353415,0.5705132642353414,0.5706075528884311,0.7407705023369414,0.829133496198922,0.15530331692642385,0.5969752037076959,0.8637612513088393,0.9869005164711315,0.38992531276343567,0.40387286019720336,0.4342529740670408,0.6047954543133667,60,57,0.8291334961989221,3.547003228500253,0.866317715716434,34.709146096831475,23.153896275026916,0.13042219950191453,38,6,0.35103511810302734,0.46476805210113525
wired,wired_laser_12,laser,12,0,child,73,2628,612,35,384,5,0.20343647035680162,0.17794914792934874,0.0474587743621779,0.15059863415730568,0.46940052608981586,0.4629776447410784,0.5370223552589216,0.5370223552589216,0.5303033208311159,0.7142704899122422,0.7965635296431983,0.17794914792934874,0.5305994739101849,0.8494013658426943,0.9525412256378221,0.42194175172763715,0.328213475480968,0.3527466770541723,0.5670862921672224,72,63,0.7965635296431984,3.5007987024180744,0.8185812511413711,33.14191191565653,19.012241677997206,0.16850635356349025,41,5,0.2581362724304199,0.3841280937194824
wired,wired_machine_12,machine,12,0,child,69,2346,638,35,384,5,0.16099851743118013,0.15919189672659817,0.010745350794019018,0.12291023302831178,0.37608767113211583,0.4161225290795247,0.5838774709204753,0.5838774709204754,0.5632543568106652,0.7063290517078671,0.8390014825688198,0.15919189672659817,0.6239123288678842,0.8770897669716883,0.9892546492059809,0.36534232033809677,0.33633713117175473,0.3582266670777182,0.5656215888399097,68,62,0.83900148256882,3.5412776099593493,0.8392632168002047,34.51098261202289,21.354120904541123,0.13463141385998806,34,8,0.34816306829452515,0.418845534324646
wired,wired_memory_12,memory,12,0,child,41,820,649,17,384,5,0.23484017528926845,0.17679641181278866,0.04668565653372798,0.1871316400229765,0.5013710535125072,0.5034904269579619,0.49650957304203813,0.4965095730420381,0.4855437104667333,0.6950241137502577,0.7651598247107314,0.17679641181278866,0.49862894648749284,0.8128683599770234,0.953314343466272,0.45468539697877913,0.3839250879127648,0.33960277085729407,0.6091257752111345,40,39,0.7651598247107316,3.2670839698551335,0.8856575582082507,26.234726441642525,18.85136457821156,0.1400826882247405,23,14,0.21155613660812378,0.3694157898426056
wired,wired_moravec_12,moravec,12,0,child,50,1225,461,29,384,5,0.19967435731374159,0.17186811565770335,0.04004428474731209,0.15653931571428528,0.4726658666071457,0.4644145456028124,0.5355854543971876,0.5355854543971875,0.5178453381136363,0.7015944301226934,0.8003256426862583,0.17186811565770335,0.5273341333928546,0.8434606842857147,0.9599557152526879,0.43262158185983324,0.31354900511816763,0.3123464323452776,0.5641211761568757,49,46,0.8003256426862586,3.2539752443394643,0.8361062420891276,25.893066867045604,17.27482473020246,0.15371066962797286,31,5,0.36031776666641235,0.4776670038700104
wired,wired_nano_12,nano,12,0,child,58,1653,514,22,384,5,0.18126393169667365,0.14618785689436925,0.028230472792532144,0.14922037914275507,0.37693474616799916,0.4420181792702102,0.5579818207297897,0.5579818207297899,0.5355851966376529,0.709439579944782,0.8187360683033263,0.14618785689436925,0.6230652538320008,0.8507796208572449,0.9717695272074678,0.34870427337546694,0.3917165691569092,0.3949965546415052,0.6232052786829667,57,54,0.8187360683033265,3.51906614591977,0.8703985957132259,33.75289346431611,23.655212410877173,0.1147046960889422,39,5,0.2966853976249695,0.40448862314224243
wired,wired_neuro_12,neuro,12,0,child,12,66,150,9,384,5,0.2117761620402236,0.1737432908740792,0.03959197679218095,0.1492397247395495,0.4725304779663543,0.5267461265830105,0.47325387341698955,0.4732538734169894,0.4042639410309032,0.6943641086697832,0.7882238379597765,0.1737432908740792,0.5274695220336457,0.8507602752604505,0.960408023207819,0.4329385011741733,0.5611735036415177,0.5274695220336457,0.7259445887642783,11,11,0.7882238379597767,2.2578516591903104,0.9415972769133375,9.562523524139023,8.541462650684986,0.20440860791269697,8,3,0.5125313997268677,0.639397144317627
wired,wired_nuclear_12,nuclear,12,0,child,73,2628,788,31,384,5,0.17811794304829046,0.14365408466785942,0.03389273223044353,0.1536722498361927,0.3405488694193607,0.4351742195520059,0.5648257804479941,0.564825780447994,0.548040872808616,0.7039572856523715,0.8218820569517096,0.14365408466785942,0.6594511305806394,0.8463277501638073,0.9661072677695566,0.30665613718891716,0.3907874467153789,0.40907439869323325,0.598944296858569,72,67,0.8218820569517093,3.6882363927334882,0.8624092435773432,39.974285813568315,25.739504606772876,0.1264510534275431,42,12,0.25165921449661255,0.34386885166168213
wired,wired_sensing_12,sensing,12,0,child,52,1326,476,31,384,5,0.17861706953055517,0.15532588803046918,0.029102896686298806,0.14041190870863504,0.3655667027874584,0.4409227768175579,0.5590772231824421,0.5590772231824421,0.5459451841875778,0.6864671779069327,0.821382930469445,0.1553258880304692,0.6344332972125416,0.8595880912913649,0.9708971033137013,0.33646380610115967,0.38978417066714016,0.4117477655125919,0.6266263463028146,51,46,0.821382930469445,3.378653433748539,0.8593090714980414,29.33124804031908,20.07213935623229,0.1383986883503286,27,8,0.21297037601470947,0.3387795686721802
wired,wired_sleep_12,sleep,12,0,child,93,4278,829,51,384,5,0.1582162247657996,0.14054378693402464,0.019514686775076288,0.1276135035508304,0.33677173635216556,0.4089836955297584,0.5910163044702417,0.5910163044702418,0.5890910474779605,0.701108610295583,0.8417837752342006,0.14054378693402464,0.6632282636478345,0.8723864964491697,0.9804853132249237,0.3172570495770892,0.3770558198761847,0.43290351021174023,0.6420464414188227,92,89,0.8417837752342003,3.8652206726338045,0.8547990704944197,47.71380040103205,29.224935661310123,0.11781999788448143,47,9,0.27204442024230957,0.3728709816932678
wired,wired_time_12,time,12,0,child,80,3160,667,29,384,5,0.17039943806582325,0.127580879811663,0.041801995608458334,0.14351214603212342,0.33407710677439373,0.4251699014394133,0.5748300985605868,0.5748300985605866,0.5573424586071374,0.6878869225850658,0.8296005619341768,0.127580879811663,0.6659228932256063,0.8564878539678766,0.9581980043915417,0.2922751111659354,0.39058850716364424,0.4222835466221716,0.6287857386345681,79,76,0.8296005619341769,3.804743084875356,0.8707606117160022,44.91370961930814,30.794844665673487,0.09886354050117932,47,5,0.25043898820877075,0.3996313512325287
wired,wired_zero_12,zero,12,0,child,57,1596,481,16,384,5,0.17098926798081998,0.15795594296051996,0.03278861712585632,0.13686609668723415,0.3275552211876265,0.4307357843399838,0.5692642156600163,0.5692642156600161,0.5682881977045834,0.6891537866754778,0.8290107320191801,0.15795594296051996,0.6724447788123735,0.8631339033127658,0.9672113828741437,0.29476660406177013,0.34008914365859344,0.35464171016839086,0.6430091395228523,56,50,0.82901073201918,3.382170178222163,0.8402173121932801,29.4345801345585,20.23956212966424,0.12481442469212826,34,7,0.3584381341934204,0.4735527038574219
wired,wired_Talia_13,talia,13,1,teenager,60,1770,813,40,384,5,0.167689687444232,0.15203261002173304,0.012780497096435329,0.13386268006047858,0.3858023868105139,0.42610037078935764,0.5738996292106424,0.5738996292106422,0.5597553647573694,0.7317565266805249,0.8323103125557679,0.15203261002173304,0.6141976131894863,0.8661373199395215,0.9872195029035647,0.37302188971407846,0.4304630643368644,0.40886962376831115,0.6211146871781726,59,58,0.8323103125557683,3.5629010246765067,0.8737874449201226,35.265354556669436,23.029034538553258,0.12293677513856742,37,8,0.4639720320701599,0.46902480721473694
wired,wired_astro_13,astro,13,1,teenager,53,1378,796,13,384,5,0.19981215751191697,0.1744299038719944,0.014654496791303826,0.15171932050498488,0.4735015654560304,0.4635839096996862,0.5364160903003138,0.5364160903003137,0.5291874141845523,0.74267239029829,0.800187842488083,0.1744299038719944,0.5264984345439696,0.8482806794950151,0.9853455032086962,0.4588470686647266,0.39398480394181334,0.36663187184614143,0.5109297287925476,52,52,0.8001878424880833,3.396115472820496,0.8595054404894484,29.84792946632347,18.396211113766093,0.16171168449108295,44,6,0.2984951138496399,0.439706951379776
wired,wired_blockchain_13,blockchain,13,1,teenager,32,496,373,19,384,5,0.18517956671684307,0.1421519618157371,0.041692538112954466,0.15333968536716572,0.36271210312737134,0.45895828269783057,0.5410417173021694,0.5410417173021694,0.5342706081139859,0.6287725526350173,0.8148204332831569,0.14215196181573714,0.6372878968726287,0.8466603146328343,0.9583074618870455,0.32101956501441686,0.46625144091951326,0.49927836907177814,0.6827381320818591,31,29,0.8148204332831573,3.0911184033614023,0.9001543160452312,22.001670963521942,17.128447259725146,0.13844083407932908,17,7,0.3298254609107971,0.43414315581321716
wired,wired_crispr_13,crispr,13,1,teenager,24,276,333,11,384,5,0.2229320872371845,0.17820362500161163,0.04447620188251884,0.16593885461546892,0.5109092076604835,0.5052820172296211,0.49471798277037893,0.4947179827703789,0.5015363324411874,0.6981284128541287,0.7770679127628155,0.17820362500161163,0.4890907923395164,0.834061145384531,0.9555237981174811,0.4664330057779647,0.4196248639161982,0.3663199349364422,0.6918691492772082,23,23,0.7770679127628156,2.8070326530916048,0.8952440858704594,16.560703883426044,13.231193890823352,0.14799349471244067,15,4,0.43112021684646606,0.577309250831604
wired,wired_dimension_13,dimension,13,1,teenager,96,4560,845,42,384,5,0.20286136802716356,0.17840362147223163,0.0515472653801248,0.1519843838931115,0.44516698329144344,0.45952681689271113,0.5404731831072889,0.5404731831072889,0.5612036792001523,0.6670647832134131,0.7971386319728365,0.17840362147223165,0.5548330167085566,0.8480156161068885,0.9484527346198753,0.3936197179113188,0.3012433566765667,0.2992438111794382,0.5442206154049152,95,81,0.7971386319728366,3.635259269123656,0.7982778971976072,37.91168095132816,19.13188015172639,0.17818197292402715,44,8,0.20290839672088623,0.34828150272369385
wired,wired_fractal_13,fractal,13,1,teenager,40,780,555,13,384,5,0.21936247218202537,0.16334383388245757,0.058827614229840786,0.17849576494431002,0.43530331467447997,0.488751890408083,0.511248109591917,0.511248109591917,0.47619245026278656,0.6441074828345877,0.7806375278179746,0.16334383388245757,0.56469668532552,0.82150423505569,0.9411723857701593,0.3764757004446393,0.3708862029050839,0.3429684003164909,0.5932470501001075,39,37,0.7806375278179748,3.1472005632411437,0.8590548944538684,23.270828099254224,16.218751325459337,0.14194352035252414,29,6,0.256989061832428,0.4044106602668762
wired,wired_gravity_13,gravity,13,1,teenager,117,6786,1459,37,384,5,0.187253740422808,0.12772938646647333,0.04928830691395204,0.1661169972429658,0.3545976906524114,0.4406816193693169,0.5593183806306832,0.5593183806306831,0.5584420242747746,0.7087593765370709,0.812746259577192,0.12772938646647333,0.6454023093475886,0.8338830027570342,0.950711693086048,0.3053093837384594,0.4019046500231807,0.40475270278481845,0.5681558828663338,116,115,0.8127462595771918,4.084117950939309,0.8591649230891649,59.38953016231481,37.98082348174295,0.07591679107269463,86,13,0.2590842843055725,0.3811866343021393
wired,wired_hacking_13,hacking,13,1,teenager,37,666,530,18,384,5,0.23179721865558214,0.16042045813467426,0.060954997985756945,0.19838813980490838,0.4470992719524305,0.5025529384942596,0.49744706150574036,0.4974470615057404,0.43530818937124405,0.6656000959222798,0.7682027813444179,0.16042045813467426,0.5529007280475695,0.8016118601950917,0.9390450020142431,0.3861442739666736,0.41594433535137343,0.39987207280741377,0.5912330060056863,36,35,0.7682027813444176,3.185346620114735,0.8888878989675664,24.175666726088444,18.037927589704342,0.12791171401679763,21,9,0.23647058010101318,0.4059373736381531
wired,wired_infinity_13,infinity,13,1,teenager,53,1378,649,16,384,5,0.23043427858655674,0.19039502745614853,0.039252899385176634,0.17466606455184683,0.5259452693758139,0.4949286681308264,0.5050713318691735,0.5050713318691735,0.4773617814171537,0.6982194702822767,0.7695657214134433,0.19039502745614853,0.47405473062418607,0.8253339354481533,0.9607471006148233,0.4866923699906372,0.35048227435271817,0.3069932518312821,0.4615078084600954,52,52,0.7695657214134435,3.309102727134343,0.837483831122008,27.3605645624613,16.35926408604924,0.17638501190761272,35,9,0.23171037435531616,0.366432785987854
wired,wired_internet_13,internet,13,1,teenager,53,1378,784,15,384,5,0.1829883305607502,0.1432356970940022,0.024055257345859303,0.15637913636373035,0.38600715376888856,0.4454252407289824,0.5545747592710176,0.5545747592710176,0.5544899305244109,0.7382414413438867,0.8170116694392499,0.1432356970940022,0.6139928462311115,0.8436208636362696,0.9759447426541407,0.36195189642302916,0.42744091547144875,0.41240269518186823,0.6170619220606051,52,52,0.81701166943925,3.5400068482856377,0.8959221704391771,34.46715523097329,25.474321064348004,0.09643126719761673,42,6,0.31714439392089844,0.43924951553344727
wired,wired_laser_13,laser,13,1,teenager,76,2850,1144,26,384,5,0.20382263052256755,0.1566228664808693,0.0333692735479385,0.17132233971979655,0.4231973028690665,0.4629240202689935,0.5370759797310065,0.5370759797310065,0.5181648021512752,0.7303459438554032,0.7961773694774323,0.1566228664808693,0.5768026971309336,0.8286776602802035,0.9666307264520615,0.3898280293211279,0.3993536967007681,0.40561765663404925,0.5653922716784172,75,73,0.7961773694774323,3.700441476633703,0.8570820299497698,40.46516484204127,26.17825617743647,0.11195894976993132,49,16,0.19100940227508545,0.31787022948265076
wired,wired_machine_13,machine,13,1,teenager,65,2080,786,22,384,5,0.151004792641121,0.13935791681230028,0.016653328274120596,0.11787952138785145,0.3393979862834681,0.4050509318218132,0.5949490681781868,0.5949490681781868,0.6115859372776414,0.7042408130278999,0.848995207358879,0.13935791681230028,0.6606020137165319,0.8821204786121486,0.9833466717258794,0.3227446580093475,0.43213830788451935,0.42265531741287277,0.6908563080472533,64,63,0.8489952073588791,3.659421249842588,0.8799048149452657,38.83885837011035,26.35625322077006,0.11548925883336338,27,21,0.23557257652282715,0.32512834668159485
wired,wired_memory_13,memory,13,1,teenager,34,561,659,11,384,5,0.19190256018917068,0.1445395074589176,0.04229249338255654,0.1639616357608264,0.3775596607170285,0.4644029844308849,0.5355970155691151,0.5355970155691151,0.5485194056644482,0.6694245047074389,0.8080974398108294,0.1445395074589176,0.6224403392829715,0.8360383642391735,0.9577075066174434,0.3352671673344719,0.4758175817371137,0.4978271859730131,0.6953980608547106,33,33,0.8080974398108295,3.1727130310132363,0.9073948719511877,23.87216249706336,18.36963588370348,0.13491695410651075,26,7,0.4548085927963257,0.5152134895324707
wired,wired_moravec_13,moravec,13,1,teenager,58,1653,717,28,384,5,0.18247740330862067,0.17114731871051106,0.02740304469078943,0.13652052870544937,0.43149975658714007,0.44336510969285214,0.5566348903071479,0.5566348903071479,0.5343728804951416,0.7408564526637437,0.8175225966913795,0.17114731871051106,0.5685002434128599,0.8634794712945506,0.9725969553092105,0.40409671189635066,0.415519077825085,0.398324130813131,0.576086298005428,57,53,0.8175225966913794,3.470409221714648,0.8583638919754267,32.149896188814886,20.524108829374146,0.15161988809604504,37,6,0.20663577318191528,0.41652712225914
wired,wired_nano_13,nano,13,1,teenager,61,1830,666,21,384,5,0.17609791163590335,0.1502264352871166,0.023777723832518693,0.14283561131249367,0.3720356741451187,0.43543599213711026,0.5645640078628897,0.5645640078628897,0.5784657382852059,0.745864192656683,0.8239020883640966,0.1502264352871166,0.6279643258548814,0.8571643886875063,0.9762222761674814,0.3482579503126,0.40963310662414026,0.4091866268486244,0.6363396371029186,60,58,0.8239020883640968,3.5736730261217495,0.8728315293967908,35.64728639895247,24.656428563326905,0.11249772122377528,39,7,0.3680438995361328,0.4643382430076599
wired,wired_neuro_13,neuro,13,1,teenager,13,78,167,8,384,5,0.209160206101599,0.158379579472035,0.021191811291061922,0.15550338841818895,0.43239013783739183,0.5196095037636206,0.4803904962363794,0.48039049623637947,0.41188341856548194,0.6847662238249791,0.7908397938984009,0.158379579472035,0.5676098621626081,0.8444966115818111,0.978808188708938,0.41119832654632993,0.5724319834223146,0.5285645245584928,0.6940936065955365,12,12,0.7908397938984012,2.366553824171216,0.952371319209564,10.660590638283429,9.625181104942957,0.16537851075287235,6,3,0.6654609441757202,0.7940200567245483
wired,wired_nuclear_13,nuclear,13,1,teenager,58,1653,803,18,384,5,0.180407663771802,0.15367632820295687,0.020543579716085763,0.1446145191028602,0.39327412639644255,0.44106526288131553,0.5589347371186845,0.5589347371186844,0.5692059348397498,0.7283336638012945,0.8195923362281979,0.15367632820295687,0.6067258736035575,0.8553854808971398,0.9794564202839142,0.37273054668035677,0.41818092837122856,0.38407008213530675,0.6228406206806951,57,56,0.819592336228198,3.5336988864135654,0.8740178277052141,34.250422021007594,22.881582275601346,0.12827525142221116,45,4,0.32629555463790894,0.44377046823501587
wired,wired_sensing_13,sensing,13,1,teenager,90,4005,840,67,384,5,0.17539969822413076,0.2058155575829408,0.00909015038850024,0.1161575732771039,0.455153129358995,0.4296067082802807,0.5703932917197193,0.5703932917197192,0.5819668733672982,0.7344351122857604,0.8246003017758692,0.2058155575829408,0.5448468706410049,0.8838424267228961,0.9909098496114997,0.44606297897049485,0.3328379611557472,0.34733153694490343,0.4857347499940167,89,71,0.8246003017758691,3.4538457968361578,0.7694643790096695,31.621769664553007,15.495718312873837,0.20148912507461475,45,15,0.15273165702819824,0.25334638357162476
wired,wired_sleep_13,sleep,13,1,teenager,80,3160,891,38,384,5,0.20836921464476926,0.17761297262146783,0.033416654361942674,0.1453914400836755,0.46653126877817935,0.4671879701594526,0.5328120298405474,0.5328120298405473,0.5324565737573739,0.7342306871178326,0.7916307853552308,0.17761297262146783,0.5334687312218206,0.8546085599163245,0.9665833456380573,0.43311461441623667,0.32133698071954575,0.2973811329769912,0.49284969216901126,79,73,0.7916307853552307,3.646266930295661,0.8344914628599933,38.33130519334094,22.00982242123043,0.15618327708419438,40,12,0.16020435094833374,0.30975160002708435
wired,wired_time_13,time,13,1,teenager,71,2485,975,13,384,5,0.1715106588440073,0.14890543776597198,0.025878940184613446,0.13336784912596497,0.38601338307196004,0.4279947695988245,0.5720052304011756,0.5720052304011757,0.5839787785802936,0.7014203088716202,0.8284893411559927,0.14890543776597195,0.6139866169280399,0.866632150874035,0.9741210598153865,0.36013444288734664,0.3927953697315346,0.36504764371663456,0.6137914013025456,70,70,0.8284893411559925,3.6530613763491786,0.8598482917417698,38.59263195860836,24.86541256391576,0.10936699685071653,58,6,0.3716517686843872,0.4691840410232544
wired,wired_zero_13,zero,13,1,teenager,53,1378,483,16,384,5,0.1839836241530354,0.15315669593808406,0.046491441013729054,0.14089170735492307,0.37411228538352415,0.4465200550326652,0.5534799449673349,0.5534799449673349,0.5230815847886104,0.6641710666283981,0.8160163758469645,0.15315669593808406,0.6258877146164757,0.8591082926450769,0.953508558986271,0.3276208443697952,0.364006169836642,0.3875386665241203,0.5952919916062435,52,46,0.8160163758469646,3.3608715978952532,0.8505857490111672,28.81429441592471,19.746084955776414,0.1437570198081878,27,7,0.2679784297943115,0.41873419284820557
wired,wired_Talia_14,talia,14,2,undergraduate,44,946,830,29,384,5,0.20514758367874716,0.19064946920272308,-0.00044991184640761294,0.14550035792744892,0.4948960248427634,0.47245360758746674,0.5275463924125332,0.5275463924125333,0.5037095477584732,0.79700366008973,0.7948524163212528,0.19064946920272308,0.5051039751572366,0.8544996420725511,1.0004499118464076,0.49534593668917104,0.4146388048717236,0.38575559582540286,0.5373968740000898,43,42,0.794852416321253,3.3101764407061594,0.880085169330525,27.389957749072405,18.618394878746223,0.14564768748089701,29,9,0.2397228479385376,0.36775100231170654
wired,wired_astro_14,astro,14,2,undergraduate,52,1326,897,17,384,5,0.2601280748743754,0.1889386964565982,0.012701421943209418,0.24385702020446226,0.5114325606020549,0.5237903980857145,0.4762096019142855,0.47620960191428546,0.4189951552689312,0.7392804908223556,0.7398719251256246,0.18893869645659822,0.4885674393979451,0.7561429797955377,0.9872985780567907,0.49873113865884555,0.3883017861136601,0.36890815505774643,0.4804978828568745,51,51,0.7398719251256248,3.444293220928328,0.8760035522078351,31.321138496607272,21.655858705132932,0.1212604251738175,34,15,0.11033260822296143,0.25913333892822266
wired,wired_blockchain_14,blockchain,14,2,undergraduate,23,253,414,7,384,5,0.24400506842765368,0.16394975281996507,0.06779390664408977,0.21036316087522874,0.5079548882487337,0.5261885719764591,0.4738114280235409,0.4738114280235409,0.4620440440786133,0.6740175726524263,0.7559949315723464,0.16394975281996507,0.49204511175126636,0.7896368391247712,0.9322060933559102,0.44016098160464384,0.4813146929418078,0.4909687528381743,0.6572056188351599,22,22,0.7559949315723461,2.842952123535815,0.9197389445256698,17.16636804710167,13.782367129655771,0.16168221170176653,20,3,0.3428347706794739,0.5026516318321228
wired,wired_crispr_14,crispr,14,2,undergraduate,29,406,320,14,384,5,0.19076902643692814,0.17011835178312604,0.044577090594040074,0.1373870791601578,0.44303095627225686,0.4676254299828969,0.5323745700171031,0.5323745700171031,0.5372246045971926,0.6456247335392223,0.8092309735630718,0.17011835178312604,0.5569690437277433,0.8626129208398422,0.95542290940596,0.3984538656782167,0.39096171390620965,0.3963887529253346,0.738235388903288,28,27,0.8092309735630717,2.906764211067727,0.8723246734081435,18.29749583868206,13.56912061303254,0.1795302459954858,11,11,0.2857813239097595,0.41867974400520325
wired,wired_dimension_14,dimension,14,2,undergraduate,99,4851,1290,45,384,5,0.20143772871618185,0.15731182944063068,0.0352353398505431,0.16429413243159388,0.4249490063934306,0.4577160848000704,0.5422839151999296,0.5422839151999296,0.5424385958778137,0.6933610535241939,0.7985622712838181,0.15731182944063068,0.5750509936065694,0.8357058675684061,0.9647646601494569,0.3897136665428875,0.3485452483450787,0.3548299443789824,0.5390555395388912,98,89,0.7985622712838182,3.820307812096863,0.8332246258820957,45.618248008519764,25.12878113865915,0.14482731915963545,55,11,0.207045316696167,0.34693643450737
wired,wired_fractal_14,fractal,14,2,undergraduate,47,1081,747,16,384,5,0.17981213437943205,0.1515855734680663,0.015888944718081527,0.15206973334849783,0.3698675486890852,0.44414292748048295,0.5558570725195171,0.5558570725195171,0.5536043286430661,0.7259863877056831,0.8201878656205679,0.1515855734680663,0.6301324513109148,0.8479302666515022,0.9841110552819184,0.35397860397100367,0.46323041616669325,0.4670790997382288,0.651772275947374,46,46,0.820187865620568,3.4357645966255355,0.8973848007223053,31.055148151779516,23.43716590783529,0.09301210027052982,35,10,0.3280720114707947,0.37907877564430237
wired,wired_gravity_14,gravity,14,2,undergraduate,104,5356,1286,32,384,5,0.19005231503923653,0.13691406891928176,0.046408153803897484,0.16630831233876875,0.3638287469302962,0.4447923937619377,0.5552076062380623,0.5552076062380623,0.563331769110401,0.6989278073793445,0.8099476849607636,0.13691406891928176,0.6361712530697037,0.8336916876612313,0.9535918461961025,0.3174205931263988,0.37930129213083724,0.3932141727997205,0.5474637895933503,103,97,0.8099476849607636,3.925559938800932,0.8469880221195866,50.68144862477949,30.583747163491328,0.11005957518308823,73,10,0.23067402839660645,0.3531564772129059
wired,wired_hacking_14,hacking,14,2,undergraduate,56,1540,1218,19,384,5,0.18852315008285375,0.13673731878741735,0.03464503325868236,0.16872304598027932,0.35936126334504065,0.4505705362283341,0.5494294637716659,0.5494294637716659,0.5422791851091622,0.6563311840407571,0.8114768499171462,0.13673731878741735,0.6406387366549594,0.8312769540197207,0.9653549667413176,0.3247162300863582,0.4339420071195682,0.408014277230644,0.6228631202005698,55,55,0.8114768499171461,3.546852890114762,0.8850905892191252,34.70392837206748,24.00533298874441,0.11876654631454207,41,14,0.20192945003509521,0.3065681457519531
wired,wired_infinity_14,infinity,14,2,undergraduate,92,4186,1353,35,384,5,0.19782219049426988,0.15995929292140157,0.03517503472444136,0.15679399429261393,0.4331419881241365,0.45446838670102946,0.5455316132989705,0.5455316132989705,0.5515361024555552,0.7230016471412944,0.8021778095057301,0.15995929292140157,0.5668580118758635,0.843206005707386,0.9648249652755587,0.39796695339969523,0.36418650312713086,0.3436295510799938,0.5332856779584022,91,90,0.80217780950573,3.788174225874759,0.8397898937889718,44.1756718038863,26.736066290471726,0.11687262763473731,63,14,0.16238802671432495,0.2930062711238861
wired,wired_internet_14,internet,14,2,undergraduate,62,1891,874,32,384,5,0.1438805610905874,0.1265880165019346,0.011363696758637147,0.12026133276556826,0.31065309409830383,0.39710066625166146,0.6028993337483386,0.6028993337483388,0.6071264616741652,0.7215883173852622,0.8561194389094126,0.1265880165019346,0.6893469059016961,0.8797386672344317,0.9886363032413629,0.29928939733966675,0.4600767588157056,0.4319855494618706,0.6557136091662848,61,61,0.8561194389094124,3.6974242282174683,0.8994253655994899,40.34325539553761,29.919717519842376,0.07468928056616246,43,15,0.1782437562942505,0.25537368655204773
wired,wired_laser_14,laser,14,2,undergraduate,64,2016,971,14,384,5,0.17057238360578555,0.1514808783446086,0.019092787490518077,0.1320887680520969,0.3845957587703226,0.4284065710419778,0.5715934289580222,0.5715934289580222,0.5674369460162616,0.7398535573704478,0.8294276163942145,0.1514808783446086,0.6154042412296774,0.8679112319479031,0.980907212509482,0.3655029712798046,0.4227022880091201,0.39075944352900943,0.5936163048634535,63,63,0.8294276163942145,3.61115060281066,0.8715986424018114,37.008610537913015,24.920168010976283,0.10351256586343945,46,10,0.3609763979911804,0.42202261090278625
wired,wired_machine_14,machine,14,2,undergraduate,57,1596,1032,22,384,5,0.18472119053601885,0.13847171420187834,0.03106734904505414,0.16006114164322133,0.3771927796640108,0.44612142690545464,0.5538785730945454,0.5538785730945454,0.514849501688824,0.7520855594531334,0.8152788094639812,0.13847171420187834,0.6228072203359892,0.8399388583567786,0.9689326509549459,0.3461254306189566,0.48006264923699654,0.4801154107888821,0.6543846522750264,56,56,0.8152788094639811,3.6495464820678496,0.9066404037360852,38.45722105415339,28.520629689203993,0.09635433132536712,30,21,0.13705295324325562,0.256242960691452
wired,wired_memory_14,memory,14,2,undergraduate,49,1176,1232,13,384,5,0.276018556811753,0.1806850417063151,0.04991068312747554,0.25932775800533914,0.525697172977615,0.5392528982818643,0.4607471017181357,0.46074710171813565,0.39017050651385776,0.7433093587234849,0.7239814431882471,0.1806850417063151,0.4743028270223851,0.740672241994661,0.9500893168725244,0.4757864898501393,0.4476651408422415,0.41481710809192096,0.49618036157667456,48,48,0.7239814431882471,3.4796224090737073,0.8988482900446575,32.44746789301769,23.125437092697176,0.12337508570842423,37,11,0.13634908199310303,0.302462637424469
wired,wired_moravec_14,moravec,14,2,undergraduate,49,1176,804,19,384,5,0.2401046263879851,0.1649860084318207,0.05622832586041163,0.20692397225793369,0.4847334720829005,0.5055815416302398,0.49441845836976017,0.4944184583697601,0.47599787476635935,0.7047059828137725,0.759895373612015,0.1649860084318207,0.5152665279170995,0.7930760277420663,0.9437716741395883,0.4285051462224888,0.3919549262355674,0.3797404428941964,0.5588496276771011,48,47,0.759895373612015,3.3711158680255977,0.870819122677122,29.110992966838484,20.469821589956958,0.12767457211278915,29,14,0.1432708501815796,0.2989683747291565
wired,wired_nano_14,nano,14,2,undergraduate,86,3655,1010,24,384,5,0.17775411233921898,0.14967228753743594,0.005486597218508722,0.15510225906288752,0.37219880297421615,0.4327991578468574,0.5672008421531426,0.5672008421531427,0.5562359154954404,0.7723858344567736,0.822245887660781,0.14967228753743594,0.6278011970257839,0.8448977409371125,0.9945134027814913,0.3667122057557074,0.4122613648660652,0.3955197083640883,0.5953951557281127,85,83,0.822245887660781,3.8303414635199537,0.8621746885768193,46.07826959634822,29.744735834190305,0.10853035944368664,45,25,0.12981116771697998,0.24817615747451782
wired,wired_neuro_14,neuro,14,2,undergraduate,20,190,295,9,384,5,0.20921167337541552,0.18486819406038568,0.03177407277134294,0.141062289204205,0.4945243678387515,0.49874952602147377,0.5012504739785262,0.5012504739785262,0.44531123022677804,0.6775232001762486,0.7907883266245845,0.18486819406038568,0.5054756321612485,0.858937710795795,0.9682259272286571,0.4627502950674086,0.43788789684947654,0.4226945849769369,0.6566421416380586,19,19,0.7907883266245848,2.658861255941186,0.9030111592578833,14.280018550156845,11.248377268234261,0.19722311266668166,10,5,0.28125476837158203,0.4507535398006439
wired,wired_nuclear_14,nuclear,14,2,undergraduate,117,6786,810,23,384,5,0.18934713486300153,0.14172643377106614,0.03967144916429122,0.1621169039792763,0.3717957824864015,0.44303023805377495,0.556969761946225,0.5569697619462253,0.5563774546115683,0.7020940333069102,0.8106528651369983,0.14172643377106617,0.6282042175135986,0.8378830960207237,0.9603285508357088,0.3321243333221102,0.3621259417753446,0.3542705780739911,0.52361001614332,116,112,0.8106528651369986,3.978549135531355,0.8369566949576224,53.43944456371697,31.426399747777634,0.11259909180684591,64,13,0.2646216154098511,0.36442509293556213
wired,wired_sensing_14,sensing,14,2,undergraduate,63,1953,879,35,384,5,0.20131631067821001,0.17536877706170428,0.025148723051071697,0.1606507201626026,0.4544488476937899,0.46259467091216444,0.5374053290878356,0.5374053290878357,0.5429646955843752,0.718842191552608,0.7986836893217899,0.17536877706170428,0.54555115230621,0.8393492798373974,0.9748512769489283,0.4293001246427183,0.3377614734302243,0.3305984830200257,0.5063412578582553,62,58,0.7986836893217899,3.451845611188925,0.836378292816654,31.558583467857705,19.52567084271609,0.15313567645757514,35,15,0.16198104619979858,0.2958483397960663
wired,wired_sleep_14,sleep,14,2,undergraduate,49,1176,734,22,384,5,0.20853019117179525,0.16920688429589906,0.02562217932568292,0.17031842213190396,0.4538635879154055,0.47400700021193976,0.5259929997880602,0.5259929997880601,0.5382164849452489,0.714004387077958,0.7914698088282047,0.16920688429589906,0.5461364120845945,0.8296815778680959,0.974377820674317,0.4282414085897225,0.3853259324062933,0.3668914555113232,0.5964269985254038,48,47,0.7914698088282051,3.379845385886341,0.873074112236214,29.366230328590024,19.950028834653732,0.14106935305795398,29,9,0.2689617872238159,0.39701542258262634
wired,wired_time_14,time,14,2,undergraduate,61,1830,1089,13,384,5,0.1658026293681688,0.1286656635445265,0.02774886078265345,0.14762871775897987,0.33238466370121555,0.4236484345537443,0.5763515654462557,0.5763515654462557,0.5653451596579872,0.7046925840881798,0.8341973706318312,0.1286656635445265,0.6676153362987846,0.8523712822410201,0.9722511392173466,0.30463580291856207,0.44754551791691916,0.4594389599021528,0.6573663866961097,60,59,0.834197370631831,3.665171607714598,0.8951790822718204,39.06283907248637,28.907910162792724,0.08429741376959843,47,11,0.21272534132003784,0.3201310336589813
wired,wired_zero_14,zero,14,2,undergraduate,115,6555,1022,35,384,5,0.17298473831914365,0.15903588249558415,0.029091830448187132,0.13809902298862842,0.3577800992491744,0.42447164260670944,0.5755283573932906,0.5755283573932904,0.5951739333707522,0.7157047751097917,0.8270152616808564,0.15903588249558415,0.6422199007508259,0.8619009770113716,0.9709081695518128,0.3286882688009869,0.3575553518653567,0.4019290373168204,0.5483878859370916,114,97,0.8270152616808565,3.8494911295150733,0.8127807927516205,46.96915593207988,26.36472821244675,0.12555288763790462,65,12,0.3503763675689697,0.39955589175224304
wired,wired_Talia_15,talia,15,3,graduate,43,903,743,26,384,5,0.19077466885880015,0.18582633945115754,0.010492472632334415,0.13098487711880083,0.4779429704308588,0.4578142228090669,0.5421857771909331,0.5421857771909331,0.5438459294908512,0.7579226643991109,0.8092253311411998,0.18582633945115754,0.5220570295691414,0.8690151228811992,0.9895075273676657,0.4674504977985243,0.4132142484045372,0.38983349114709964,0.6331459198387097,42,40,0.8092253311412,3.2461840635192862,0.8685048158457057,25.6921131509963,17.342065188127915,0.16253670243987073,27,8,0.23353636264801025,0.39511504769325256
wired,wired_astro_15,astro,15,3,graduate,67,2211,1187,29,384,5,0.2022278306643078,0.16413195841325307,0.02183615468403977,0.16525522098616535,0.4644065607212108,0.4627470993618713,0.5372529006381287,0.5372529006381287,0.5216588592669825,0.7626877976966824,0.7977721693356923,0.16413195841325307,0.5355934392787892,0.8347447790138347,0.9781638453159602,0.442570406037171,0.47272489414353785,0.4480213561227474,0.6143718024270604,66,66,0.7977721693356923,3.724521433186191,0.8889805157034822,41.45139073735318,27.28744933188747,0.12072114828358056,34,22,0.1078912615776062,0.2583768367767334
wired,wired_blockchain_15,blockchain,15,3,graduate,36,630,554,13,384,5,0.20753478289030172,0.14271875592951933,0.05591501003475355,0.18231342385580235,0.4023812855556378,0.47911137075610444,0.5208886292438956,0.5208886292438957,0.5131952977346804,0.6741328297403137,0.7924652171096982,0.14271875592951933,0.5976187144443622,0.8176865761441976,0.9440849899652465,0.34646627552088427,0.44891793138650193,0.42424854979793164,0.6511957623206518,35,34,0.7924652171096983,3.2272876547956026,0.9077276258132715,25.21118271949206,19.51800959480231,0.12433908472697443,16,14,0.23368096351623535,0.38247695565223694
wired,wired_crispr_15,crispr,15,3,graduate,41,820,462,12,384,5,0.1811682662164902,0.1430831919239596,0.036452839077466284,0.15379326231730328,0.36065517318627094,0.44848608887960734,0.5515139111203926,0.5515139111203927,0.5773618801627844,0.6729202841820127,0.8188317337835098,0.1430831919239596,0.6393448268137292,0.8462067376826967,0.9635471609225337,0.3242023341088045,0.45458194892256426,0.44426184794570567,0.7135338297643651,40,39,0.8188317337835098,3.311935858782837,0.8978162338943546,27.438190554247953,20.950464394527327,0.11589759595440938,15,22,0.1760258674621582,0.2879333198070526
wired,wired_dimension_15,dimension,15,3,graduate,92,4186,1099,36,384,5,0.20252224769473937,0.16029482626466082,0.04035625759843023,0.16304618140467475,0.43507782807994044,0.4595546584823616,0.5404453415176385,0.5404453415176383,0.5538493871784987,0.7057565910232257,0.7974777523052606,0.16029482626466085,0.5649221719200596,0.8369538185953252,0.9596437424015698,0.39472157048151024,0.35460737621834226,0.3464291631755531,0.5079868002780308,91,86,0.7974777523052605,3.7601843781394653,0.8335849016594549,42.9563454597051,24.549618103426614,0.12698360800031908,53,15,0.1305670142173767,0.2774501442909241
wired,wired_fractal_15,fractal,15,3,graduate,52,1326,1013,27,384,5,0.17629613342785744,0.1710889692568622,-0.001454439789296004,0.13857706575385553,0.4065535204916163,0.43833388233217685,0.5616661176678232,0.5616661176678233,0.5740678609395313,0.7381674992587143,0.8237038665721426,0.1710889692568622,0.5934464795083836,0.8614229342461445,1.001454439789296,0.40800796028091235,0.37431026577809384,0.3624595971177266,0.6308496789486693,51,51,0.8237038665721427,3.392900448641698,0.8629325828701078,29.752121745996273,20.352006114891346,0.11859347987300367,32,15,0.20860570669174194,0.31248921155929565
wired,wired_gravity_15,gravity,15,3,graduate,91,4095,1049,32,384,5,0.21315614391923937,0.1545468787023167,0.04583755071609763,0.17832043766467487,0.43044004060556057,0.4709594246857649,0.5290405753142351,0.5290405753142351,0.48528754470276947,0.7410477059899844,0.7868438560807607,0.1545468787023167,0.5695599593944395,0.8216795623353251,0.9541624492839024,0.3846024898894629,0.39696052322980613,0.3655562879003752,0.5223092177030954,90,88,0.7868438560807604,3.8520930160702553,0.8560568775762308,47.09152347160197,29.51489296905898,0.11265390654928015,46,28,0.10623663663864136,0.24159470200538635
wired,wired_hacking_15,hacking,15,3,graduate,67,2211,1106,22,384,5,0.13382666324048212,0.121754600853585,0.0023468750776409887,0.11649033213899768,0.2859751284759285,0.38308566077396344,0.6169143392260366,0.6169143392260364,0.6062410486805768,0.763656375629509,0.8661733367595179,0.121754600853585,0.7140248715240716,0.8835096678610024,0.997653124922359,0.28362825339828746,0.4824016191483834,0.4862720845061057,0.7027995766882353,66,65,0.8661733367595177,3.7736648588071184,0.9007102234352362,43.53933832767895,32.589521184280265,0.07776238005952056,32,30,0.24807780981063843,0.29541724920272827
wired,wired_infinity_15,infinity,15,3,graduate,68,2278,1025,27,384,5,0.18876850354355415,0.1466364387961105,0.03714637580411939,0.1590268964816961,0.37489314842103777,0.44799372595098147,0.5520062740490186,0.5520062740490187,0.5287158359263824,0.7142608066765186,0.8112314964564459,0.1466364387961105,0.6251068515789623,0.8409731035183039,0.9628536241958807,0.33774677261691843,0.3933891589262135,0.38642065798471065,0.5895286976712587,67,67,0.8112314964564458,3.660249856541278,0.8705154425941014,38.87105384517637,26.50826207967475,0.1017282703176468,43,18,0.21715885400772095,0.3220250904560089
wired,wired_internet_15,internet,15,3,graduate,37,666,654,15,384,5,0.14288747589691633,0.14643932912383126,-0.010800138799231848,0.10984043642292124,0.3421144235735173,0.40749561868939616,0.5925043813106039,0.5925043813106039,0.5741491302248332,0.7844521670007737,0.8571125241030835,0.14643932912383126,0.6578855764264827,0.8901595635770787,1.0108001387992318,0.3529145623727491,0.5178819963741988,0.4793652874903115,0.7047681328140627,36,36,0.8571125241030839,3.3002401274397934,0.9209495426474956,27.119150190963996,21.119109690342807,0.11784896170240033,14,18,0.23037993907928467,0.3267967402935028
wired,wired_laser_15,laser,15,3,graduate,53,1378,755,24,384,5,0.13894717214452337,0.14755830775387824,-0.01135386643369222,0.10185483367595738,0.353932720077627,0.3939460012684244,0.6060539987315756,0.6060539987315756,0.6021532804498816,0.7648470032886621,0.8610528278554765,0.14755830775387824,0.646067279922373,0.8981451663240426,1.0113538664336923,0.3652865865113193,0.45973865765635413,0.4501993375163298,0.6850109587469253,52,51,0.8610528278554767,3.5328593167001285,0.894113238342203,34.2216784718014,23.772834723047687,0.1248067233294128,28,14,0.2122483253479004,0.2993009090423584
wired,wired_machine_15,machine,15,3,graduate,28,378,635,14,384,5,0.1977676780887426,0.11399945890229389,0.054739859831827394,0.19313790720086182,0.3497864309683759,0.4758348793885501,0.5241651206114499,0.5241651206114498,0.5128136058400989,0.6225487522702662,0.8022323219112574,0.11399945890229388,0.6502135690316241,0.8068620927991381,0.9452601401681726,0.29504657113654853,0.5621598386849366,0.5634883524206515,0.7142714624438131,27,27,0.8022323219112572,3.1046593897155286,0.9419942539448038,22.30162151981351,18.65332733271591,0.12118423819461048,10,17,0.235820472240448,0.36179742217063904
wired,wired_memory_15,memory,15,3,graduate,43,903,884,15,384,5,0.22054074436981597,0.1361068206158737,0.06765388709432295,0.19820029138577455,0.40583686510706285,0.4885362870893789,0.5114637129106211,0.5114637129106212,0.4933104622923279,0.679481161219463,0.7794592556301839,0.1361068206158737,0.5941631348929373,0.8017997086142254,0.9323461129056771,0.3381829780127399,0.47948599542948006,0.481913768491564,0.6252623113453717,42,42,0.7794592556301843,3.4271158861303848,0.9169124711735185,30.787719290406258,23.888650810207068,0.10305071638407497,25,14,0.2408524751663208,0.3768843412399292
wired,wired_moravec_15,moravec,15,3,graduate,37,666,776,18,384,5,0.21449436459127086,0.15780727282276097,0.0375000965090914,0.1896265957848769,0.4362771171412815,0.4855144144403383,0.5144855855596617,0.5144855855596617,0.4662943478274383,0.7309916395724924,0.7855056354087292,0.15780727282276097,0.5637228828587185,0.8103734042151232,0.9624999034909085,0.39877702063219,0.4567796128329149,0.41919637225188167,0.614884522592517,36,36,0.7855056354087292,3.2394608230772035,0.9039887548279186,25.519958264641804,19.178603070431148,0.12413136501874263,15,17,0.20433396100997925,0.35267937183380127
wired,wired_nano_15,nano,15,3,graduate,34,561,714,9,384,5,0.27037048635498523,0.1842688133776843,0.06508644255200366,0.2296784911480774,0.5553896712910397,0.5402130856734033,0.4597869143265967,0.45978691432659674,0.3942784264184205,0.7238636766186675,0.7296295136450147,0.1842688133776843,0.44461032870896033,0.7703215088519226,0.9349135574479963,0.490303228739036,0.4395222603303143,0.4051518282668106,0.5418973986643831,33,33,0.7296295136450148,3.122726630238618,0.8930987779499914,22.7082122056651,16.581337254585,0.15849836679717175,18,16,0.18288803100585938,0.3830356001853943
wired,wired_neuro_15,neuro,15,3,graduate,16,120,320,11,384,5,0.21562566612284578,0.1658321148601759,0.025546019675683106,0.18590317992853483,0.4406349814836488,0.5144405329969324,0.4855594670030676,0.4855594670030675,0.45364138273812876,0.6475959145037065,0.7843743338771543,0.1658321148601759,0.5593650185163512,0.8140968200714651,0.9744539803243168,0.4150889618079656,0.469250786309266,0.4387965928363241,0.7056287824825874,15,15,0.7843743338771545,2.501426836068728,0.9237003195327089,12.19988878932699,10.295341488735927,0.17171748416858876,6,9,0.3591267466545105,0.501636803150177
wired,wired_nuclear_15,nuclear,15,3,graduate,97,4656,937,18,384,5,0.17528273151562704,0.13594959374455243,0.030372370181498087,0.15365769813721608,0.34653381842311737,0.4287014945121013,0.5712985054878987,0.5712985054878987,0.57593570019593,0.725984370155539,0.824717268484373,0.13594959374455245,0.6534661815768826,0.8463423018627839,0.9696276298185019,0.3161614482416193,0.4399115257990627,0.42070169734565,0.6035128536990365,96,96,0.8247172684843731,3.9515869244265405,0.8657505428295909,52.01784976684283,33.59835467379431,0.09037999729584759,56,16,0.25318652391433716,0.3401119112968445
wired,wired_sensing_15,sensing,15,3,graduate,61,1830,951,33,384,5,0.1872856205594491,0.15111845771741678,0.027525114551410528,0.15364831841902998,0.3983776145252026,0.44789374533214343,0.5521062546678566,0.5521062546678568,0.5334505880555288,0.6812660003314055,0.8127143794405509,0.15111845771741678,0.6016223854747976,0.84635168158097,0.9724748854485894,0.37085249997379177,0.41617879585146506,0.43383037765721166,0.5849842538147304,60,57,0.8127143794405509,3.552300320560461,0.8676114739675308,34.89349145515639,23.80612205148307,0.12213098929305832,35,15,0.17254704236984253,0.3310437500476837
wired,wired_sleep_15,sleep,15,3,graduate,45,990,939,23,384,5,0.2131305686293172,0.17680359644079816,0.010528353435035855,0.17476272126554657,0.4735924171276743,0.4802255261781803,0.5197744738218197,0.5197744738218197,0.5148557900777824,0.7445374017055395,0.7868694313706828,0.17680359644079816,0.5264075828723258,0.8252372787344535,0.9894716465649641,0.4630640636926383,0.4236867603522704,0.40399291156112893,0.5813748069747116,44,44,0.7868694313706828,3.3479860504580348,0.8847299882779478,28.445388341056397,19.220609883767455,0.14853258649496634,28,10,0.16132521629333496,0.3224208354949951
wired,wired_time_15,time,15,3,graduate,103,5253,1340,51,384,5,0.17518398598769916,0.13422559499515735,0.040185795344589416,0.15010176482614496,0.32938608312107526,0.4280092387482285,0.5719907612517715,0.5719907612517716,0.5466667242940257,0.7104722288150626,0.8248160140123009,0.13422559499515735,0.6706139168789247,0.8498982351738551,0.9598142046554107,0.289200287776486,0.4100782454926503,0.44161448642988754,0.6125047962753583,102,94,0.8248160140123009,3.9643155323038104,0.8571543428141113,52.68419641511691,31.792825520996207,0.11578285394513024,53,24,0.121898353099823,0.2310214787721634
wired,wired_zero_15,zero,15,3,graduate,70,2415,899,34,384,5,0.18785882673798635,0.16947038449375584,0.04040157833567757,0.14439663486714335,0.39122170349582863,0.4466103934066831,0.5533896065933168,0.5533896065933168,0.5633710791473591,0.6967368427932795,0.8121411732620137,0.16947038449375584,0.6087782965041713,0.8556033651328566,0.9595984216643224,0.35082012516015115,0.3603925931299437,0.3520605691994097,0.6040127843541151,69,59,0.8121411732620137,3.4953818825400607,0.8255299857820971,32.96287349561037,19.8198557473172,0.1592046194900676,24,26,0.12049108743667603,0.23511521518230438
wired,wired_Talia_16,talia,16,4,expert,44,946,616,17,384,5,0.2590402931057981,0.16507926204584583,0.0741939546964624,0.2296387046263882,0.4956808569890217,0.5252430736757057,0.47475692632429434,0.4747569263242944,0.4702720760971075,0.6817283479832649,0.7409597068942019,0.1650792620458458,0.5043191430109784,0.7703612953736119,0.9258060453035375,0.42148690229255914,0.4242866702404873,0.38557164934302735,0.5614755804459983,43,43,0.7409597068942018,3.376430291409807,0.8977002519280195,29.266112930090205,21.715176476610445,0.11411201069713228,16,27,0.10130810737609863,0.28710147738456726
wired,wired_astro_16,astro,16,4,expert,42,861,886,14,384,5,0.27234838149322427,0.1682109315110951,0.054406351155550606,0.2645705162731386,0.5082362145775529,0.5382131734072474,0.4617868265927526,0.46178682659275255,0.4164392782996759,0.7234825462700448,0.7276516185067757,0.1682109315110951,0.49176378542244714,0.7354294837268613,0.9455936488444494,0.45382986342200227,0.43300210165781006,0.3796016205978422,0.5102280265272858,41,41,0.7276516185067758,3.3251451820543023,0.8954034343018086,27.8030348513856,19.776655941662717,0.1323876891995193,21,18,0.10243368148803711,0.26208969950675964
wired,wired_blockchain_16,blockchain,16,4,expert,68,2278,1371,17,384,5,0.18751946754000307,0.12368559178407514,0.04687583591164865,0.1692474821882184,0.35348653230622956,0.4466180814347027,0.5533819185652973,0.5533819185652972,0.5599597445638056,0.6770470992504959,0.812480532459997,0.12368559178407512,0.6465134676937705,0.8307525178117816,0.9531241640883514,0.30661069639458094,0.4824668185511041,0.4885042719695907,0.6441456858258117,67,67,0.8124805324599972,3.794556876087575,0.9024576157096598,44.45853140159661,32.25759230930518,0.08094939827101846,21,43,0.19194364547729492,0.3190867602825165
wired,wired_crispr_16,crispr,16,4,expert,98,4753,1972,31,384,5,0.21562958079882116,0.1539711246172678,0.04639698407954379,0.18235935211566648,0.4417600477863549,0.47289889044761807,0.5271011095523819,0.5271011095523819,0.5418430955281892,0.7040323655534823,0.7843704192011789,0.1539711246172678,0.5582399522136451,0.8176406478843335,0.9536030159204563,0.3953630637068112,0.40495691771128856,0.39901813522106455,0.546712542012728,97,96,0.784370419201179,3.886396709093466,0.849539288351917,48.73496351232837,29.595972206343486,0.10662813169661696,38,54,0.11587512493133545,0.2546396851539612
wired,wired_dimension_16,dimension,16,4,expert,95,4465,1332,50,384,5,0.1612655971842555,0.1425151251807001,0.021393149673276515,0.12913431589859353,0.35348535276049947,0.4124249996930226,0.5875750003069774,0.5875750003069774,0.5805047891528285,0.7242331633017351,0.8387344028157445,0.1425151251807001,0.6465146472395005,0.8708656841014064,0.9786068503267235,0.332092203087223,0.40037063699095826,0.40405842728870034,0.576587076932257,94,89,0.8387344028157444,3.8877757309704233,0.8557172530697957,48.8022164541657,28.7049240579097,0.12802419943565022,42,27,0.11640369892120361,0.22352787852287292
wired,wired_fractal_16,fractal,16,4,expert,84,3486,1411,30,384,5,0.17529735207559136,0.13549877893578732,0.04082500252485125,0.15011884319763286,0.33393454279879564,0.43025020713691486,0.5697497928630851,0.569749792863085,0.5765623971345537,0.70550246572679,0.8247026479244086,0.13549877893578732,0.6660654572012044,0.8498811568023672,0.9591749974751487,0.2931095402739443,0.4364702401460013,0.472662962995241,0.6316813737517701,83,79,0.8247026479244086,3.8489409562598484,0.8710295975529827,46.943321865923345,30.28903205421402,0.11173944247733748,28,38,0.18767696619033813,0.30212491750717163
wired,wired_gravity_16,gravity,16,4,expert,150,11175,2430,38,384,5,0.18933870985875811,0.13449280726169355,0.039746573514985874,0.16471559769100882,0.3736809846915606,0.4412970863938484,0.5587029136061517,0.5587029136061515,0.5325390947648665,0.7400758627658359,0.810661290141242,0.13449280726169358,0.6263190153084395,0.8352844023089911,0.9602534264850141,0.33393441117657463,0.40182694831016885,0.41754842799865116,0.540221912774038,149,146,0.8106612901412419,4.226330829762328,0.844599556302352,68.46555894904436,40.88099051543287,0.08993468255294099,52,79,0.07742303609848022,0.18658724427223206
wired,wired_hacking_16,hacking,16,4,expert,94,4371,1438,18,384,5,0.14860216143433663,0.11610762836619515,0.017974472018739272,0.13371076186019418,0.2935498952375912,0.397063704270316,0.602936295729684,0.602936295729684,0.5997023736812102,0.7248057256377965,0.8513978385656633,0.11610762836619516,0.7064501047624088,0.8662892381398059,0.9820255279812607,0.275575423218852,0.495993375050679,0.5110064515730264,0.6624241417867429,93,93,0.8513978385656634,4.0472876216642675,0.8929285783528681,57.241984372103126,40.70452173948382,0.06928341612631422,36,51,0.1627163290977478,0.24045592546463013
wired,wired_infinity_16,infinity,16,4,expert,47,1081,857,11,384,5,0.25396613821772984,0.15680355487225506,0.07188461830257357,0.23103319322234303,0.4728049749955163,0.5194604884942784,0.4805395115057216,0.48053951150572155,0.4393807088203411,0.6756150650029977,0.7460338617822702,0.15680355487225506,0.5271950250044837,0.7689668067776569,0.9281153816974265,0.4009203566929428,0.43713990871385067,0.4270151615008082,0.5124964525836405,46,46,0.7460338617822702,3.4287357585179348,0.8955489437224708,30.837631881860606,22.455543988615485,0.10963248673851433,22,22,0.15620654821395874,0.31215590238571167
wired,wired_internet_16,internet,16,4,expert,72,2556,1306,28,384,5,0.18322420795287453,0.14375016366147664,0.01367678075255415,0.16277678878991955,0.38228717841054927,0.4410989868224039,0.5589010131775961,0.558901013177596,0.5250309770596764,0.7809063662127421,0.8167757920471254,0.14375016366147664,0.6177128215894507,0.8372232112100804,0.9863232192474458,0.3686103976579951,0.45203770344133143,0.4429011663975138,0.6108353495409482,71,70,0.8167757920471255,3.793958809167931,0.8900407533772582,44.43195017413807,30.583419826012356,0.09995052203302753,26,39,0.12678629159927368,0.2370622307062149
wired,wired_laser_16,laser,16,4,expert,111,6105,1330,42,384,5,0.1638444626589754,0.14158333897655306,0.015813579549057398,0.13322007374243228,0.35238139977457505,0.41397753010014143,0.5860224698998586,0.5860224698998587,0.5938318533251093,0.7664094368533428,0.8361555373410247,0.14158333897655306,0.647618600225425,0.8667799262575677,0.9841864204509425,0.33656782022551757,0.4217484586248714,0.44754528879575584,0.6233704835758198,110,107,0.8361555373410248,4.043491097002996,0.8602293345227784,57.0250757767262,34.18713936792062,0.11187795896484207,33,58,0.2123095989227295,0.29754891991615295
wired,wired_machine_16,machine,16,4,expert,62,1891,1169,18,384,5,0.16428620062112406,0.12353194650836348,0.023433163972022563,0.14923990893424394,0.329210786322502,0.42162240861915257,0.5783775913808474,0.5783775913808474,0.5788918528634072,0.7289061176639541,0.8357137993788759,0.1235319465083635,0.670789213677498,0.850760091065756,0.9765668360279774,0.30577762235047945,0.5143496468015996,0.5553445293662209,0.6662591758531153,61,61,0.8357137993788756,3.7311806681339847,0.9076368654002275,41.72834642019173,31.484457201465947,0.08289615661230282,25,32,0.15504932403564453,0.2553704082965851
wired,wired_memory_16,memory,16,4,expert,81,3240,1612,18,384,5,0.21798161488755502,0.13697892807631312,0.061384643150898276,0.2006503282886566,0.4053280587575787,0.4771123168101052,0.5228876831898948,0.5228876831898948,0.5116633334583147,0.6970273255725559,0.7820183851124449,0.13697892807631312,0.5946719412424212,0.7993496717113434,0.9386153568491017,0.3439434156066805,0.4515503165695883,0.42178329667295167,0.5790961470692978,80,80,0.782018385112445,3.87096592656537,0.8833734363765351,47.98871727780663,32.888450495432934,0.08905025714635653,34,40,0.14814132452011108,0.28131207823753357
wired,wired_moravec_16,moravec,16,4,expert,53,1378,970,13,384,5,0.19254735184838231,0.12604721249283374,0.04571947035715927,0.1760831968529521,0.36026255482888014,0.4558314463416105,0.5441685536583896,0.5441685536583896,0.5434737476601098,0.7404986464504828,0.8074526481516177,0.12604721249283374,0.6397374451711199,0.8239168031470478,0.9542805296428407,0.31454308447172086,0.5075724568161246,0.4837943243779528,0.6504513303981581,52,52,0.8074526481516175,3.63411357829126,0.9197391599007658,37.86827075810009,29.486749589749007,0.08559951933018536,17,30,0.19838738441467285,0.32137465476989746
wired,wired_nano_16,nano,16,4,expert,83,3403,1408,15,384,5,0.20028655286483535,0.1361228709087529,0.047660267527271545,0.1817662698949574,0.38795833177405176,0.4581720797228353,0.5418279202771648,0.5418279202771645,0.5374284447848894,0.6795334812388598,0.7997134471351647,0.1361228709087529,0.6120416682259483,0.8182337301050426,0.9523397324727284,0.3402980642467801,0.4381611014347636,0.41850871234091824,0.5797256992843173,82,82,0.7997134471351645,3.850293988799813,0.8737325372362044,47.00688069682876,31.81398541986137,0.08043020691458433,20,57,0.235479474067688,0.36464056372642517
wired,wired_neuro_16,neuro,16,4,expert,23,253,417,11,384,5,0.2137478100120508,0.14080180637244227,0.03997856357305962,0.19666876074902176,0.41692107442659376,0.4979283962957061,0.5020716037042938,0.5020716037042938,0.4888337168379455,0.6538956938493614,0.7862521899879492,0.14080180637244227,0.5830789255734061,0.8033312392509783,0.9600214364269405,0.37694251085353436,0.5431043136755463,0.5442020649780486,0.667643348249978,22,22,0.7862521899879494,2.9120823875560715,0.9421036532164706,18.39506436420535,15.861522472304307,0.11284671885607135,14,9,0.2611846327781677,0.3837154507637024
wired,wired_nuclear_16,nuclear,16,4,expert,44,946,849,11,384,5,0.20845512690250023,0.1463953078488915,0.03774259247017078,0.18934212246718046,0.4020002543683223,0.4758621471700198,0.5241378528299803,0.52413785282998,0.5166547596174578,0.7082884004807196,0.7915448730974998,0.1463953078488915,0.5979997456316777,0.8106578775328195,0.9622574075298292,0.36425766189815156,0.4651307887846097,0.44560236764482153,0.6291449047968243,43,43,0.7915448730975,3.391523088788387,0.9017130129921292,29.71117057667491,21.622795528646172,0.12874311289367335,16,26,0.14859634637832642,0.2719869315624237
wired,wired_sensing_16,sensing,16,4,expert,56,1540,882,27,384,5,0.17081494896826968,0.1527811827252339,0.018151963868369158,0.1376781282100957,0.35491375893613925,0.43083851369109355,0.5691614863089065,0.5691614863089065,0.5697728262216022,0.6773707932686608,0.8291850510317302,0.1527811827252339,0.6450862410638607,0.8623218717899043,0.9818480361316309,0.33676179506777015,0.42670311439030073,0.4866267577919683,0.6521789005001617,55,50,0.8291850510317302,3.4646207467239454,0.864570173374031,31.96433489535009,21.181875418628817,0.1419753953881526,12,33,0.23254162073135376,0.3442024886608124
wired,wired_sleep_16,sleep,16,4,expert,31,465,823,13,384,5,0.306911913771192,0.22418754620678852,0.0179742812842801,0.3082108199240683,0.5939584184201595,0.5738201756405236,0.42617982435947643,0.42617982435947643,0.30763121808133986,0.7880193469176593,0.693088086228808,0.22418754620678852,0.40604158157984055,0.6917891800759317,0.98202571871572,0.5759841371358794,0.3968749235117667,0.34195668960302006,0.44653698423403165,30,30,0.693088086228808,2.9867309203801526,0.8781410148330014,19.820780754477553,13.797186958485335,0.17730209171282094,21,10,0.1515728235244751,0.3441413342952728
wired,wired_time_16,time,16,4,expert,63,1953,1182,23,384,5,0.19896568892094815,0.13204850358803039,0.04315454216039283,0.1800883800977749,0.37933503731556734,0.4600875126055219,0.5399124873944781,0.5399124873944781,0.5141039943355794,0.738315639026353,0.8010343110790518,0.13204850358803039,0.6206649626844326,0.8199116199022252,0.9568454578396072,0.33618049515517456,0.5007628086626869,0.4834012127646091,0.622609896619935,62,62,0.8010343110790519,3.7571146841317935,0.9103446443968275,42.824684805802875,31.911495174597526,0.08366446451112161,23,34,0.10774582624435425,0.22831718623638153
wired,wired_zero_16,zero,16,4,expert,107,5671,905,49,384,5,0.1934275858920325,0.1592755789069476,0.04771260143646941,0.1578515721795829,0.3710021652583811,0.4482919203342469,0.5517080796657531,0.5517080796657531,0.5623034178795149,0.6946668986883432,0.8065724141079675,0.1592755789069476,0.628997834741619,0.8421484278204171,0.9522873985635306,0.32328956382191165,0.3172865804531268,0.34342682886860665,0.5381768991773281,106,86,0.8065724141079674,3.7459696111595346,0.803263328964475,42.350050399133295,24.321803366949062,0.13867053593135123,39,23,0.204928457736969,0.3228185474872589
