video_uid,conversation_uid,conversation_id,level_label,stage,trajectory_type,n_turns,lag,lag_distance_observed,lag_distance_null_mean,lag_distance_null_sd,lag_distance_z
astro,astro::wired_astro_12,wired_astro_12,child,Beginning,joint,8,1,0.8958096541867648,0.9974427632800626,0.04497265189687685,-2.2598869492140348
astro,astro::wired_astro_12,wired_astro_12,child,Beginning,joint,8,2,0.9529661288941467,1.008591200275165,0.03474832099419723,-1.600798823928998
astro,astro::wired_astro_12,wired_astro_12,child,Beginning,joint,8,3,1.0575578190748083,0.9912476839161957,0.05951299681785822,1.1142126712515805
astro,astro::wired_astro_12,wired_astro_12,child,End,joint,8,1,0.9690474848918462,1.0070028580349477,0.02147458284823351,-1.7674556666055883
astro,astro::wired_astro_12,wired_astro_12,child,End,joint,8,2,0.9442858625704409,0.9920637656573407,0.048700689381007106,-0.9810518843606512
astro,astro::wired_astro_12,wired_astro_12,child,End,joint,8,3,0.9761158954914729,1.0082755479322092,0.029554162162685346,-1.088159842383912
astro,astro::wired_astro_15,wired_astro_15,graduate,Beginning,joint,10,1,0.9088033455869572,0.9886002480356041,0.03104233960473116,-2.5705827416592357
astro,astro::wired_astro_15,wired_astro_15,graduate,Beginning,joint,10,2,0.9538093231858632,1.0138247333986132,0.02983393093119094,-2.0116494320232134
astro,astro::wired_astro_15,wired_astro_15,graduate,Beginning,joint,10,3,0.9692224564816505,0.9930776185639463,0.04124673569738595,-0.5783527272876435
astro,astro::wired_astro_15,wired_astro_15,graduate,End,joint,10,1,0.9758223283065849,0.9857034700943909,0.02149193318392345,-0.4597604926111222
astro,astro::wired_astro_15,wired_astro_15,graduate,End,joint,10,2,1.0140263243108942,1.0193460422935914,0.025483044556019723,-0.20875519685266566
astro,astro::wired_astro_15,wired_astro_15,graduate,End,joint,10,3,1.0210700605311251,0.9867809182735637,0.027324691768843095,1.2548775498598492
astro,astro::wired_astro_15,wired_astro_15,graduate,Middle,joint,9,1,0.9280213042527325,0.9742248730111457,0.034847102109463755,-1.3258941479057795
astro,astro::wired_astro_15,wired_astro_15,graduate,Middle,joint,9,2,1.0402321525945162,1.0343397981611597,0.01816271849937229,0.3244202916848649
astro,astro::wired_astro_15,wired_astro_15,graduate,Middle,joint,9,3,1.0313477690619908,0.9763559862061433,0.0453352425168845,1.213002948762578
dimension,dimension::wired_dimension_12,wired_dimension_12,child,Beginning,joint,17,1,0.9125806256724771,1.0106028573201593,0.02406455902626274,-4.0733026331671445
dimension,dimension::wired_dimension_12,wired_dimension_12,child,Beginning,joint,17,2,0.903464264001248,0.9921822910371472,0.026029479377145375,-3.40836732653962
dimension,dimension::wired_dimension_12,wired_dimension_12,child,Beginning,joint,17,3,0.997585237840058,1.009896107046224,0.025929679183575405,-0.4747790791782734
dimension,dimension::wired_dimension_12,wired_dimension_12,child,Beginning,expert,9,1,0.8896113033671089,0.9990178201853561,0.039730344789022605,-2.7537268402582793
dimension,dimension::wired_dimension_12,wired_dimension_12,child,Beginning,expert,9,2,0.9265498763550243,0.9984275652388162,0.042166887967521834,-1.704600276386395
dimension,dimension::wired_dimension_12,wired_dimension_12,child,Beginning,expert,9,3,1.0428975665416624,1.0001582899400772,0.04928688200858612,0.8671531827503268
dimension,dimension::wired_dimension_12,wired_dimension_12,child,Beginning,partner,8,1,0.934158317364802,0.9998138082957876,0.03227912081322855,-2.0339925399727363
dimension,dimension::wired_dimension_12,wired_dimension_12,child,Beginning,partner,8,2,0.9646349307323417,1.0002073904172015,0.03717008995636162,-0.9570183910402831
dimension,dimension::wired_dimension_12,wired_dimension_12,child,Beginning,partner,8,3,1.002386772209421,0.9999959666285481,0.0408971351634038,0.05845899893282475
dimension,dimension::wired_dimension_12,wired_dimension_12,child,End,joint,17,1,0.9947005158958758,1.022007751086289,0.019000252623817684,-1.437203795710714
dimension,dimension::wired_dimension_12,wired_dimension_12,child,End,joint,17,2,1.0209275049195354,0.9778087156908798,0.05518409552783575,0.7813626157360108
dimension,dimension::wired_dimension_12,wired_dimension_12,child,End,joint,17,3,1.0311228980195823,1.0217289585682907,0.021207698967778448,0.4429494904451517
dimension,dimension::wired_dimension_12,wired_dimension_12,child,End,expert,8,1,0.9821746970933841,1.0014007276651686,0.032015162515263436,-0.60052890759553
dimension,dimension::wired_dimension_12,wired_dimension_12,child,End,expert,8,2,1.030071662319019,1.000765792653572,0.034994528547804965,0.8374414767558033
dimension,dimension::wired_dimension_12,wired_dimension_12,child,End,expert,8,3,0.9126170776792433,0.9984914921047846,0.03836627317598888,-2.238278761964425
dimension,dimension::wired_dimension_12,wired_dimension_12,child,End,partner,9,1,1.103473542518473,0.9964111034832436,0.1055693547098507,1.0141431604795001
dimension,dimension::wired_dimension_12,wired_dimension_12,child,End,partner,9,2,1.080077418282859,0.9959956979356143,0.11226363276033464,0.7489666803028374
dimension,dimension::wired_dimension_12,wired_dimension_12,child,End,partner,9,3,0.6972000335448292,1.0042055609645526,0.12047143543980536,-2.5483678043590796
dimension,dimension::wired_dimension_12,wired_dimension_12,child,Middle,joint,16,1,0.9643167900376187,0.9953889115146513,0.029694216796235025,-1.0464031326454184
dimension,dimension::wired_dimension_12,wired_dimension_12,child,Middle,joint,16,2,1.0113812218382952,1.0023489984083747,0.043040179828524684,0.2098556155180009
dimension,dimension::wired_dimension_12,wired_dimension_12,child,Middle,joint,16,3,1.024847077959475,0.9973602232026092,0.030634564287536185,0.8972497372208064
dimension,dimension::wired_dimension_12,wired_dimension_12,child,Middle,expert,8,1,0.9875631525451231,0.9981821938913451,0.02914326947211219,-0.36437371436254373
dimension,dimension::wired_dimension_12,wired_dimension_12,child,Middle,expert,8,2,1.0276518318208439,1.0020325691289806,0.03231760888899428,0.7927338553994264
dimension,dimension::wired_dimension_12,wired_dimension_12,child,Middle,expert,8,3,0.9948541621214173,0.9970564054862875,0.037902090384672876,-0.058103480375867114
dimension,dimension::wired_dimension_12,wired_dimension_12,child,Middle,partner,8,1,1.0275489600002305,1.0043347381673449,0.07532671664574732,0.30818045530989274
dimension,dimension::wired_dimension_12,wired_dimension_12,child,Middle,partner,8,2,1.079436867398696,1.000051075219535,0.08382790612599227,0.9470091267679422
dimension,dimension::wired_dimension_12,wired_dimension_12,child,Middle,partner,8,3,1.0817916226845592,0.9941135155117231,0.09667707472036623,0.90691725444156
dimension,dimension::wired_dimension_13,wired_dimension_13,teenager,Beginning,joint,14,1,0.9830413577745551,1.03600750122916,0.020754170913869517,-2.552072240053151
dimension,dimension::wired_dimension_13,wired_dimension_13,teenager,Beginning,joint,14,2,0.8535427060460868,0.9552538907891649,0.04856694565896571,-2.0942470926067314
dimension,dimension::wired_dimension_13,wired_dimension_13,teenager,Beginning,joint,14,3,1.0171450722382336,1.0347642908099646,0.024944462659392055,-0.7063378679394813
dimension,dimension::wired_dimension_13,wired_dimension_13,teenager,End,joint,14,1,1.0087766480349223,1.0377945762794787,0.023098911832611507,-1.2562465476658649
dimension,dimension::wired_dimension_13,wired_dimension_13,teenager,End,joint,14,2,0.9683553119849806,0.9557518637826949,0.048012016143075306,0.26250612273243235
dimension,dimension::wired_dimension_13,wired_dimension_13,teenager,End,joint,14,3,1.0140670969461945,1.0381342286383028,0.02719644098396695,-0.8849368086911309
dimension,dimension::wired_dimension_13,wired_dimension_13,teenager,Middle,joint,14,1,1.0545661691466002,1.0444652510715293,0.016606905265527903,0.608236026735097
dimension,dimension::wired_dimension_13,wired_dimension_13,teenager,Middle,joint,14,2,0.8519080270170423,0.9467637713439983,0.04052717787977504,-2.3405464996439695
dimension,dimension::wired_dimension_13,wired_dimension_13,teenager,Middle,joint,14,3,1.0562149273578065,1.0428544526696872,0.019568185350129087,0.6827651337650049
dimension,dimension::wired_dimension_14,wired_dimension_14,undergraduate,Beginning,joint,15,1,0.9821901288038026,1.0297253537751658,0.019556165078539613,-2.4307027876097766
dimension,dimension::wired_dimension_14,wired_dimension_14,undergraduate,Beginning,joint,15,2,0.9482052603035162,0.9618403028507095,0.041898205611603526,-0.3254326133579626
dimension,dimension::wired_dimension_14,wired_dimension_14,undergraduate,Beginning,joint,15,3,1.0023533236144193,1.0309807816547567,0.021436402094593437,-1.3354600232824352
dimension,dimension::wired_dimension_14,wired_dimension_14,undergraduate,Beginning,expert,8,1,0.9256239785351498,0.9982242978281004,0.03644909334687128,-1.9918278515748735
dimension,dimension::wired_dimension_14,wired_dimension_14,undergraduate,Beginning,expert,8,2,0.9164538097946927,1.000562351127095,0.04173069537446141,-2.015507783363596
dimension,dimension::wired_dimension_14,wired_dimension_14,undergraduate,Beginning,expert,8,3,1.019963739056268,1.0025936659937429,0.044380212738302546,0.39139228928332076
dimension,dimension::wired_dimension_14,wired_dimension_14,undergraduate,End,joint,15,1,0.9935870681999797,1.0372487793538447,0.017306845744857458,-2.522800040951349
dimension,dimension::wired_dimension_14,wired_dimension_14,undergraduate,End,joint,15,2,0.9271497147728572,0.957886611981581,0.042955224351147285,-0.7155566679726304
dimension,dimension::wired_dimension_14,wired_dimension_14,undergraduate,End,joint,15,3,1.0574609532792525,1.035353354383143,0.01886372245758473,1.1719637492450723
dimension,dimension::wired_dimension_14,wired_dimension_14,undergraduate,End,expert,8,1,0.9875345592004815,1.0011145884523398,0.034560507516399074,-0.3929348909420539
dimension,dimension::wired_dimension_14,wired_dimension_14,undergraduate,End,expert,8,2,0.9467586124752971,1.0010027116924705,0.040654151736520726,-1.3342819097229959
dimension,dimension::wired_dimension_14,wired_dimension_14,undergraduate,End,expert,8,3,1.0140042498702868,1.0018749883166922,0.043850696607804385,0.27660362301829194
dimension,dimension::wired_dimension_14,wired_dimension_14,undergraduate,Middle,joint,15,1,1.0481545425590322,1.0724417587345882,0.012259026845231403,-1.9811699967851422
dimension,dimension::wired_dimension_14,wired_dimension_14,undergraduate,Middle,joint,15,2,0.8376061625604752,0.9086131068714501,0.037948787756967646,-1.8711254959109371
dimension,dimension::wired_dimension_14,wired_dimension_14,undergraduate,Middle,joint,15,3,1.068079299852232,1.072723301149104,0.013035331048889496,-0.35626262804178394
dimension,dimension::wired_dimension_14,wired_dimension_14,undergraduate,Middle,partner,8,1,0.8914206358806462,1.0016636255980278,0.06424393410764921,-1.7160062074133697
dimension,dimension::wired_dimension_14,wired_dimension_14,undergraduate,Middle,partner,8,2,0.9588760701709216,0.9965220631246363,0.07471876656439877,-0.5038358458616728
dimension,dimension::wired_dimension_14,wired_dimension_14,undergraduate,Middle,partner,8,3,1.0467508093429605,0.9954229935544952,0.08563735074520673,0.5993624901029327
dimension,dimension::wired_dimension_15,wired_dimension_15,graduate,Beginning,joint,12,1,1.004501322895658,0.9928571516640088,0.022045556705227586,0.5281867628631102
dimension,dimension::wired_dimension_15,wired_dimension_15,graduate,Beginning,joint,12,2,0.9931652427023854,1.0066498238232346,0.029677294337700312,-0.4543736692235869
dimension,dimension::wired_dimension_15,wired_dimension_15,graduate,Beginning,joint,12,3,1.0136106560676224,0.9940412719227679,0.026908164392594826,0.727265667748037
dimension,dimension::wired_dimension_15,wired_dimension_15,graduate,End,joint,12,1,0.9648179569873635,1.0003372019624255,0.029446035510275522,-1.2062487991861297
dimension,dimension::wired_dimension_15,wired_dimension_15,graduate,End,joint,12,2,0.9626875385769701,1.0020494874318158,0.03738591743821127,-1.0528549665766593
dimension,dimension::wired_dimension_15,wired_dimension_15,graduate,End,joint,12,3,1.0096266767953654,0.9990447042963071,0.036028783655111044,0.2937088468030251
dimension,dimension::wired_dimension_15,wired_dimension_15,graduate,Middle,joint,12,1,0.9843424605162544,1.0163659489937604,0.020867855551255962,-1.5345845383513135
dimension,dimension::wired_dimension_15,wired_dimension_15,graduate,Middle,joint,12,2,0.9723240287621099,0.9788972424465792,0.02515441520134355,-0.2613145100713052
dimension,dimension::wired_dimension_15,wired_dimension_15,graduate,Middle,joint,12,3,1.0240387512871516,1.0166716155053561,0.02571662845669138,0.2864736251955525
dimension,dimension::wired_dimension_16,wired_dimension_16,expert,Beginning,joint,17,1,0.9827462390837769,1.0081544069280821,0.0165800809713105,-1.532451372720705
dimension,dimension::wired_dimension_16,wired_dimension_16,expert,Beginning,joint,17,2,0.9595697158307478,0.9915710629096774,0.02412375057747255,-1.3265494093117276
dimension,dimension::wired_dimension_16,wired_dimension_16,expert,Beginning,joint,17,3,1.0346189456679116,1.0076100534633137,0.019453907854979646,1.3883530448451464
dimension,dimension::wired_dimension_16,wired_dimension_16,expert,Beginning,expert,9,1,0.9480215767517437,0.9996099155786504,0.025934251866060198,-1.9891971086476443
dimension,dimension::wired_dimension_16,wired_dimension_16,expert,Beginning,expert,9,2,0.9506964500674284,0.9982421844095757,0.028825549873258412,-1.6494302641649048
dimension,dimension::wired_dimension_16,wired_dimension_16,expert,Beginning,expert,9,3,0.9690848137407746,0.9982435322035249,0.03285456697357952,-0.8875088351095518
dimension,dimension::wired_dimension_16,wired_dimension_16,expert,Beginning,partner,8,1,0.9876176018693944,0.9986747616599712,0.04317634254669884,-0.25609301618397873
dimension,dimension::wired_dimension_16,wired_dimension_16,expert,Beginning,partner,8,2,1.0432631569733555,0.9962134481989229,0.044582374694661114,1.055343262817872
dimension,dimension::wired_dimension_16,wired_dimension_16,expert,Beginning,partner,8,3,0.9036247343174708,1.0029430626357851,0.048415138420066624,-2.0513899486684077
dimension,dimension::wired_dimension_16,wired_dimension_16,expert,End,joint,17,1,0.932977733326716,0.9880257063285391,0.023376653068890346,-2.3548269651604246
dimension,dimension::wired_dimension_16,wired_dimension_16,expert,End,joint,17,2,1.0218646404725624,1.0126915541256758,0.018164284432105018,0.5050067554917482
dimension,dimension::wired_dimension_16,wired_dimension_16,expert,End,joint,17,3,1.001272625796083,0.9887800715619385,0.02709156175936647,0.4611234429785251
dimension,dimension::wired_dimension_16,wired_dimension_16,expert,End,expert,8,1,1.0006607463021195,1.0001980867324116,0.02621226923715624,0.017650496625149028
dimension,dimension::wired_dimension_16,wired_dimension_16,expert,End,expert,8,2,1.0210984114393793,1.0004458737930428,0.0290356975453977,0.711280919428436
dimension,dimension::wired_dimension_16,wired_dimension_16,expert,End,expert,8,3,0.9944479103810931,0.9990078925769332,0.0317218577715121,-0.14374890111055186
dimension,dimension::wired_dimension_16,wired_dimension_16,expert,End,partner,9,1,1.0170873633839363,0.9992751211638902,0.024190982825383366,0.7363174265642473
dimension,dimension::wired_dimension_16,wired_dimension_16,expert,End,partner,9,2,0.9751116225577467,1.0002520721184975,0.02673016691908868,-0.9405272191846047
dimension,dimension::wired_dimension_16,wired_dimension_16,expert,End,partner,9,3,1.0182038396084023,0.9992397993133115,0.029504660612258708,0.6427472779406095
dimension,dimension::wired_dimension_16,wired_dimension_16,expert,Middle,joint,16,1,0.9490825718960282,0.9980041482693726,0.02133021437949271,-2.2935342094066598
dimension,dimension::wired_dimension_16,wired_dimension_16,expert,Middle,joint,16,2,0.9731297577598481,1.001437213373168,0.025259937725789203,-1.1206462945638715
dimension,dimension::wired_dimension_16,wired_dimension_16,expert,Middle,joint,16,3,0.9994365413146633,0.9977341040121198,0.024562123076622124,0.0693114881491595
dimension,dimension::wired_dimension_16,wired_dimension_16,expert,Middle,expert,8,1,0.9354860078673003,1.0039590368812457,0.04041270828144484,-1.6943439805390175
dimension,dimension::wired_dimension_16,wired_dimension_16,expert,Middle,expert,8,2,1.0226984070725762,0.9979721885674061,0.04933429363126925,0.5011973758046883
dimension,dimension::wired_dimension_16,wired_dimension_16,expert,Middle,expert,8,3,0.9999808159619501,0.9993105169321608,0.05179125134189412,0.012942321577913213
dimension,dimension::wired_dimension_16,wired_dimension_16,expert,Middle,partner,8,1,1.0064068798469492,1.0005160569257863,0.025448208418186843,0.23148281499270495
dimension,dimension::wired_dimension_16,wired_dimension_16,expert,Middle,partner,8,2,0.9887666642533073,0.9994841980333828,0.02941430218828161,-0.364364713174985
dimension,dimension::wired_dimension_16,wired_dimension_16,expert,Middle,partner,8,3,1.0171399303762194,0.9995642218911288,0.031393311346092,0.5598551962655101
fractal,fractal::wired_fractal_12,wired_fractal_12,child,Beginning,joint,10,1,1.0551052672135044,1.102932588754331,0.02435609999280483,-1.9636691241600923
fractal,fractal::wired_fractal_12,wired_fractal_12,child,Beginning,joint,10,2,0.7026930529696234,0.8711651295174326,0.0806443531172471,-2.0890746845333523
fractal,fractal::wired_fractal_12,wired_fractal_12,child,Beginning,joint,10,3,1.104265597155731,1.102217766764938,0.032105282667876184,0.06378484226341788
fractal,fractal::wired_fractal_12,wired_fractal_12,child,End,joint,10,1,0.9355048044874552,0.9822709673314057,0.05060324219187012,-0.9241732509278613
fractal,fractal::wired_fractal_12,wired_fractal_12,child,End,joint,10,2,1.022393252474459,1.0247600624242186,0.03864290264538549,-0.061248244508935845
fractal,fractal::wired_fractal_12,wired_fractal_12,child,End,joint,10,3,1.0564158709548797,0.9776060008569266,0.059758002210309136,1.3188170150098688
fractal,fractal::wired_fractal_12,wired_fractal_12,child,Middle,joint,10,1,1.0483722256738233,1.074713333937617,0.015342433709080302,-1.7168793923615828
fractal,fractal::wired_fractal_12,wired_fractal_12,child,Middle,joint,10,2,0.8172769643071266,0.9083671627716112,0.06599617940484925,-1.380234420930608
fractal,fractal::wired_fractal_12,wired_fractal_12,child,Middle,joint,10,3,1.0877622150630923,1.074913720996467,0.01723501762071122,0.7454877244329242
fractal,fractal::wired_fractal_15,wired_fractal_15,graduate,Beginning,joint,9,1,0.8862398460892534,0.9872679192739724,0.04651765422521534,-2.1718221795018144
fractal,fractal::wired_fractal_15,wired_fractal_15,graduate,Beginning,joint,9,2,0.9722989331566227,1.0192774864088125,0.03519249037328767,-1.334902780504791
fractal,fractal::wired_fractal_15,wired_fractal_15,graduate,Beginning,joint,9,3,1.0665558439011615,0.995020551267854,0.05520299788740353,1.2958588368555024
fractal,fractal::wired_fractal_15,wired_fractal_15,graduate,End,joint,9,1,0.9332673505686578,0.9936746819021145,0.05323195111643373,-1.1347946123809793
fractal,fractal::wired_fractal_15,wired_fractal_15,graduate,End,joint,9,2,1.0147731905458068,1.0192405444780024,0.04244953084848425,-0.10523918269299475
fractal,fractal::wired_fractal_15,wired_fractal_15,graduate,End,joint,9,3,1.0455463934767588,0.9845134092730145,0.06607197352824484,0.9237348446638062
fractal,fractal::wired_fractal_15,wired_fractal_15,graduate,Middle,joint,9,1,0.9819421991871753,0.9997371577438829,0.02886141180216886,-0.6165657688086627
fractal,fractal::wired_fractal_15,wired_fractal_15,graduate,Middle,joint,9,2,0.9220147252236162,0.9959347872869586,0.052425004550602054,-1.4100153676094158
fractal,fractal::wired_fractal_15,wired_fractal_15,graduate,Middle,joint,9,3,1.049623903254537,1.0054213251745416,0.03579173739701323,1.234993920236013
fractal,fractal::wired_fractal_16,wired_fractal_16,expert,Beginning,joint,10,1,0.9844554807008571,1.0067543651630888,0.023140835006928723,-0.9636162418320292
fractal,fractal::wired_fractal_16,wired_fractal_16,expert,Beginning,joint,10,2,0.9490996518502741,0.9887971515150834,0.0338071838036446,-1.174232668872279
fractal,fractal::wired_fractal_16,wired_fractal_16,expert,Beginning,joint,10,3,0.9968691818600439,1.0097829560427478,0.028257515878212052,-0.45700316469293956
fractal,fractal::wired_fractal_16,wired_fractal_16,expert,End,joint,10,1,0.9641849222321568,0.9964489581520927,0.01952787999963927,-1.6522037169693728
fractal,fractal::wired_fractal_16,wired_fractal_16,expert,End,joint,10,2,0.9958846001218896,1.006029653334396,0.020487887089981813,-0.4951732293305686
fractal,fractal::wired_fractal_16,wired_fractal_16,expert,End,joint,10,3,0.9828502399991615,0.9949879600080339,0.02383462127782263,-0.5092474458642284
fractal,fractal::wired_fractal_16,wired_fractal_16,expert,Middle,joint,10,1,0.9562462359092946,1.0062702985667356,0.032499240312874246,-1.5392379075896259
fractal,fractal::wired_fractal_16,wired_fractal_16,expert,Middle,joint,10,2,0.936952237029219,0.994694248816954,0.02623202475206423,-2.201203007907012
fractal,fractal::wired_fractal_16,wired_fractal_16,expert,Middle,joint,10,3,1.0339344980124399,1.0014026984810065,0.03951467626855983,0.8232839694885101
gravity,gravity::wired_gravity_12,wired_gravity_12,child,Beginning,joint,15,1,0.929112822145567,1.0089288354466721,0.02565206756577494,-3.1114846043675577
gravity,gravity::wired_gravity_12,wired_gravity_12,child,Beginning,joint,15,2,0.9148670468908627,0.9892014206706531,0.04454489766140548,-1.6687517018182538
gravity,gravity::wired_gravity_12,wired_gravity_12,child,Beginning,joint,15,3,1.009874799799772,1.0057247050566187,0.02709670989573849,0.15315862180765663
gravity,gravity::wired_gravity_12,wired_gravity_12,child,Beginning,expert,8,1,0.9265850237894715,1.0006572879592794,0.03115296044465267,-2.377695830911706
gravity,gravity::wired_gravity_12,wired_gravity_12,child,Beginning,expert,8,2,0.9878191238106064,1.0002485535506345,0.03457056710167582,-0.3595379185846654
gravity,gravity::wired_gravity_12,wired_gravity_12,child,Beginning,expert,8,3,1.0177301002427024,0.9989559559439747,0.03765078578698554,0.49863884395255353
gravity,gravity::wired_gravity_12,wired_gravity_12,child,End,joint,15,1,1.0410643241547097,1.0293854172511783,0.02087729679807004,0.5594070447190794
gravity,gravity::wired_gravity_12,wired_gravity_12,child,End,joint,15,2,0.9616831044834213,0.9610627043308813,0.04277131462687977,0.014505052228396194
gravity,gravity::wired_gravity_12,wired_gravity_12,child,End,joint,15,3,1.042806453752281,1.0289670703339548,0.022991720375324733,0.6019290071559366
gravity,gravity::wired_gravity_12,wired_gravity_12,child,End,expert,8,1,0.9557970521949155,0.9990357097231601,0.02856426958551078,-1.513732301076497
gravity,gravity::wired_gravity_12,wired_gravity_12,child,End,expert,8,2,1.0027918356876981,1.001060103800628,0.030306331675307253,0.05714092703872754
gravity,gravity::wired_gravity_12,wired_gravity_12,child,End,expert,8,3,1.0789544377060363,1.0013111061471796,0.035611522663059225,2.180286765423771
gravity,gravity::wired_gravity_12,wired_gravity_12,child,Middle,joint,15,1,1.0627839641226278,1.0662745214505545,0.009776278924961983,-0.35704354946483535
gravity,gravity::wired_gravity_12,wired_gravity_12,child,Middle,joint,15,2,0.9031018404443428,0.9273870041159342,0.02070618444369938,-1.1728459068653303
gravity,gravity::wired_gravity_12,wired_gravity_12,child,Middle,joint,15,3,1.0841782169837515,1.0661021479819348,0.010311377844930534,1.7530216886294754
gravity,gravity::wired_gravity_12,wired_gravity_12,child,Middle,partner,8,1,0.9959108781842206,1.0009044625598833,0.028663001258543503,-0.17421707973355507
gravity,gravity::wired_gravity_12,wired_gravity_12,child,Middle,partner,8,2,0.9776085429566794,1.000241585493885,0.035605432150817726,-0.6356626270209689
gravity,gravity::wired_gravity_12,wired_gravity_12,child,Middle,partner,8,3,1.0230594612441437,0.9990379346543129,0.040800402554610836,0.5887570976212377
gravity,gravity::wired_gravity_13,wired_gravity_13,teenager,Beginning,joint,12,1,0.861878635949219,0.9897773345137312,0.030759709790567677,-4.157994319040414
gravity,gravity::wired_gravity_13,wired_gravity_13,teenager,Beginning,joint,12,2,0.9574464806506556,1.0129224164604438,0.022314338898708767,-2.4861115564126486
gravity,gravity::wired_gravity_13,wired_gravity_13,teenager,Beginning,joint,12,3,1.0154572637062063,0.9867983381063885,0.034971183679992614,0.8195011602141974
gravity,gravity::wired_gravity_13,wired_gravity_13,teenager,End,joint,13,1,1.0426822395794761,1.0302112980256337,0.011505741375927818,1.0838885688786637
gravity,gravity::wired_gravity_13,wired_gravity_13,teenager,End,joint,13,2,0.9238915329336499,0.9683543140711904,0.02237602111409648,-1.987072719981025
gravity,gravity::wired_gravity_13,wired_gravity_13,teenager,End,joint,13,3,1.0377997022419914,1.0303860793574808,0.013650627483232581,0.5430975897347484
gravity,gravity::wired_gravity_13,wired_gravity_13,teenager,Middle,joint,12,1,0.9761114174529272,1.0144211986519436,0.01938526525218437,-1.9762319834493667
gravity,gravity::wired_gravity_13,wired_gravity_13,teenager,Middle,joint,12,2,0.9461309412343265,0.9787036087479472,0.03111789124436453,-1.0467504773325402
gravity,gravity::wired_gravity_13,wired_gravity_13,teenager,Middle,joint,12,3,0.9913849009801292,1.0150405606225048,0.024150700687863375,-0.9795020007126932
gravity,gravity::wired_gravity_14,wired_gravity_14,undergraduate,Beginning,joint,11,1,0.919617167796618,1.0003429610229144,0.031022372178340505,-2.6021798965669807
gravity,gravity::wired_gravity_14,wired_gravity_14,undergraduate,Beginning,joint,11,2,0.8920577646395682,1.004019807607893,0.04804986105548275,-2.3301220962750175
gravity,gravity::wired_gravity_14,wired_gravity_14,undergraduate,Beginning,joint,11,3,0.9932862502584733,1.0019619687548462,0.03871994788131759,-0.22406327929379738
gravity,gravity::wired_gravity_14,wired_gravity_14,undergraduate,End,joint,11,1,0.9989053570454115,1.0633496859040934,0.048513070180526016,-1.3283910628387927
gravity,gravity::wired_gravity_14,wired_gravity_14,undergraduate,End,joint,11,2,0.984990333265827,0.9459905844281407,0.06414675818368495,0.607976925755314
gravity,gravity::wired_gravity_14,wired_gravity_14,undergraduate,End,joint,11,3,1.0752744968109693,1.0567298761570003,0.06284017030543262,0.2951077402214773
gravity,gravity::wired_gravity_14,wired_gravity_14,undergraduate,Middle,joint,10,1,0.946142273978865,1.0136501082281273,0.02943768405783291,-2.2932454236765794
gravity,gravity::wired_gravity_14,wired_gravity_14,undergraduate,Middle,joint,10,2,0.9284822440053413,0.9813936956694069,0.035149381488118664,-1.5053309453525086
gravity,gravity::wired_gravity_14,wired_gravity_14,undergraduate,Middle,joint,10,3,1.0317238374379951,1.0123267350471021,0.03686399084109739,0.526180208608026
gravity,gravity::wired_gravity_15,wired_gravity_15,graduate,Beginning,joint,11,1,0.9802386041364562,1.017611272390496,0.03093384994798219,-1.208147977600103
gravity,gravity::wired_gravity_15,wired_gravity_15,graduate,Beginning,joint,11,2,0.996071717131225,0.9796167606980934,0.033480941761468985,0.49147232925414536
gravity,gravity::wired_gravity_15,wired_gravity_15,graduate,Beginning,joint,11,3,1.047390642849797,1.0166539231318,0.03970549709555285,0.7741174891735505
gravity,gravity::wired_gravity_15,wired_gravity_15,graduate,End,joint,11,1,0.9461929399412539,0.9987680597269353,0.022536093653340347,-2.332929592608816
gravity,gravity::wired_gravity_15,wired_gravity_15,graduate,End,joint,11,2,0.950551053258292,0.9969410062851318,0.03644860844284405,-1.2727496332153534
gravity,gravity::wired_gravity_15,wired_gravity_15,graduate,End,joint,11,3,1.003489906766958,0.9995897774825829,0.029145195798619523,0.133817227076575
gravity,gravity::wired_gravity_15,wired_gravity_15,graduate,Middle,joint,10,1,0.8960701286049028,0.9827285913923879,0.029307418600606764,-2.9568780508594843
gravity,gravity::wired_gravity_15,wired_gravity_15,graduate,Middle,joint,10,2,0.9513496157588238,1.021172719855714,0.026293686081118674,-2.655508393972559
gravity,gravity::wired_gravity_15,wired_gravity_15,graduate,Middle,joint,10,3,0.9956918481758751,0.980368494461269,0.04050512731285793,0.3783065189809167
gravity,gravity::wired_gravity_16,wired_gravity_16,expert,Beginning,joint,13,1,0.9977823493214384,1.003719612618056,0.02371072197401554,-0.2504041548428731
gravity,gravity::wired_gravity_16,wired_gravity_16,expert,Beginning,joint,13,2,1.0246225465846022,0.9915847914982769,0.06620055530376494,0.49905555829146214
gravity,gravity::wired_gravity_16,wired_gravity_16,expert,Beginning,joint,13,3,0.992889511537384,1.0063108125581963,0.027106030995764103,-0.49514076859536016
gravity,gravity::wired_gravity_16,wired_gravity_16,expert,End,joint,13,1,1.0053375601517744,1.0042210124626931,0.016009488992995823,0.06974286871803383
gravity,gravity::wired_gravity_16,wired_gravity_16,expert,End,joint,13,2,0.9600965403385248,1.001191775835497,0.023712796069034568,-1.733040480647345
gravity,gravity::wired_gravity_16,wired_gravity_16,expert,End,joint,13,3,0.9709837494455135,1.0034862756645606,0.018493336384418697,-1.7575263621134203
gravity,gravity::wired_gravity_16,wired_gravity_16,expert,Middle,joint,12,1,0.9633789189098125,0.9909063675623107,0.025308830400505675,-1.0876618246233978
gravity,gravity::wired_gravity_16,wired_gravity_16,expert,Middle,joint,12,2,1.0492786749204546,1.0091779724022623,0.023224014053055703,1.7266912785439024
gravity,gravity::wired_gravity_16,wired_gravity_16,expert,Middle,joint,12,3,1.0182614982689593,0.9894274780440189,0.03193458817010801,0.9029087856511065
hacking,hacking::wired_hacking_15,wired_hacking_15,graduate,End,joint,8,1,0.9834574764006252,1.0197549484535322,0.01693411010976974,-2.1434531733655153
hacking,hacking::wired_hacking_15,wired_hacking_15,graduate,End,joint,8,2,0.9611961551396617,0.9739114918982251,0.013530996077019382,-0.9397191962947006
hacking,hacking::wired_hacking_15,wired_hacking_15,graduate,End,joint,8,3,1.0503567439259862,1.01872546185881,0.02345769140169944,1.3484396876704012
infinity,infinity::wired_infinity_12,wired_infinity_12,child,Beginning,joint,8,1,0.8915812398703351,0.9835039338257279,0.048521334732044154,-1.8944799120434286
infinity,infinity::wired_infinity_12,wired_infinity_12,child,Beginning,joint,8,2,1.024944060180888,1.0205470506185894,0.030401826713826158,0.1446297817459376
infinity,infinity::wired_infinity_12,wired_infinity_12,child,Beginning,joint,8,3,1.0216002350307263,0.986461510017338,0.06357737150390808,0.552692320902703
infinity,infinity::wired_infinity_12,wired_infinity_12,child,End,joint,8,1,0.9123221887183907,0.9913861224904881,0.07603740305952013,-1.0398031835754333
infinity,infinity::wired_infinity_12,wired_infinity_12,child,End,joint,8,2,1.0233250789683135,1.011976722787905,0.035438154889630584,0.32022988261527724
infinity,infinity::wired_infinity_12,wired_infinity_12,child,End,joint,8,3,1.0444966650216894,0.9883599764374144,0.09963730284429052,0.5634103591905066
infinity,infinity::wired_infinity_12,wired_infinity_12,child,Middle,joint,8,1,0.9874451700294914,0.9780165674429996,0.03710392269719785,0.2541133632537422
infinity,infinity::wired_infinity_12,wired_infinity_12,child,Middle,joint,8,2,1.0278121994885867,1.0347422841130736,0.03631750247253028,-0.19081941633317462
infinity,infinity::wired_infinity_12,wired_infinity_12,child,Middle,joint,8,3,0.9161356528849384,0.9733295832742492,0.04890135471625982,-1.1695776266560922
infinity,infinity::wired_infinity_14,wired_infinity_14,undergraduate,Beginning,joint,12,1,0.8123584257682569,0.980471268687285,0.04262055176202313,-3.9444079433252273
infinity,infinity::wired_infinity_14,wired_infinity_14,undergraduate,Beginning,joint,12,2,0.9793743348813222,1.0161344688199185,0.03379313972917044,-1.0877987139758065
infinity,infinity::wired_infinity_14,wired_infinity_14,undergraduate,Beginning,joint,12,3,1.0830918994770333,0.9882922728705488,0.04973600722299165,1.9060562336950355
infinity,infinity::wired_infinity_14,wired_infinity_14,undergraduate,End,joint,12,1,1.0137552118072821,1.0318667107349673,0.011202027168445103,-1.616805481306391
infinity,infinity::wired_infinity_14,wired_infinity_14,undergraduate,End,joint,12,2,0.9714794219850275,0.9620825599683369,0.021496597349896444,0.43713253142994796
infinity,infinity::wired_infinity_14,wired_infinity_14,undergraduate,End,joint,12,3,1.035289604765441,1.0305184051736276,0.01497828739737747,0.31854106315577596
infinity,infinity::wired_infinity_14,wired_infinity_14,undergraduate,Middle,joint,11,1,0.9919735475066898,1.0133360719036735,0.022347717261601358,-0.9559152797091077
infinity,infinity::wired_infinity_14,wired_infinity_14,undergraduate,Middle,joint,11,2,0.9431624013091501,0.9908283217056937,0.029076772249475285,-1.639312644043693
infinity,infinity::wired_infinity_14,wired_infinity_14,undergraduate,Middle,joint,11,3,0.9750325808361063,1.013370676842814,0.02732901580850216,-1.4028348578429393
infinity,infinity::wired_infinity_15,wired_infinity_15,graduate,Beginning,joint,9,1,0.8880524277150612,0.9886013201814192,0.0527152642767675,-1.90739615642355
infinity,infinity::wired_infinity_15,wired_infinity_15,graduate,Beginning,joint,9,2,0.9590589309459804,1.018058242723453,0.026432574152225514,-2.2320683349905646
infinity,infinity::wired_infinity_15,wired_infinity_15,graduate,Beginning,joint,9,3,1.0087341448521483,0.9946931155534465,0.06390252333229798,0.21972574112116586
infinity,infinity::wired_infinity_15,wired_infinity_15,graduate,End,joint,9,1,0.9276835599023538,1.0047772349347728,0.034814395203303566,-2.21441948315401
infinity,infinity::wired_infinity_15,wired_infinity_15,graduate,End,joint,9,2,0.9729002070172902,1.0004078441070863,0.02692231385222258,-1.021741193598231
infinity,infinity::wired_infinity_15,wired_infinity_15,graduate,End,joint,9,3,1.022512696052541,1.0065838031287049,0.04859694283429483,0.32777561704139
infinity,infinity::wired_infinity_15,wired_infinity_15,graduate,Middle,joint,9,1,0.91288594945228,0.9850042790333898,0.03260179157113483,-2.2120971304215815
infinity,infinity::wired_infinity_15,wired_infinity_15,graduate,Middle,joint,9,2,0.9805257664676974,1.0127851406592931,0.030511058984256084,-1.0573010333152253
infinity,infinity::wired_infinity_15,wired_infinity_15,graduate,Middle,joint,9,3,0.9947319798098216,0.986480056597613,0.04246524502087588,0.194321808531943
internet,internet::wired_internet_12,wired_internet_12,child,Beginning,joint,9,1,0.9420098432480036,0.9959394887232984,0.031114971971625455,-1.7332377970474988
internet,internet::wired_internet_12,wired_internet_12,child,Beginning,joint,9,2,0.9590443626772389,1.0077553214839772,0.037958776461244965,-1.2832594553323136
internet,internet::wired_internet_12,wired_internet_12,child,Beginning,joint,9,3,1.021147173618095,1.0011931166104737,0.04298379171960702,0.4642228200291435
internet,internet::wired_internet_12,wired_internet_12,child,End,joint,9,1,0.8758084466393833,0.9942639510020067,0.05889852100535572,-2.0111796075805044
internet,internet::wired_internet_12,wired_internet_12,child,End,joint,9,2,1.0193036051660456,1.0118194147826929,0.031080931035082603,0.2407968530577448
internet,internet::wired_internet_12,wired_internet_12,child,End,joint,9,3,1.1138748410271533,0.9902568435593415,0.07172832823352687,1.7234194705520949
internet,internet::wired_internet_12,wired_internet_12,child,Middle,joint,9,1,0.9858391399546949,1.0177321452055375,0.017541692992740433,-1.8181258367730757
internet,internet::wired_internet_12,wired_internet_12,child,Middle,joint,9,2,0.9253962377422356,0.9708202620158601,0.034388920232377856,-1.3208912628450877
internet,internet::wired_internet_12,wired_internet_12,child,Middle,joint,9,3,1.0032783314214224,1.0148586651788023,0.02084371514314148,-0.5555791603297904
internet,internet::wired_internet_14,wired_internet_14,undergraduate,Beginning,joint,11,1,0.8569412237547368,0.9898930626303738,0.040213752171725625,-3.306128667324799
internet,internet::wired_internet_14,wired_internet_14,undergraduate,Beginning,joint,11,2,0.959821343353742,1.0118421652729426,0.024506987845587917,-2.122693423074678
internet,internet::wired_internet_14,wired_internet_14,undergraduate,Beginning,joint,11,3,1.0184464048233985,0.9906768385401606,0.04743419529416434,0.5854334855060627
internet,internet::wired_internet_14,wired_internet_14,undergraduate,End,joint,11,1,0.8994253145320489,0.9789496509782155,0.0314226035170984,-2.5308003648677295
internet,internet::wired_internet_14,wired_internet_14,undergraduate,End,joint,11,2,1.0377217741041076,1.0243348418099494,0.022753408268629,0.5883484415218486
internet,internet::wired_internet_14,wired_internet_14,undergraduate,End,joint,11,3,1.0365475714623835,0.9758858099222967,0.036144454852013036,1.6783144686634646
internet,internet::wired_internet_14,wired_internet_14,undergraduate,Middle,joint,10,1,0.9585188384535059,0.9911004327543967,0.021445579780720658,-1.5192685221866233
internet,internet::wired_internet_14,wired_internet_14,undergraduate,Middle,joint,10,2,0.9850374449316592,1.009379375247214,0.014894416201486295,-1.6342990545091463
internet,internet::wired_internet_14,wired_internet_14,undergraduate,Middle,joint,10,3,1.0193833804973842,0.9916204135001251,0.026343665521080018,1.0538763853892457
internet,internet::wired_internet_16,wired_internet_16,expert,Beginning,joint,9,1,0.9117728901819389,0.9819061596849444,0.04106842894179692,-1.707717370985873
internet,internet::wired_internet_16,wired_internet_16,expert,Beginning,joint,9,2,0.9663360857005248,1.019185101338545,0.03648428282467651,-1.4485419897653895
internet,internet::wired_internet_16,wired_internet_16,expert,Beginning,joint,9,3,1.006579111365132,0.9814297205778666,0.05135303719133623,0.4897352165084455
internet,internet::wired_internet_16,wired_internet_16,expert,End,joint,10,1,1.013937347636125,1.0047089935658389,0.025169137339425166,0.3666535704356795
internet,internet::wired_internet_16,wired_internet_16,expert,End,joint,10,2,0.9782736779041497,0.9914634757057278,0.031589719939974586,-0.41753449624247446
internet,internet::wired_internet_16,wired_internet_16,expert,End,joint,10,3,0.9772761537151698,1.0024994155647993,0.030841938575685093,-0.8178234901717469
internet,internet::wired_internet_16,wired_internet_16,expert,Middle,joint,9,1,0.9353459791181573,0.9886972912689959,0.024509854248962726,-2.176729066150869
internet,internet::wired_internet_16,wired_internet_16,expert,Middle,joint,9,2,0.9995442873852922,1.0124120422347322,0.027312451193833916,-0.4711314542264542
internet,internet::wired_internet_16,wired_internet_16,expert,Middle,joint,9,3,0.9978663177318052,0.988904998228692,0.02802642393013269,0.31974537762837435
laser,laser::wired_laser_12,wired_laser_12,child,Beginning,joint,12,1,1.0111993087578357,1.041357117986726,0.02541806167253176,-1.1864716364851935
laser,laser::wired_laser_12,wired_laser_12,child,Beginning,joint,12,2,0.8478899078641382,0.9470963997622444,0.06176432991230779,-1.6062101222333063
laser,laser::wired_laser_12,wired_laser_12,child,Beginning,joint,12,3,1.038818952126946,1.045291682092555,0.02961646490355288,-0.21855174095516763
laser,laser::wired_laser_12,wired_laser_12,child,End,joint,12,1,0.8676235206206722,0.9954747467136399,0.05233391148225955,-2.442990070335321
laser,laser::wired_laser_12,wired_laser_12,child,End,joint,12,2,0.9321317828993985,1.0021251905136532,0.053271778860155425,-1.3138928173957838
laser,laser::wired_laser_12,wired_laser_12,child,End,joint,12,3,1.070495013724251,0.9985102911237025,0.0601319534860138,1.1971126568720507
laser,laser::wired_laser_12,wired_laser_12,child,Middle,joint,11,1,1.0268403462763147,1.0768478024298214,0.03686702920410676,-1.356427605724633
laser,laser::wired_laser_12,wired_laser_12,child,Middle,joint,11,2,0.7310855207661293,0.8940861784862303,0.128154695767818,-1.2719054634986964
laser,laser::wired_laser_12,wired_laser_12,child,Middle,joint,11,3,1.1007126922380641,1.0760368681417172,0.04758588778378407,0.5185534040778318
laser,laser::wired_laser_13,wired_laser_13,teenager,Beginning,joint,9,1,1.002897780667607,1.0459235695079452,0.027395331169154734,-1.57055187888301
laser,laser::wired_laser_13,wired_laser_13,teenager,Beginning,joint,9,2,0.9623558969906836,0.9569437461857936,0.0274080369248693,0.19746583163638237
laser,laser::wired_laser_13,wired_laser_13,teenager,Beginning,joint,9,3,1.0788267387284078,1.048408662535798,0.04627805598626845,0.6572894116735465
laser,laser::wired_laser_13,wired_laser_13,teenager,End,joint,9,1,0.9172841855470992,0.972591735696718,0.03281452987122971,-1.6854591660052975
laser,laser::wired_laser_13,wired_laser_13,teenager,End,joint,9,2,1.0049390150970117,1.0250490258647154,0.026979781271589953,-0.74537338035723
laser,laser::wired_laser_13,wired_laser_13,teenager,End,joint,9,3,0.9679430032692448,0.9736181917806939,0.043040716507160695,-0.13185627405865608
laser,laser::wired_laser_13,wired_laser_13,teenager,Middle,joint,8,1,0.9710976877713501,1.0021976151323173,0.024482444367060992,-1.2702950283350583
laser,laser::wired_laser_13,wired_laser_13,teenager,Middle,joint,8,2,0.9914871143994773,0.9916388513933639,0.03543488178128845,-0.004282136309164236
laser,laser::wired_laser_13,wired_laser_13,teenager,Middle,joint,8,3,1.034278021190466,1.0038025898109622,0.03141504659310435,0.9700902810754808
laser,laser::wired_laser_15,wired_laser_15,graduate,Beginning,joint,8,1,0.8645868441714054,0.9823943478180718,0.048254064963131504,-2.4414006102216907
laser,laser::wired_laser_15,wired_laser_15,graduate,Beginning,joint,8,2,0.9384563895257445,1.0249132613445537,0.05690663696665628,-1.519275719446706
laser,laser::wired_laser_15,wired_laser_15,graduate,Beginning,joint,8,3,1.0476111586273142,0.9756645917842053,0.06340741926469386,1.1346711106908245
laser,laser::wired_laser_15,wired_laser_15,graduate,End,joint,8,1,0.9263775758237993,0.993033384148452,0.032810642330780904,-2.031530125276467
laser,laser::wired_laser_15,wired_laser_15,graduate,End,joint,8,2,0.9717018316857968,1.0127460433293758,0.037498779214702994,-1.0945479427097144
laser,laser::wired_laser_15,wired_laser_15,graduate,End,joint,8,3,1.0214481107428115,0.9927348075033031,0.045150191906194195,0.6359508570675461
laser,laser::wired_laser_15,wired_laser_15,graduate,Middle,joint,8,1,0.9395500770216028,0.9723295000734195,0.03214328204785923,-1.0197907918366982
laser,laser::wired_laser_15,wired_laser_15,graduate,Middle,joint,8,2,1.017854106955961,1.0328662999823994,0.02773271805876466,-0.5413170463359597
laser,laser::wired_laser_15,wired_laser_15,graduate,Middle,joint,8,3,0.9965590468388617,0.9782229612128994,0.04153568204882567,0.4414538228698869
laser,laser::wired_laser_16,wired_laser_16,expert,Beginning,joint,14,1,0.8800977744468844,0.9777213911948885,0.04515398174320662,-2.162015684534654
laser,laser::wired_laser_16,wired_laser_16,expert,Beginning,joint,14,2,1.0119356888290596,1.0224893676098061,0.014720431702046934,-0.7169408475485813
laser,laser::wired_laser_16,wired_laser_16,expert,Beginning,joint,14,3,0.9731218790101415,0.9802539707813877,0.05329858035179844,-0.13381391632142278
laser,laser::wired_laser_16,wired_laser_16,expert,End,joint,14,1,0.9820962225383661,1.00957943568263,0.019565266432791346,-1.4046940397500554
laser,laser::wired_laser_16,wired_laser_16,expert,End,joint,14,2,0.9236230148382437,0.9896625022891764,0.03892278848679077,-1.6966792467437044
laser,laser::wired_laser_16,wired_laser_16,expert,End,joint,14,3,0.9664766903266258,1.0107988035135824,0.023034877601218105,-1.9241306142044738
laser,laser::wired_laser_16,wired_laser_16,expert,Middle,joint,14,1,1.0114034722567038,1.0034722268387013,0.022651765407053825,0.35013806983594686
laser,laser::wired_laser_16,wired_laser_16,expert,Middle,joint,14,2,0.9758559603674957,0.9960106216995599,0.020273042283907864,-0.9941606715861485
laser,laser::wired_laser_16,wired_laser_16,expert,Middle,joint,14,3,1.0414603776377787,1.004321563682545,0.026161127256926455,1.4196182599662492
moravec,moravec::wired_moravec_12,wired_moravec_12,child,Beginning,joint,10,1,0.9270959207283949,1.0051125867045823,0.02794097410545153,-2.7921956364780303
moravec,moravec::wired_moravec_12,wired_moravec_12,child,Beginning,joint,10,2,0.9284023569481741,0.9935526431214738,0.031108879439215767,-2.0942665678652346
moravec,moravec::wired_moravec_12,wired_moravec_12,child,Beginning,joint,10,3,1.026835354035314,1.0054137536418262,0.031234805923740856,0.6858246677052557
moravec,moravec::wired_moravec_12,wired_moravec_12,child,End,joint,10,1,0.9631823548721942,1.0153723445516716,0.025984774766150482,-2.0084834349791483
moravec,moravec::wired_moravec_12,wired_moravec_12,child,End,joint,10,2,0.9523766327395801,0.9844465625568923,0.043111423261995685,-0.743884738446645
moravec,moravec::wired_moravec_12,wired_moravec_12,child,End,joint,10,3,1.0679123630915206,1.0153216187973122,0.03225541047816718,1.6304472184536503
moravec,moravec::wired_moravec_12,wired_moravec_12,child,Middle,joint,9,1,0.9979616762728963,1.0242539329622569,0.02570027961131424,-1.0230338769460576
moravec,moravec::wired_moravec_12,wired_moravec_12,child,Middle,joint,9,2,0.9764825849522676,0.9702058512233946,0.02919145471888102,0.21501955929634273
moravec,moravec::wired_moravec_12,wired_moravec_12,child,Middle,joint,9,3,1.0440886915186718,1.0230313085056908,0.03148877258415353,0.6687267011346751
moravec,moravec::wired_moravec_13,wired_moravec_13,teenager,Beginning,joint,9,1,0.9828750225182464,1.0150276950957247,0.02500230238527948,-1.2859884694622623
moravec,moravec::wired_moravec_13,wired_moravec_13,teenager,Beginning,joint,9,2,0.9302915179843363,0.9805034726203735,0.03198699855874487,-1.5697613686330023
moravec,moravec::wired_moravec_13,wired_moravec_13,teenager,Beginning,joint,9,3,1.0262811371843792,1.0179366365065838,0.028718750384223543,0.29055932330465706
moravec,moravec::wired_moravec_13,wired_moravec_13,teenager,End,joint,10,1,0.9226600862492427,1.0143324071351487,0.03558619550639582,-2.5760641052351323
moravec,moravec::wired_moravec_13,wired_moravec_13,teenager,End,joint,10,2,0.9624507236544911,0.9878108092830611,0.0486111475964897,-0.5216927985135913
moravec,moravec::wired_moravec_13,wired_moravec_13,teenager,End,joint,10,3,1.0071082059991214,1.0087591469100925,0.04534580953151663,-0.036407794414247144
moravec,moravec::wired_moravec_13,wired_moravec_13,teenager,Middle,joint,9,1,0.9376586340195083,0.9808702782357331,0.041932354077540916,-1.0305084264126512
moravec,moravec::wired_moravec_13,wired_moravec_13,teenager,Middle,joint,9,2,0.9703799878472037,1.0193299478039328,0.0345008139537944,-1.4188059453404753
moravec,moravec::wired_moravec_13,wired_moravec_13,teenager,Middle,joint,9,3,0.9801116044120525,0.9788311372867045,0.05070973049079025,0.025250915612351196
nano,nano::wired_nano_12,wired_nano_12,child,End,joint,8,1,0.9885977893523217,1.0137350368871543,0.021945447976263403,-1.145442442643299
nano,nano::wired_nano_12,wired_nano_12,child,End,joint,8,2,1.0280944113307007,0.9824897798478417,0.03899115794085435,1.169614699620786
nano,nano::wired_nano_12,wired_nano_12,child,End,joint,8,3,0.9883328457193772,1.0134399295946819,0.0294088776323862,-0.8537246537982733
nano,nano::wired_nano_14,wired_nano_14,undergraduate,Beginning,joint,8,1,0.9899442417039886,0.9976339048056438,0.01841765371728657,-0.41751589098657993
nano,nano::wired_nano_14,wired_nano_14,undergraduate,Beginning,joint,8,2,0.9292852786242354,1.006434517171075,0.051830405848764076,-1.4884938152318017
nano,nano::wired_nano_14,wired_nano_14,undergraduate,Beginning,joint,8,3,0.9614827145763366,0.9967209393929547,0.027279339276795423,-1.2917550699841445
nano,nano::wired_nano_14,wired_nano_14,undergraduate,End,joint,8,1,0.8889351864508107,0.9826257132698256,0.04242482758748809,-2.2083891001279183
nano,nano::wired_nano_14,wired_nano_14,undergraduate,End,joint,8,2,0.9598516986972061,1.0231338843158866,0.04369421470465116,-1.448296669168521
nano,nano::wired_nano_14,wired_nano_14,undergraduate,End,joint,8,3,1.041705847345386,0.9848282116669826,0.054702104918273396,1.0397705127321923
nano,nano::wired_nano_14,wired_nano_14,undergraduate,Middle,joint,8,1,0.9754985229342431,1.0120850062445212,0.025636488097637404,-1.4271253991942001
nano,nano::wired_nano_14,wired_nano_14,undergraduate,Middle,joint,8,2,1.0024162367038552,0.9822712192696312,0.01895760950009936,1.0626348978291982
nano,nano::wired_nano_14,wired_nano_14,undergraduate,Middle,joint,8,3,1.0343907445797458,1.0122650817728667,0.03426650357140438,0.6456936220753821
nuclear,nuclear::wired_nuclear_12,wired_nuclear_12,child,Beginning,joint,10,1,1.0688610625209451,1.1069402271925168,0.017238435421047343,-2.2089687225952517
nuclear,nuclear::wired_nuclear_12,wired_nuclear_12,child,Beginning,joint,10,2,0.6754271670287035,0.86885384224585,0.07945665518940008,-2.4343672000297163
nuclear,nuclear::wired_nuclear_12,wired_nuclear_12,child,Beginning,joint,10,3,1.1314792627096844,1.106323870894205,0.022394150697729084,1.1233018905258307
nuclear,nuclear::wired_nuclear_12,wired_nuclear_12,child,End,joint,11,1,0.9703461109673769,0.9946783435273391,0.019299331797086542,-1.2607810889926991
nuclear,nuclear::wired_nuclear_12,wired_nuclear_12,child,End,joint,11,2,0.991886464101617,1.0113633885036133,0.02469132074656703,-0.7888166292078287
nuclear,nuclear::wired_nuclear_12,wired_nuclear_12,child,End,joint,11,3,0.9847929547843915,0.9947420116433691,0.023746171993738473,-0.41897518731022987
nuclear,nuclear::wired_nuclear_12,wired_nuclear_12,child,Middle,joint,10,1,1.0559471502344904,1.0135120079309354,0.04023097822636386,1.054787732597232
nuclear,nuclear::wired_nuclear_12,wired_nuclear_12,child,Middle,joint,10,2,0.8818100072346995,0.9846948272795248,0.079270529685136,-1.297894948519781
nuclear,nuclear::wired_nuclear_12,wired_nuclear_12,child,Middle,joint,10,3,0.9774446955995346,1.014478496055644,0.05060765255526869,-0.7317826175728033
nuclear,nuclear::wired_nuclear_14,wired_nuclear_14,undergraduate,Beginning,joint,8,1,0.9679058707830953,1.007871836386629,0.025544032066597885,-1.5645911146421698
nuclear,nuclear::wired_nuclear_14,wired_nuclear_14,undergraduate,Beginning,joint,8,2,0.9698452752991498,0.9935789421982215,0.038808453516384435,-0.6115592029208713
nuclear,nuclear::wired_nuclear_14,wired_nuclear_14,undergraduate,Beginning,joint,8,3,1.0159723472597046,1.0053322343645503,0.033234600485210264,0.320151671445224
nuclear,nuclear::wired_nuclear_14,wired_nuclear_14,undergraduate,End,joint,8,1,1.0801148226886135,1.0442107734194237,0.02026046795008972,1.772123396045785
nuclear,nuclear::wired_nuclear_14,wired_nuclear_14,undergraduate,End,joint,8,2,0.9421362065436011,0.9373833395554898,0.05621210138436664,0.08455238055613981
nuclear,nuclear::wired_nuclear_14,wired_nuclear_14,undergraduate,End,joint,8,3,1.0335263421150218,1.047756574259824,0.02655347624362929,-0.535908444312121
sensing,sensing::wired_sensing_12,wired_sensing_12,child,Beginning,joint,10,1,0.9868576250074705,0.977195969817661,0.06235765490232711,0.1549393607720323
sensing,sensing::wired_sensing_12,wired_sensing_12,child,Beginning,joint,10,2,1.03565905110469,1.0238762812061346,0.030912940709398,0.3811597870717351
sensing,sensing::wired_sensing_12,wired_sensing_12,child,Beginning,joint,10,3,0.9985111808929118,0.9797208738888905,0.0766706965280039,0.24507807878278695
sensing,sensing::wired_sensing_12,wired_sensing_12,child,End,joint,11,1,1.1821487464411695,0.9672002504798736,0.09839713303966277,2.184499581656029
sensing,sensing::wired_sensing_12,wired_sensing_12,child,End,joint,11,2,0.9803602322382557,1.0423612549347432,0.09817678245502003,-0.6315242885953549
sensing,sensing::wired_sensing_12,wired_sensing_12,child,End,joint,11,3,0.8154678533598787,0.9698077507526464,0.12188338601601847,-1.2662915138613198
sensing,sensing::wired_sensing_12,wired_sensing_12,child,Middle,joint,10,1,0.9548355371327397,0.9898108323354451,0.023934779559422973,-1.461275008440001
sensing,sensing::wired_sensing_12,wired_sensing_12,child,Middle,joint,10,2,1.0217546007671754,1.0131441580310765,0.02380728838458032,0.36167255157356665
sensing,sensing::wired_sensing_12,wired_sensing_12,child,Middle,joint,10,3,1.0566090824745529,0.9887024492785915,0.02830900033395663,2.3987647884022025
sensing,sensing::wired_sensing_13,wired_sensing_13,teenager,Beginning,joint,22,1,0.9325840005374829,0.9879801675829212,0.035166730087809545,-1.5752436154034464
sensing,sensing::wired_sensing_13,wired_sensing_13,teenager,Beginning,joint,22,2,1.0182468196143646,1.0146005496874142,0.029402353334929916,0.12401285997126721
sensing,sensing::wired_sensing_13,wired_sensing_13,teenager,Beginning,joint,22,3,0.9334242554516107,0.9839852562758173,0.03954624959623209,-1.2785283393605054
sensing,sensing::wired_sensing_13,wired_sensing_13,teenager,Beginning,expert,11,1,0.9525988691506371,0.9975196431989904,0.030645871912461743,-1.4658017946647792
sensing,sensing::wired_sensing_13,wired_sensing_13,teenager,Beginning,expert,11,2,1.0405321586876877,1.0016579330909923,0.03287494606026194,1.1824878898793136
sensing,sensing::wired_sensing_13,wired_sensing_13,teenager,Beginning,expert,11,3,1.0042917266959661,1.0013152457223276,0.03441120900742184,0.08649742509763583
sensing,sensing::wired_sensing_13,wired_sensing_13,teenager,Beginning,partner,11,1,1.0527324442434487,0.9997994253668341,0.04707396815606265,1.1244647721459908
sensing,sensing::wired_sensing_13,wired_sensing_13,teenager,Beginning,partner,11,2,0.8879236100106446,0.997470219583861,0.053632402103235645,-2.042545276311751
sensing,sensing::wired_sensing_13,wired_sensing_13,teenager,Beginning,partner,11,3,1.0027395782045605,0.9979416418853848,0.055570987053921835,0.08633887165833744
sensing,sensing::wired_sensing_13,wired_sensing_13,teenager,End,joint,23,1,1.0938013279495764,1.0240876494736093,0.04746634863695874,1.4686968869074946
sensing,sensing::wired_sensing_13,wired_sensing_13,teenager,End,joint,23,2,0.924693781492705,0.9763123801673942,0.049637078389328286,-1.0399201635079904
sensing,sensing::wired_sensing_13,wired_sensing_13,teenager,End,joint,23,3,1.0418898156286798,1.023656704012119,0.051794148388867305,0.3520303390195305
sensing,sensing::wired_sensing_13,wired_sensing_13,teenager,End,expert,12,1,0.9595492039271347,1.0020616383550083,0.05181349970640632,-0.8204895378379014
sensing,sensing::wired_sensing_13,wired_sensing_13,teenager,End,expert,12,2,0.9865667637487211,0.996676750336966,0.057311027615026024,-0.17640560654672746
sensing,sensing::wired_sensing_13,wired_sensing_13,teenager,End,expert,12,3,1.060013638668654,0.998817488614511,0.06068395288031114,1.0084404055688678
sensing,sensing::wired_sensing_13,wired_sensing_13,teenager,End,partner,11,1,0.9405714201450387,1.0116768766326791,0.08857619649239448,-0.8027603273047048
sensing,sensing::wired_sensing_13,wired_sensing_13,teenager,End,partner,11,2,0.892831063633475,1.0055253091362282,0.09532877268301947,-1.1821640238406947
sensing,sensing::wired_sensing_13,wired_sensing_13,teenager,End,partner,11,3,0.8604769233961422,0.9953307170411505,0.10920587958623443,-1.234858362534601
sensing,sensing::wired_sensing_13,wired_sensing_13,teenager,Middle,joint,22,1,1.0535375879149984,1.0701997314176979,0.014904871253089832,-1.1178991901218425
sensing,sensing::wired_sensing_13,wired_sensing_13,teenager,Middle,joint,22,2,0.8609829995835615,0.924202030015168,0.040270310330821416,-1.569866979227646
sensing,sensing::wired_sensing_13,wired_sensing_13,teenager,Middle,joint,22,3,1.0735412812537852,1.069574775736024,0.016659371393529205,0.23809454895169585
sensing,sensing::wired_sensing_13,wired_sensing_13,teenager,Middle,expert,11,1,0.9356300712443822,1.0005015908651598,0.026661159672815127,-2.433184468225639
sensing,sensing::wired_sensing_13,wired_sensing_13,teenager,Middle,expert,11,2,0.9786685795090061,0.999989947133405,0.028247386200810583,-0.7548085147710807
sensing,sensing::wired_sensing_13,wired_sensing_13,teenager,Middle,expert,11,3,1.0422765748193534,0.99944220954957,0.0328693888386975,1.3031688991842185
sensing,sensing::wired_sensing_13,wired_sensing_13,teenager,Middle,partner,11,1,0.9272674842892488,0.998698995508091,0.09188824592718751,-0.7773737598108554
sensing,sensing::wired_sensing_13,wired_sensing_13,teenager,Middle,partner,11,2,0.925385447651363,1.0004087160329782,0.10129531661841334,-0.7406390629512833
sensing,sensing::wired_sensing_13,wired_sensing_13,teenager,Middle,partner,11,3,0.9607766841921884,0.9949078939466042,0.11326141668823549,-0.30134895670928835
sensing,sensing::wired_sensing_14,wired_sensing_14,undergraduate,Beginning,joint,12,1,0.8806552222479519,0.9790826061193175,0.057852557855100524,-1.701348868927977
sensing,sensing::wired_sensing_14,wired_sensing_14,undergraduate,Beginning,joint,12,2,1.0127092240080868,1.02358703282343,0.030503607093276507,-0.35660729506776323
sensing,sensing::wired_sensing_14,wired_sensing_14,undergraduate,Beginning,joint,12,3,1.0266372524367384,0.9769579135732918,0.06615617875105309,0.7509402719644815
sensing,sensing::wired_sensing_14,wired_sensing_14,undergraduate,End,joint,12,1,0.9385877746357894,0.9961796709118831,0.044766678628633094,-1.2864902655355257
sensing,sensing::wired_sensing_14,wired_sensing_14,undergraduate,End,joint,12,2,0.9735350933171887,1.006888959519147,0.03969187170239012,-0.8403198128837518
sensing,sensing::wired_sensing_14,wired_sensing_14,undergraduate,End,joint,12,3,0.9802322674131662,0.9964919536158592,0.05037784519502464,-0.3227546978190096
sensing,sensing::wired_sensing_14,wired_sensing_14,undergraduate,Middle,joint,11,1,0.9632457091055621,0.9971934964895269,0.030824304444375998,-1.101331822271135
sensing,sensing::wired_sensing_14,wired_sensing_14,undergraduate,Middle,joint,11,2,0.972211218565785,1.0081717844281346,0.027374284144798144,-1.3136623289264395
sensing,sensing::wired_sensing_14,wired_sensing_14,undergraduate,Middle,joint,11,3,1.0133613712688208,0.9982074220007399,0.03830576639880631,0.39560490998433906
sensing,sensing::wired_sensing_15,wired_sensing_15,graduate,Beginning,joint,11,1,0.942581067109606,0.9911933985936462,0.029361591116721746,-1.6556436362999059
sensing,sensing::wired_sensing_15,wired_sensing_15,graduate,Beginning,joint,11,2,0.9934025404613042,1.0156045969446565,0.025317445024058152,-0.8769469613641764
sensing,sensing::wired_sensing_15,wired_sensing_15,graduate,Beginning,joint,11,3,0.9997413365746652,0.9886405032234048,0.03473008812865075,0.31963159178115524
sensing,sensing::wired_sensing_15,wired_sensing_15,graduate,End,joint,11,1,1.0522036496469296,0.9875181410711386,0.044335994836154996,1.4589840335113327
sensing,sensing::wired_sensing_15,wired_sensing_15,graduate,End,joint,11,2,1.0240920747759654,1.0116057912861178,0.028661262615778765,0.4356501546088054
sensing,sensing::wired_sensing_15,wired_sensing_15,graduate,End,joint,11,3,0.8987760147837801,0.9904280559249903,0.050645942279212514,-1.8096620778803931
sensing,sensing::wired_sensing_15,wired_sensing_15,graduate,Middle,joint,11,1,0.9330727771423428,0.9878935029416248,0.029692005280681662,-1.8463126784821664
sensing,sensing::wired_sensing_15,wired_sensing_15,graduate,Middle,joint,11,2,1.0333743261770687,1.0125385182169542,0.03666995714241744,0.5681983177453188
sensing,sensing::wired_sensing_15,wired_sensing_15,graduate,Middle,joint,11,3,1.073261756984268,0.9891836322483912,0.035649398089286743,2.3584724916055073
sensing,sensing::wired_sensing_16,wired_sensing_16,expert,Beginning,joint,9,1,1.0440958027598715,1.0179074288564853,0.018810496568683846,1.392221295581593
sensing,sensing::wired_sensing_16,wired_sensing_16,expert,Beginning,joint,9,2,1.0600954860027998,0.9824492473372108,0.045563349988890146,1.7041380557953196
sensing,sensing::wired_sensing_16,wired_sensing_16,expert,Beginning,joint,9,3,1.0067729929093605,1.0153096545396938,0.025419525807102182,-0.33583087643390086
sensing,sensing::wired_sensing_16,wired_sensing_16,expert,End,joint,9,1,0.9965883149488839,1.0138827119852736,0.02129805657505476,-0.8120176118156086
sensing,sensing::wired_sensing_16,wired_sensing_16,expert,End,joint,9,2,0.9355351383331229,0.9780663151486483,0.02083118834116173,-2.041706700499906
sensing,sensing::wired_sensing_16,wired_sensing_16,expert,End,joint,9,3,0.9960996518678251,1.0129655877982058,0.027797637403030255,-0.6067399069153295
sensing,sensing::wired_sensing_16,wired_sensing_16,expert,Middle,joint,9,1,0.9467625339927389,0.9925589148333034,0.0996830606936502,-0.4594198906202095
sensing,sensing::wired_sensing_16,wired_sensing_16,expert,Middle,joint,9,2,0.8721524877921878,1.0069868287150863,0.097833675394394,-1.3781996881885996
sensing,sensing::wired_sensing_16,wired_sensing_16,expert,Middle,joint,9,3,0.8916483177848756,0.9969374129301778,0.11774938855371092,-0.8941795489432622
sleep,sleep::wired_sleep_12,wired_sleep_12,child,Beginning,joint,17,1,0.8992924941273065,0.9978710913291926,0.01767061419077453,-5.578674070839711
sleep,sleep::wired_sleep_12,wired_sleep_12,child,Beginning,joint,17,2,0.9621042466836687,1.0014743431378368,0.013639976740203058,-2.8863756298151877
sleep,sleep::wired_sleep_12,wired_sleep_12,child,Beginning,joint,17,3,1.0166821182714845,0.9981945996008933,0.020286928521257797,0.9113020066699058
sleep,sleep::wired_sleep_12,wired_sleep_12,child,Beginning,expert,8,1,0.9302849307411581,0.9998277843437857,0.024118625721106558,-2.8833671705336683
sleep,sleep::wired_sleep_12,wired_sleep_12,child,Beginning,expert,8,2,1.0190229238664827,0.9988509809745904,0.026746651838848386,0.7541857206438637
sleep,sleep::wired_sleep_12,wired_sleep_12,child,Beginning,expert,8,3,1.0277567705033244,1.0003089385687505,0.02880106391974679,0.9530145140143562
sleep,sleep::wired_sleep_12,wired_sleep_12,child,Beginning,partner,9,1,0.9861843040204052,0.9999234205889226,0.014750481147866602,-0.9314351464734736
sleep,sleep::wired_sleep_12,wired_sleep_12,child,Beginning,partner,9,2,1.0109759491946366,1.0013811895961853,0.016231395410202153,0.5911235205582276
sleep,sleep::wired_sleep_12,wired_sleep_12,child,Beginning,partner,9,3,0.9986016056633266,1.0008926807328729,0.018945695728917446,-0.12092852658080773
sleep,sleep::wired_sleep_12,wired_sleep_12,child,End,joint,17,1,0.9505145900468097,1.0053474216248508,0.018258464464340988,-3.0031458387494907
sleep,sleep::wired_sleep_12,wired_sleep_12,child,End,joint,17,2,0.9881290252953641,0.9923964102828993,0.03560137815708322,-0.11986572454319919
sleep,sleep::wired_sleep_12,wired_sleep_12,child,End,joint,17,3,1.0182611184976065,1.0058235244346312,0.021037426249841933,0.5912127232326596
sleep,sleep::wired_sleep_12,wired_sleep_12,child,End,expert,8,1,0.9928602321602465,1.0011398544098027,0.03342276787780754,-0.24772401495370303
sleep,sleep::wired_sleep_12,wired_sleep_12,child,End,expert,8,2,1.0526511397787304,0.9996139324970122,0.04026641104360019,1.3171575491118344
sleep,sleep::wired_sleep_12,wired_sleep_12,child,End,expert,8,3,0.9616046611516768,1.0008026685009135,0.04373801075751387,-0.8962000482041309
sleep,sleep::wired_sleep_12,wired_sleep_12,child,End,partner,9,1,0.9986462237474966,0.9980608704637934,0.05564575926050039,0.010519279303259228
sleep,sleep::wired_sleep_12,wired_sleep_12,child,End,partner,9,2,1.0426402563740615,1.0015945836527778,0.062387868662370935,0.6579111228084054
sleep,sleep::wired_sleep_12,wired_sleep_12,child,End,partner,9,3,1.0073715577403877,0.9983665034793517,0.06797845318524577,0.13246924340123717
sleep,sleep::wired_sleep_12,wired_sleep_12,child,Middle,joint,17,1,0.9453131769861868,1.0017047056103758,0.024571270537484556,-2.2950188325899266
sleep,sleep::wired_sleep_12,wired_sleep_12,child,Middle,joint,17,2,0.9988899013972833,0.999303374609603,0.025135336445123307,-0.0164498777735629
sleep,sleep::wired_sleep_12,wired_sleep_12,child,Middle,joint,17,3,1.0175696812736155,1.001199219346702,0.025661000389112794,0.6379510416070484
sleep,sleep::wired_sleep_12,wired_sleep_12,child,Middle,expert,9,1,1.001983349618117,1.000313622098527,0.030107146767962948,0.05545950708842349
sleep,sleep::wired_sleep_12,wired_sleep_12,child,Middle,expert,9,2,1.0461026299010847,0.9996164234088724,0.03413375622517624,1.3618837078916397
sleep,sleep::wired_sleep_12,wired_sleep_12,child,Middle,expert,9,3,1.0237221261915288,0.9985329735658711,0.03496722096392701,0.7203647282019751
sleep,sleep::wired_sleep_12,wired_sleep_12,child,Middle,partner,8,1,0.9961882197615649,0.9985546976854038,0.04017393513118684,-0.05890580338000899
sleep,sleep::wired_sleep_12,wired_sleep_12,child,Middle,partner,8,2,1.0433212925575817,1.0014674867054814,0.0427812110257536,0.9783221383542645
sleep,sleep::wired_sleep_12,wired_sleep_12,child,Middle,partner,8,3,1.0313608721373653,1.000713774338475,0.04779108811035518,0.6412722331854525
sleep,sleep::wired_sleep_13,wired_sleep_13,teenager,Beginning,joint,13,1,0.9102045286627937,1.0036129198571593,0.024803173861091012,-3.765985422571113
sleep,sleep::wired_sleep_13,wired_sleep_13,teenager,Beginning,joint,13,2,0.9407082818865424,0.9998981456841638,0.018968679051827652,-3.1203998779197204
sleep,sleep::wired_sleep_13,wired_sleep_13,teenager,Beginning,joint,13,3,1.0268268246805772,1.002752523318161,0.028147927737399416,0.8552779297649464
sleep,sleep::wired_sleep_13,wired_sleep_13,teenager,End,joint,13,1,0.9071208157326859,1.0022238183576213,0.027301155770222272,-3.483478993540102
sleep,sleep::wired_sleep_13,wired_sleep_13,teenager,End,joint,13,2,0.9447860730753777,0.9880474206801164,0.025296118556976385,-1.7101970607584684
sleep,sleep::wired_sleep_13,wired_sleep_13,teenager,End,joint,13,3,1.02469016791707,1.0039879759824935,0.03127872493413225,0.6618617599717315
sleep,sleep::wired_sleep_13,wired_sleep_13,teenager,Middle,joint,12,1,1.0108154962620295,1.0212707503116076,0.02738390427234616,-0.38180289945493495
sleep,sleep::wired_sleep_13,wired_sleep_13,teenager,Middle,joint,12,2,0.9856192665570905,0.9730993085563278,0.032255436515972694,0.38815031985578524
sleep,sleep::wired_sleep_13,wired_sleep_13,teenager,Middle,joint,12,3,1.0260051851701724,1.0212748936997653,0.03534979193886019,0.13381384191987317
sleep,sleep::wired_sleep_14,wired_sleep_14,undergraduate,End,joint,8,1,1.0050510159450758,0.9960102201075851,0.027240081198748028,0.33189313099060275
sleep,sleep::wired_sleep_14,wired_sleep_14,undergraduate,End,joint,8,2,1.014350046956144,1.0062210564249958,0.036096848679246854,0.2251994517134047
sleep,sleep::wired_sleep_14,wired_sleep_14,undergraduate,End,joint,8,3,0.9612508730385871,0.9954139538336025,0.037278996268763694,-0.9164163259309871
sleep,sleep::wired_sleep_15,wired_sleep_15,graduate,Beginning,joint,8,1,0.8644173751833704,0.957004891065945,0.06154606579102539,-1.5043612405210098
sleep,sleep::wired_sleep_15,wired_sleep_15,graduate,Beginning,joint,8,2,1.0443986832744958,1.0512838631352819,0.01820299472925293,-0.3782443473282623
sleep,sleep::wired_sleep_15,wired_sleep_15,graduate,Beginning,joint,8,3,1.0072648697633477,0.9632292994555433,0.07776873004252342,0.5662374875316354
sleep,sleep::wired_sleep_15,wired_sleep_15,graduate,End,joint,8,1,0.9908479737459462,1.0124048560657217,0.023978721879223876,-0.8990004733510517
sleep,sleep::wired_sleep_15,wired_sleep_15,graduate,End,joint,8,2,0.9890576833027025,0.9822523562613849,0.02835008607918453,0.24004608036496636
sleep,sleep::wired_sleep_15,wired_sleep_15,graduate,End,joint,8,3,1.0161205909505004,1.0103231203282415,0.03225516471902721,0.1797377465829243
time,time::wired_time_12,wired_time_12,child,Beginning,joint,10,1,0.8081384512674241,0.9687888710987579,0.06426255693190264,-2.4999070609899765
time,time::wired_time_12,wired_time_12,child,Beginning,joint,10,2,0.9978243983324703,1.0405830270659535,0.024488228587185735,-1.7460890885287672
time,time::wired_time_12,wired_time_12,child,Beginning,joint,10,3,1.051897902318219,0.967567603533352,0.07671309663149627,1.0992946770218528
time,time::wired_time_12,wired_time_12,child,End,joint,10,1,0.9272280879384331,0.9899487504134888,0.03384272170508313,-1.85329841440132
time,time::wired_time_12,wired_time_12,child,End,joint,10,2,1.0219215510761608,1.0110875355481848,0.02559716845983315,0.4232505460506957
time,time::wired_time_12,wired_time_12,child,End,joint,10,3,1.0108668443904423,0.9949165729872617,0.04040520494331881,0.3947578393812371
time,time::wired_time_12,wired_time_12,child,Middle,joint,9,1,1.0428815016819348,1.0548959963509474,0.021709289830826237,-0.5534264253984281
time,time::wired_time_12,wired_time_12,child,Middle,joint,9,2,0.9162254223346161,0.9239936985746349,0.045864210375520964,-0.16937555833654766
time,time::wired_time_12,wired_time_12,child,Middle,joint,9,3,1.0560030528437587,1.0544032382676658,0.025679243002896743,0.06229991187483453
time,time::wired_time_15,wired_time_15,graduate,Beginning,joint,17,1,0.9363912364708328,0.997466922993543,0.019916269974884222,-3.066622746113145
time,time::wired_time_15,wired_time_15,graduate,Beginning,joint,17,2,0.9864707592061801,1.0047837427706177,0.01493066650298799,-1.226534901223109
time,time::wired_time_15,wired_time_15,graduate,Beginning,joint,17,3,0.9880946758810962,0.9961572542150886,0.023423014255073156,-0.34421608791217445
time,time::wired_time_15,wired_time_15,graduate,Beginning,expert,9,1,0.9663887723852495,1.0015257635731691,0.02059968576382608,-1.7057052030192486
time,time::wired_time_15,wired_time_15,graduate,Beginning,expert,9,2,0.989761470306047,0.9991061944414558,0.024210214814797924,-0.3859827022144811
time,time::wired_time_15,wired_time_15,graduate,Beginning,expert,9,3,1.022147064640307,0.9998693256764657,0.025679893909504533,0.8675167834550901
time,time::wired_time_15,wired_time_15,graduate,Beginning,partner,8,1,0.9980798328964477,0.9986266198466244,0.02230626797599521,-0.024512704266130385
time,time::wired_time_15,wired_time_15,graduate,Beginning,partner,8,2,0.9671147734603341,0.9997787815282252,0.02403003444810749,-1.3592992610322094
time,time::wired_time_15,wired_time_15,graduate,Beginning,partner,8,3,0.993540286491995,1.0013557403630895,0.029444316919526366,-0.26543165842341504
time,time::wired_time_15,wired_time_15,graduate,End,joint,17,1,0.9560027850563999,0.999367193577177,0.019265571649583854,-2.2508757751662016
time,time::wired_time_15,wired_time_15,graduate,End,joint,17,2,0.925486180647194,1.0030485555831778,0.03297937241519557,-2.351845085452451
time,time::wired_time_15,wired_time_15,graduate,End,joint,17,3,1.0107183824658361,0.9991785308914337,0.021300165447611437,0.5417728610035967
time,time::wired_time_15,wired_time_15,graduate,End,expert,9,1,0.8987443714232229,1.001398042772983,0.06228348156905665,-1.6481684832589683
time,time::wired_time_15,wired_time_15,graduate,End,expert,9,2,1.0272889263256189,0.9965743744196843,0.0673621899430101,0.45596130309777216
time,time::wired_time_15,wired_time_15,graduate,End,expert,9,3,1.0510604730223247,0.9997051464645323,0.07238996166964651,0.709426077501654
time,time::wired_time_15,wired_time_15,graduate,End,partner,8,1,0.9480796848615863,0.9996193385733818,0.022868151189615916,-2.2537743993576034
time,time::wired_time_15,wired_time_15,graduate,End,partner,8,2,1.0181181537928943,1.0003351740225543,0.024430937393791777,0.7278877385547566
time,time::wired_time_15,wired_time_15,graduate,End,partner,8,3,1.0112183818402802,1.000314047735833,0.02864382602299558,0.38068706658437057
time,time::wired_time_15,wired_time_15,graduate,Middle,joint,17,1,1.0214058429130255,1.00372974254805,0.025451359346965213,0.6945051588013958
time,time::wired_time_15,wired_time_15,graduate,Middle,joint,17,2,0.9576512895824176,0.9942805600010508,0.0372025021290063,-0.9845915818138968
time,time::wired_time_15,wired_time_15,graduate,Middle,joint,17,3,0.9572991276886984,1.005767017370243,0.02805397857672557,-1.7276654556853168
time,time::wired_time_15,wired_time_15,graduate,Middle,expert,8,1,0.8994675876309357,0.9985111407191168,0.07588854721474309,-1.305118581436484
time,time::wired_time_15,wired_time_15,graduate,Middle,expert,8,2,1.0465443321218022,1.0023324912750144,0.08402554820394381,0.5261714060999442
time,time::wired_time_15,wired_time_15,graduate,Middle,expert,8,3,1.079584387758355,0.9967286872779255,0.09716069317712608,0.852769754630937
time,time::wired_time_15,wired_time_15,graduate,Middle,partner,9,1,1.0164890123477421,1.0006184357005745,0.0328128849135045,0.4836690430909326
time,time::wired_time_15,wired_time_15,graduate,Middle,partner,9,2,1.002440854168387,0.9986843023003866,0.03567787196064563,0.10529080524040034
time,time::wired_time_15,wired_time_15,graduate,Middle,partner,9,3,1.022708704356184,1.0000496884385182,0.03913588065246586,0.5789831617405586
time,time::wired_time_16,wired_time_16,expert,Beginning,joint,8,1,0.9540355655754768,0.9811988299095648,0.03818970643572553,-0.7112718810710059
time,time::wired_time_16,wired_time_16,expert,Beginning,joint,8,2,0.9779465003243796,1.0207137436631308,0.03345509519874405,-1.2783476802169373
time,time::wired_time_16,wired_time_16,expert,Beginning,joint,8,3,0.9556304452793832,0.9838658440874026,0.050836729452402044,-0.5554133617988927
time,time::wired_time_16,wired_time_16,expert,End,joint,8,1,0.9813223295283351,1.0094142587616484,0.018951978699825716,-1.4822689323501408
time,time::wired_time_16,wired_time_16,expert,End,joint,8,2,0.9663748243096492,0.9869276935638961,0.016389937398855112,-1.2539931516567362
time,time::wired_time_16,wired_time_16,expert,End,joint,8,3,0.9917756462076158,1.0096658628764061,0.025074377698491634,-0.713485968980459
zero,zero::wired_zero_14,wired_zero_14,undergraduate,Beginning,joint,12,1,0.9856804181799326,1.0205208902663692,0.025662638059882215,-1.3576340828693627
zero,zero::wired_zero_14,wired_zero_14,undergraduate,Beginning,joint,12,2,0.9711071120317333,0.9762356669385308,0.03451161560001523,-0.14860373290653106
zero,zero::wired_zero_14,wired_zero_14,undergraduate,Beginning,joint,12,3,0.9853005407595338,1.019672901121538,0.028887464578257912,-1.1898711383578633
zero,zero::wired_zero_14,wired_zero_14,undergraduate,End,joint,12,1,0.9740912511429848,1.0079608054338782,0.021847787024212157,-1.5502510278665076
zero,zero::wired_zero_14,wired_zero_14,undergraduate,End,joint,12,2,0.9386619311171468,0.9885982023631982,0.02519906335183769,-1.9816717212391814
zero,zero::wired_zero_14,wired_zero_14,undergraduate,End,joint,12,3,0.953818644258936,1.0079696720986435,0.026910142968656806,-2.0122906036872084
zero,zero::wired_zero_14,wired_zero_14,undergraduate,Middle,joint,11,1,0.9678545878957249,1.034652634564833,0.028706260272038413,-2.3269504991624905
zero,zero::wired_zero_14,wired_zero_14,undergraduate,Middle,joint,11,2,0.9766862848486969,0.9587168467239936,0.06273098231464677,0.2864523631173508
zero,zero::wired_zero_14,wired_zero_14,undergraduate,Middle,joint,11,3,1.0353068107885133,1.033177792559523,0.03552735707358613,0.05992616407070839
zero,zero::wired_zero_15,wired_zero_15,graduate,Beginning,joint,11,1,0.9294907254562604,0.9796632417132393,0.03265023837839455,-1.53666615463914
zero,zero::wired_zero_15,wired_zero_15,graduate,Beginning,joint,11,2,0.9805538532291282,1.028778271409188,0.029968970810605185,-1.6091449547875183
zero,zero::wired_zero_15,wired_zero_15,graduate,Beginning,joint,11,3,0.9731436417833245,0.9790453314386887,0.037818093550788925,-0.1560546580022165
zero,zero::wired_zero_15,wired_zero_15,graduate,End,joint,12,1,1.0306532169376226,1.0051314120592825,0.028477512324575474,0.8962090714755074
zero,zero::wired_zero_15,wired_zero_15,graduate,End,joint,12,2,0.9665657608200057,0.9975784485692688,0.0450269771688446,-0.6887579335599207
zero,zero::wired_zero_15,wired_zero_15,graduate,End,joint,12,3,0.9367211157354253,1.0028839934494853,0.033471050164830124,-1.976719505012156
zero,zero::wired_zero_15,wired_zero_15,graduate,Middle,joint,11,1,1.051825163203532,1.0650942301384863,0.02055808423382253,-0.6454427749217854
zero,zero::wired_zero_15,wired_zero_15,graduate,Middle,joint,11,2,0.9649992239736565,0.9148237608274414,0.05376368533825302,0.9332593707171898
zero,zero::wired_zero_15,wired_zero_15,graduate,Middle,joint,11,3,1.056118537925631,1.0643601436840668,0.025651629584661877,-0.32128975397975423
zero,zero::wired_zero_16,wired_zero_16,expert,Beginning,joint,16,1,0.9824019339108846,1.0303338150477392,0.02189084284076059,-2.18958591432605
zero,zero::wired_zero_16,wired_zero_16,expert,Beginning,joint,16,2,0.9066185058984376,0.966369184496524,0.051262283427042386,-1.1655875353879788
zero,zero::wired_zero_16,wired_zero_16,expert,Beginning,joint,16,3,1.0330385853857662,1.0308048761880535,0.025775602816227792,0.08665982377360386
zero,zero::wired_zero_16,wired_zero_16,expert,Beginning,expert,8,1,1.068474924102002,0.9969003050065516,0.07431153515340941,0.9631697010119772
zero,zero::wired_zero_16,wired_zero_16,expert,Beginning,expert,8,2,1.067848093804168,0.9989983533183785,0.0844489413729969,0.8152824578545227
zero,zero::wired_zero_16,wired_zero_16,expert,Beginning,expert,8,3,0.7935273220817386,0.998800057668715,0.08936265422363562,-2.2970751861652254
zero,zero::wired_zero_16,wired_zero_16,expert,Beginning,partner,8,1,0.8192026194145325,1.0028879518583582,0.08244677383303302,-2.2279262596231577
zero,zero::wired_zero_16,wired_zero_16,expert,Beginning,partner,8,2,0.9900780478183815,1.0046204014179172,0.09030125453379792,-0.1610426530020444
zero,zero::wired_zero_16,wired_zero_16,expert,Beginning,partner,8,3,1.0297868576841367,0.9985218376736666,0.09947940747266507,0.3142863513643368
zero,zero::wired_zero_16,wired_zero_16,expert,End,joint,17,1,0.9905272393432714,1.00952473205458,0.02004702788184081,-0.9476463455471652
zero,zero::wired_zero_16,wired_zero_16,expert,End,joint,17,2,1.0313180993660302,0.9952011121645151,0.033042499649315056,1.093046457889992
zero,zero::wired_zero_16,wired_zero_16,expert,End,joint,17,3,0.9696444249819177,1.0072107323671144,0.02312607342317716,-1.6244135654930263
zero,zero::wired_zero_16,wired_zero_16,expert,End,expert,9,1,0.991559403745939,0.9991163257673211,0.018163563398435025,-0.41604842924341845
zero,zero::wired_zero_16,wired_zero_16,expert,End,expert,9,2,1.0006248307806325,1.000936116446844,0.021640686151012084,-0.014384278947503094
zero,zero::wired_zero_16,wired_zero_16,expert,End,expert,9,3,0.9729590576298391,1.000402001920744,0.023533709733302644,-1.1661121260482898
zero,zero::wired_zero_16,wired_zero_16,expert,End,partner,8,1,1.0909244728628953,0.9995886043252268,0.06799510796565865,1.343271174505646
zero,zero::wired_zero_16,wired_zero_16,expert,End,partner,8,2,0.7833657782224327,1.0032204022936653,0.07494133046232404,-2.9336898973492627
zero,zero::wired_zero_16,wired_zero_16,expert,End,partner,8,3,1.1110543048924177,0.9951533314042481,0.09125491356543092,1.270079264335363
zero,zero::wired_zero_16,wired_zero_16,expert,Middle,joint,16,1,1.0090777172553678,1.0233516232026996,0.018194093152263124,-0.784535169072513
zero,zero::wired_zero_16,wired_zero_16,expert,Middle,joint,16,2,0.967775757248405,0.9767060844939545,0.055280391064979985,-0.16154602153686234
zero,zero::wired_zero_16,wired_zero_16,expert,Middle,joint,16,3,1.060075701276733,1.0216912023426308,0.02217580539095544,1.7309179196602085
zero,zero::wired_zero_16,wired_zero_16,expert,Middle,expert,8,1,1.0241491836787047,0.9996688492891406,0.028981067015487364,0.8447009344577239
zero,zero::wired_zero_16,wired_zero_16,expert,Middle,expert,8,2,0.9694973346845545,0.9990133740616687,0.03355289859207143,-0.8796867220314873
zero,zero::wired_zero_16,wired_zero_16,expert,Middle,expert,8,3,1.0421700823382918,1.0012830831796058,0.0371384931637247,1.100933174063795
zero,zero::wired_zero_16,wired_zero_16,expert,Middle,partner,8,1,0.9585826981866175,1.0092752757800176,0.11856422548448864,-0.4275537362661903
zero,zero::wired_zero_16,wired_zero_16,expert,Middle,partner,8,2,0.9536957918802764,0.9880703896189881,0.13391721971973491,-0.25668541962453834
zero,zero::wired_zero_16,wired_zero_16,expert,Middle,partner,8,3,0.9197750759084276,1.0103345462348055,0.14115835083904205,-0.641545256005716
