video_uid,conversation_uid,conversation_id,level_label,stage,trajectory_type,n_turns,maximum_lag,recurrence_threshold,mean_pairwise_distance,mean_adjacent_distance,temporal_locality_observed,temporal_locality_null_mean,temporal_locality_null_sd,temporal_locality_z,temporal_locality_p_perm,lag_growth_slope_observed,lag_growth_slope_null_mean,lag_growth_slope_null_sd,lag_growth_slope_z,lag_growth_slope_p_perm,lag_contrast_observed,lag_contrast_null_mean,lag_contrast_null_sd,lag_contrast_z,lag_contrast_p_perm,recurrence_determinism_observed,recurrence_determinism_null_mean,recurrence_determinism_null_sd,recurrence_determinism_z,recurrence_determinism_p_perm
astro,astro::wired_astro_12,wired_astro_12,child,Beginning,joint,8,3,1.0136925769973077,1.2380042415038963,1.1090161514633534,0.10419034581323516,0.0025572367199373273,0.044972651896876846,2.259886949214036,0.015968063872255488,0.22728940524003172,-0.006546335825932475,0.13326181675581006,1.754709238989639,0.031936127744510975,0.16174816488804344,-0.006195079363867068,0.09387290256821573,1.7890492320706628,0.023952095808383235,0.0,0.0,0.0,,1.0
astro,astro::wired_astro_12,wired_astro_12,child,End,joint,8,3,0.943587837904746,1.1479372777111656,1.112405731779598,0.030952515108153777,-0.007002858034947717,0.02147458284823351,1.7674556666055885,0.03792415169660679,0.005519951678284588,-0.0007026786234189266,0.05707629496090483,0.10902302446165765,0.43912175648702595,0.007068410599626707,0.0012726898972615264,0.03968714014996134,0.14603523157540557,0.4251497005988024,0.6666666666666666,0.18666666666666665,0.3334001269084619,1.4397115095633677,0.249500998003992
astro,astro::wired_astro_15,wired_astro_15,graduate,Beginning,joint,10,3,0.9468161318022332,1.1856441363725958,1.0775173578109736,0.09119665441304281,0.011399751964395967,0.031042339604731156,2.5705827416592344,0.003992015968063872,0.08873056277209702,0.010118734374029313,0.08557408278956793,0.9186406191624531,0.16167664670658682,0.06041911089469332,0.004477370528342325,0.059961046125703646,0.93296805144249,0.16167664670658682,0.5,0.08499999999999999,0.206624588989024,2.0084734446685095,0.1497005988023952
astro,astro::wired_astro_15,wired_astro_15,graduate,End,joint,10,3,0.9711143738788641,1.1272008278322532,1.0999477362843793,0.024177671693415115,0.014296529905609165,0.021491933183923454,0.45976049261112123,0.32934131736526945,0.06717840987067021,0.006898305382869994,0.056205232375360896,1.0724998712793448,0.14770459081836326,0.04524773222454026,0.001077448179172897,0.03930699434098547,1.1237258097679308,0.1437125748502994,0.6666666666666666,0.08393333333333332,0.1962850140091195,2.968812144294721,0.04590818363273453
astro,astro::wired_astro_15,wired_astro_15,graduate,Middle,joint,9,3,0.9902898681445718,1.1302309483662436,1.0488783988096442,0.07197869574726745,0.025775126988854445,0.034847102109463755,1.3258941479057758,0.08982035928143713,0.15744865791934973,0.012603869704279479,0.10012145909994424,1.4466907445933426,0.08982035928143713,0.10332646480925822,0.0021311131949977033,0.0704739959266423,1.435924702206423,0.08982035928143713,0.0,0.22085889570552147,0.349611140141548,-0.6317272831068877,1.0
dimension,dimension::wired_dimension_12,wired_dimension_12,child,Beginning,joint,17,3,0.9472152397397209,1.2095900120322047,1.1038484099875285,0.08741937432752289,-0.010602857320159292,0.02406455902626274,4.073302633167144,0.001996007984031936,0.11311084966964702,-0.003934536602177887,0.0573836072759394,2.0397007408229166,0.03592814371257485,0.08500461216758093,-0.0007067502739354032,0.040037856993689815,2.140757994490687,0.023952095808383235,0.0,0.10168628038628039,0.12086244502806386,-0.8413389317307719,1.0
dimension,dimension::wired_dimension_12,wired_dimension_12,child,Beginning,expert,9,3,0.9234283611081079,1.1469173067241205,1.020310600089139,0.11038869663289108,0.0009821798146439126,0.039730344789022605,2.7537268402582784,0.005988023952095809,0.21260994874360079,0.0014418101868567037,0.10010927183097157,2.109376431318856,0.00998003992015968,0.15328626317455352,0.0011404697547211155,0.07051088889973059,2.1577630887080437,0.007984031936127744,0.0,0.089,0.20836466030334094,-0.4271357718263367,1.0
dimension,dimension::wired_dimension_12,wired_dimension_12,child,Beginning,partner,8,3,1.047514543387046,1.2585562388491291,1.1756907783922763,0.06584168263519796,0.0001861917042124357,0.03227912081322855,2.0339925399727354,0.017964071856287425,0.0969056452835641,0.0003092613909489643,0.08263050631826806,1.1690159990131817,0.13373253493013973,0.06822845484461904,0.00018215833276054538,0.058130684543808174,1.1705744916968552,0.12574850299401197,0.0,0.04551539491298527,0.19763573467677245,-0.23029941921902125,1.0
dimension,dimension::wired_dimension_12,wired_dimension_12,child,End,joint,17,3,0.9982911993693162,1.1882617800924364,1.1819646056772983,0.005299484104124175,-0.022007751086289128,0.019000252623817687,1.4372037957107175,0.06986027944111776,0.053343020625409375,-0.0075305447533037875,0.04569430400113802,1.3321915435498723,0.08982035928143713,0.03642238212370652,-0.00027879251799836126,0.03148317899455904,1.1657391602051248,0.12375249500998003,0.3333333333333333,0.18399500499500498,0.13502675865639457,1.105990618632509,0.14770459081836326
dimension,dimension::wired_dimension_12,wired_dimension_12,child,End,expert,8,3,0.9306509286763429,1.1363343151346499,1.1160788117641929,0.01782530290661588,-0.0014007276651685405,0.03201516251526343,0.6005289075955272,0.2714570858283433,-0.08601061942480741,-0.004024441663670387,0.07623567487027673,-1.0754306025446143,0.8502994011976048,-0.06955761941414085,-0.0029092355603840356,0.05336343156656617,-1.2489523611430204,0.8942115768463074,0.0,0.0,0.0,,1.0
dimension,dimension::wired_dimension_12,wired_dimension_12,child,End,partner,9,3,0.9872514912948681,1.1763292154999787,1.2980481665957377,-0.10347354251847296,0.003588896516756469,0.1055693547098507,-1.0141431604795006,0.7644710578842315,-0.5514455983667857,0.010439716528513785,0.2526939162514433,-2.2235806988570124,0.9720558882235529,-0.4062735089736438,0.00779445748130915,0.1775120380724774,-2.3326190772813433,0.9700598802395209,0.0,0.0915,0.20977948310005465,-0.4361723017324765,1.0
dimension,dimension::wired_dimension_12,wired_dimension_12,child,Middle,joint,16,3,0.9570461052273954,1.1789691893833067,1.1368997842593638,0.03568320996238128,0.0046110884853486555,0.029694216796235025,1.0464031326454215,0.16367265469061876,0.08921364271105754,0.0037840022075496605,0.0683519215696829,1.2498498731511845,0.1157684630738523,0.06053028792185622,0.0019713116879579227,0.047829978098544786,1.2243153470245878,0.1157684630738523,0.2222222222222222,0.14615223665223664,0.14753260547456282,0.5156147369952153,0.26746506986027946
dimension,dimension::wired_dimension_12,wired_dimension_12,child,Middle,expert,8,3,0.9781479174173845,1.159229642839889,1.1448124806067177,0.012436847454876943,0.0018178061086547292,0.02914326947211219,0.36437371436254945,0.34331337325349304,0.016317676842250863,-0.0008942867773521512,0.07197484433682491,0.23913860152382097,0.405189620758483,0.0072910095762942495,-0.0011257884050577544,0.050531780168062104,0.1665644462427176,0.4431137724550898,0.0,0.11133603238866396,0.26850644257907647,-0.4146493891142852,1.0
dimension,dimension::wired_dimension_12,wired_dimension_12,child,Middle,partner,8,3,0.9921465034034742,1.2067182841870527,1.2399621179296687,-0.02754896000023055,-0.004334738167344857,0.07532671664574733,-0.30818045530989274,0.5149700598802395,0.0815186997629313,-0.014471668899892286,0.19444623671089864,0.4936602028741828,0.3073852295409182,0.054242662684328646,-0.01022122265562172,0.1375593609596164,0.46862594366715016,0.313373253493014,0.0,0.11043771043771042,0.2664576806194542,-0.41446623036336416,1.0
dimension,dimension::wired_dimension_13,wired_dimension_13,teenager,Beginning,joint,14,3,0.9564499940920745,1.1766361327529276,1.1566819815480396,0.016958642225444853,-0.03600750122916008,0.020754170913869517,2.552072240053151,0.007984031936127744,0.02500931522031368,-0.014747866142088114,0.052579747310579815,0.7561310846087324,0.23952095808383234,0.034103714463678436,-0.0012432104191955273,0.03659191554964338,0.9659763461937277,0.17564870259481039,0.3333333333333333,0.11535555555555556,0.11716531790481247,1.860429192492504,0.041916167664670656
dimension,dimension::wired_dimension_13,wired_dimension_13,teenager,End,joint,14,3,0.8077278056506797,1.1590732446302638,1.1692460225450791,-0.008776648034922285,-0.03779457627947855,0.023098911832611507,1.2562465476658589,0.09181636726546906,0.0005883315131176173,-0.012822834431514005,0.049681806889398196,0.269941187414693,0.3852295409181637,0.005290448911272172,0.0003396523588241802,0.03442234317890713,0.14382508845248151,0.4550898203592814,0.0,0.0,0.0,,1.0
dimension,dimension::wired_dimension_13,wired_dimension_13,teenager,Middle,joint,14,3,0.9748118868980895,1.2094610147859715,1.2754566690950015,-0.054566169146600174,-0.04446525107152932,0.016606905265527903,-0.608236026735097,0.716566866267465,-0.030582811057759247,-0.017986817353819396,0.04198107854457909,-0.3000397831743258,0.5988023952095808,0.0016487582112063581,-0.0016107984018421694,0.029056408972657745,0.112180297851527,0.45109780439121755,0.2,0.3724,0.20366934576614523,-0.8464700436458958,0.9041916167664671
dimension,dimension::wired_dimension_14,wired_dimension_14,undergraduate,Beginning,joint,15,3,0.9699289499044516,1.1996795090196095,1.178313371487253,0.01780987119619737,-0.029725353775165664,0.019556165078539613,2.4307027876097678,0.011976047904191617,0.02167875853468694,-0.00929658984635458,0.04774791207748763,0.6487267617225486,0.23952095808383234,0.02016319481061668,0.001255427879591188,0.033422018346861995,0.5657278604420595,0.27345309381237526,0.4444444444444444,0.22346161616161617,0.16507162605645645,1.3387087385160277,0.12574850299401197
dimension,dimension::wired_dimension_14,wired_dimension_14,undergraduate,Beginning,expert,8,3,0.9021961766863491,1.1700407859624729,1.0830178073509777,0.07437602146485023,0.0017757021718997107,0.03644909334687128,1.9918278515748704,0.027944111776447105,0.12568595762211207,0.006268399112710152,0.08775662696184185,1.3607810901999096,0.09381237524950099,0.09433976052111814,0.004369368165642498,0.06120647938937587,1.4699488232791995,0.0658682634730539,1.0,0.15095628415300544,0.31932079970607546,2.6589051406250768,0.0736196319018405
dimension,dimension::wired_dimension_14,wired_dimension_14,undergraduate,End,joint,15,3,1.0357193720837827,1.20351867680266,1.1958005936082738,0.006412931800020338,-0.0372487793538449,0.017306845744857458,2.5228000409513585,0.005988023952095809,0.07534769183879134,-0.015401813774382564,0.04135719775474644,2.1942856513473243,0.00998003992015968,0.06387388507927283,-0.001895424970701985,0.02873580295490275,2.288758388035703,0.007984031936127744,0.2222222222222222,0.26218989898989903,0.19820091005090257,-0.20165233730466825,0.46506986027944114
dimension,dimension::wired_dimension_14,wired_dimension_14,undergraduate,End,expert,8,3,0.940335255125521,1.1738447827103808,1.159212290063681,0.012465440799518501,-0.00111458845233966,0.034560507516399074,0.39293489094204975,0.3213572854291417,0.029080632928171205,0.0010069120309635124,0.08495197596693632,0.33046577878464073,0.3812375249500998,0.026469690669805312,0.0007603998643525207,0.05977551553715034,0.4300973496326356,0.3473053892215569,0.0,0.060851926977687626,0.22769512995068106,-0.26725177209924605,1.0
dimension,dimension::wired_dimension_14,wired_dimension_14,undergraduate,Middle,joint,15,3,0.904247882934329,1.1633911376022503,1.2194137056507188,-0.048154542559032176,-0.07244175873458826,0.012259026845231403,1.9811699967851433,0.013972055888223553,-0.007223924365231628,-0.0261402888442567,0.027409212146160024,0.6901462317907309,0.25948103792415167,0.019924757293199757,0.00028154241451560535,0.01830368430088169,1.0731836583161531,0.15768463073852296,0.6363636363636364,0.2949090909090909,0.185168262168306,1.8440230601947611,0.06786427145708583
dimension,dimension::wired_dimension_14,wired_dimension_14,undergraduate,Middle,partner,8,3,0.9131097433404537,1.157443571993149,1.0317690849420995,0.10857936411935376,-0.0016636255980276677,0.06424393410764921,1.716006207413368,0.08982035928143713,0.22030507365179247,-0.009244689275879082,0.16801160444780047,1.3662732623864107,0.09580838323353294,0.15533017346231426,-0.00624063204353246,0.11857723003413537,1.3625786793917736,0.07984031936127745,0.0,0.0,0.0,,1.0
dimension,dimension::wired_dimension_15,wired_dimension_15,graduate,Beginning,joint,12,3,1.0054984546792909,1.222607056023836,1.2281104051575094,-0.0045013228956580775,0.007142848335991236,0.022045556705227582,-0.5281867628631113,0.7085828343313373,0.010444387028553439,0.0038288916204396724,0.055314368499237675,0.11959813675184484,0.43912175648702595,0.009109333171964273,0.001184120258759153,0.03866105550057708,0.20499215064334764,0.4031936127744511,0.0,0.05904761904761904,0.12962899127111502,-0.4555124472435551,1.0
dimension,dimension::wired_dimension_15,wired_dimension_15,graduate,End,joint,12,3,0.9013878430612696,1.1228400110376329,1.0833362054729976,0.0351820430126365,-0.00033720196242540703,0.029446035510275522,1.206248799186127,0.11377245508982035,0.0600574746516114,-0.001465115423450218,0.07524812618888801,0.8175963069250054,0.21956087824351297,0.04480871980800194,-0.0012924976661184044,0.052928644562153314,0.8710069538996862,0.19560878243512975,0.0,0.0698095238095238,0.13567400704470947,-0.5145386749469192,1.0
dimension,dimension::wired_dimension_15,wired_dimension_15,graduate,Middle,joint,12,3,1.016161024583158,1.20675273747978,1.1878579588455722,0.015657539483745597,-0.016365948993760496,0.020867855551255962,1.5345845383513168,0.0658682634730539,0.05156527455012039,-0.0056532177238804,0.05355110446449327,1.0684838874226983,0.16167664670658682,0.0396962907708972,0.00030566651159573866,0.037812577466521086,1.0417333834007365,0.1596806387225549,0.4,0.21115238095238095,0.21062706937770664,0.8965970974460475,0.15768463073852296
dimension,dimension::wired_dimension_16,wired_dimension_16,expert,Beginning,joint,17,3,1.0017468965999157,1.222403215379464,1.2013121625580843,0.017253760916223104,-0.008154406928082189,0.016580080971310505,1.5324513727207094,0.059880239520958084,0.06617291343622485,-0.003418224170685342,0.04080754034787205,1.7053499675223402,0.03792415169660679,0.051872706584134676,-0.0005443534647684612,0.028449817584771078,1.8424392315598361,0.031936127744510975,0.0,0.1268121545121545,0.13129423581763844,-0.9658623146890519,1.0
dimension,dimension::wired_dimension_16,wired_dimension_16,expert,Beginning,expert,9,3,0.9657604585160531,1.1793035300985786,1.118005192072952,0.0519784232482563,0.00039008442134957265,0.025934251866060198,1.9891971086476445,0.027944111776447105,0.028826325087805416,-0.0020632922208910407,0.05943182644354635,0.519748746709613,0.29740518962075846,0.021063236989030898,-0.001366383375125467,0.041770333792152094,0.5369748893021893,0.3013972055888224,0.0,0.027999999999999997,0.1387606176767604,-0.20178636034343217,1.0
dimension,dimension::wired_dimension_16,wired_dimension_16,expert,Beginning,partner,8,3,1.0575635025250094,1.2513048771141033,1.235810721942908,0.012382398130605599,0.0013252383400288632,0.04317634254669884,0.2560930161839783,0.3852295409181637,-0.10421508751599753,0.005355261283245059,0.10224734344948282,-1.071620494994844,0.8483033932135728,-0.08399286755192359,0.0042683009758140355,0.07147257695508735,-1.2348955681729519,0.8782435129740519,0.0,0.07775524002704529,0.2250034839591099,-0.34557349361388473,1.0
dimension,dimension::wired_dimension_16,wired_dimension_16,expert,End,joint,17,3,1.0175160364835323,1.2418857547288034,1.1586517564976169,0.06702226667328404,0.011974293671460882,0.023376653068890346,2.3548269651604237,0.011976047904191617,0.10645038622975832,0.0050096784655727115,0.05777579714479112,1.755764745399643,0.03792415169660679,0.06829489246936693,0.0007543652333994362,0.04063084769969005,1.6622967784273606,0.043912175648702596,0.0,0.13328296703296702,0.13700749937050327,-0.9728151206711381,1.0
dimension,dimension::wired_dimension_16,wired_dimension_16,expert,End,expert,8,3,1.011126582499533,1.2464493145164979,1.2472729012918442,-0.0006607463021195414,-0.00019808673241156492,0.026212269237156242,-0.017650496625151033,0.5169660678642715,-0.005066575315306002,-0.001564275967013875,0.06469473548754401,-0.0541357704285914,0.5169660678642715,-0.006212835921026394,-0.0011901941554782562,0.045208358732205495,-0.11109984760340595,0.5389221556886228,0.0,0.08617234468937876,0.23695379315471696,-0.36366729370360096,1.0
dimension,dimension::wired_dimension_16,wired_dimension_16,expert,End,partner,9,3,1.1087425478293904,1.2664444036340863,1.2880845993645345,-0.01708736338393635,0.0007248788361098124,0.024190982825383362,-0.7363174265642465,0.7504990019960079,-0.005289820373256613,0.00011053021256426065,0.05935455978445117,-0.09098459504092855,0.5109780439121756,0.0011164762244659787,-3.532185057870452e-05,0.041870434799773745,0.027508624654905833,0.4810379241516966,0.0,0.13470548862115125,0.26457473448639157,-0.5091396534240115,1.0
dimension,dimension::wired_dimension_16,wired_dimension_16,expert,Middle,joint,16,3,1.0731043405058787,1.2449835548723909,1.1815921942265486,0.05091742810397182,0.0019958517306273944,0.02133021437949271,2.293534209406662,0.011976047904191617,0.07177000076845898,0.00019170762244043337,0.05160636145704634,1.3870052281363703,0.0718562874251497,0.050353969418635125,-0.00027004425725288094,0.03601056278824407,1.4058101222570898,0.07584830339321358,0.0,0.15033737373737374,0.15048229785322625,-0.999036935786335,1.0
dimension,dimension::wired_dimension_16,wired_dimension_16,expert,Middle,expert,8,3,1.1226167477734204,1.2390818835342994,1.1591437646481968,0.0645139921326997,-0.003959036881245832,0.04041270828144483,1.694343980539022,0.10578842315369262,0.10105679557674552,-0.007235346574075543,0.10263633836336415,1.0551052763343294,0.15169660678642716,0.0644948080946498,-0.004648519949085014,0.0724257152765896,0.954679256941826,0.16367265469061876,0.0,0.11178451178451178,0.2599055648473536,-0.43009664625751465,1.0
dimension,dimension::wired_dimension_16,wired_dimension_16,expert,Middle,partner,8,3,1.1208045263868454,1.2558711103802707,1.2639173256877319,-0.006406879846949209,-0.0005160569257863714,0.02544820841818684,-0.23148281499270093,0.5708582834331337,0.011612680943281767,-0.0014501099507912157,0.06074987566582528,0.2150258045947151,0.42714570858283435,0.010733050529270205,-0.000951835034657613,0.04262112585694671,0.2741571305072254,0.4091816367265469,0.0,0.0925553319919517,0.2529760552562327,-0.365865978494308,1.0
fractal,fractal::wired_fractal_12,wired_fractal_12,child,Beginning,joint,10,3,0.8811973161509714,1.1239931348561396,1.1859310768985316,-0.055105267213504394,-0.1029325887543311,0.02435609999280483,1.963669124160093,0.02594810379241517,0.009221498466399455,-0.038481005696910334,0.06437353052652695,0.7410266886581995,0.23353293413173654,0.04916032994222652,-0.0007148219893929544,0.04427200072997226,1.1265619603645756,0.14570858283433133,0.6,0.36920000000000003,0.23160016682755022,0.9965450507289744,0.20958083832335328
fractal,fractal::wired_fractal_12,wired_fractal_12,child,End,joint,10,3,0.8908005301188271,1.1688090057287892,1.0934264403874878,0.06449519551254479,0.01772903266859442,0.05060324219187012,0.9241732509278583,0.18562874251497005,0.17705370185722816,0.0005895404357016085,0.13831834069824075,1.275782810368625,0.11377245508982035,0.12091106646742444,-0.004664966474478907,0.0970273696610752,1.2942330950591676,0.10778443113772455,0.0,0.14563333333333334,0.23959611928938843,-0.6078284313004035,1.0
fractal,fractal::wired_fractal_12,wired_fractal_12,child,Middle,joint,10,3,1.0501137760674575,1.212314588870963,1.2709569437514974,-0.048372225673823266,-0.07471333393761675,0.0153424337090803,1.7168793923615722,0.041916167664670656,0.015689255540652994,-0.026657210740353633,0.04077511938114399,1.03853690494869,0.1656686626746507,0.039389989389269076,0.000200387058850354,0.027449825151666784,1.427681309949586,0.07385229540918163,0.0,0.23599999999999996,0.21780467799271674,-1.083539629061097,1.0
fractal,fractal::wired_fractal_15,wired_fractal_15,graduate,Beginning,joint,9,3,0.9494183045491605,1.248281286049317,1.106276614824442,0.11376015391074656,0.012732080726027675,0.04651765422521534,2.1718221795018127,0.013972055888223553,0.256997538133656,0.015632137187157225,0.1279551222446331,1.8863285557653595,0.021956087824351298,0.1803159978119081,0.007752631993881777,0.09030565937821813,1.9108809681051826,0.017964071856287425,0.0,0.047,0.14606049203898136,-0.3217844835649082,1.0
fractal,fractal::wired_fractal_15,wired_fractal_15,graduate,End,joint,9,3,0.8966315340560093,1.144747640988384,1.0683555979749504,0.06673264943134216,0.00632531809788553,0.05323195111643373,1.134794612380979,0.19560878243512975,0.16454638776783115,-0.008210951597005384,0.15082102720223803,1.1454459803750294,0.16367265469061876,0.11227904290810098,-0.009161272629099987,0.1059862164878137,1.1458123476948927,0.15169660678642716,0.0,0.08933333333333333,0.20573388306026769,-0.43421789354534285,1.0
fractal,fractal::wired_fractal_15,wired_fractal_15,graduate,Middle,joint,9,3,0.9544784570156322,1.1907553042222476,1.1692528821217878,0.01805780081282471,0.0002628422561171102,0.02886141180216886,0.6165657688086609,0.28542914171656686,0.08153443590936234,0.007046771049884964,0.08161140696248718,0.912711441106704,0.1936127744510978,0.06768170406736163,0.005684167430658774,0.057182527105780125,1.0842042101779725,0.16367265469061876,0.6666666666666666,0.20983333333333332,0.2832448582833099,1.6128565796466994,0.15768463073852296
fractal,fractal::wired_fractal_16,wired_fractal_16,expert,Beginning,joint,10,3,1.0446477204366944,1.2209288852328009,1.2019501326134185,0.015544519299142912,-0.0067543651630886875,0.023140835006928723,0.9636162418320241,0.18962075848303392,0.011010484949028017,0.0011757238189419685,0.06125163227144349,0.16056324975148742,0.46107784431137727,0.01241370115918683,0.0030285908796591075,0.042975914681062335,0.21838069879786276,0.4491017964071856,0.0,0.129,0.22352238780272415,-0.5771233980993998,1.0
fractal,fractal::wired_fractal_16,wired_fractal_16,expert,End,joint,10,3,1.0594203299720035,1.2045148094754419,1.16137501790156,0.035815077767843206,0.003551041847907346,0.01952787999963927,1.6522037169693722,0.03592814371257485,0.03029231862953452,-0.00041855371519352826,0.04897497565276824,0.6270727434857267,0.2754491017964072,0.018665317767004752,-0.001460998144058697,0.03428371550644774,0.5870517711908528,0.2934131736526946,0.0,0.08966666666666666,0.20653404713327655,-0.4341495647388573,1.0
fractal,fractal::wired_fractal_16,wired_fractal_16,expert,Middle,joint,10,3,0.9500792672300354,1.1057929541138032,1.0574103500663437,0.043753764090705416,-0.006270298566735552,0.032499240312874246,1.5392379075896259,0.08183632734530938,0.1016008721057052,-0.008435421046947217,0.0865695270918409,1.2710742087792142,0.11377245508982035,0.07768826210314528,-0.004867600085729071,0.06086870268204756,1.3562940978077251,0.09381237524950099,0.0,0.08960000000000001,0.18373720014584655,-0.4876530170748085,1.0
gravity,gravity::wired_gravity_12,wired_gravity_12,child,Beginning,joint,15,3,1.0389397130200206,1.2253746127633351,1.1385112646500737,0.07088717785443299,-0.008928835446672112,0.02565206756577494,3.1114846043675577,0.001996007984031936,0.10656143580388454,-0.0075125616342407026,0.061621249006298,1.8512120295787304,0.043912175648702596,0.0807619776542049,-0.003204130390053515,0.042993593468493414,1.9529911614806168,0.029940119760479042,0.25,0.19278867243867245,0.16293113150545194,0.35113809762877124,0.2754491017964072
gravity,gravity::wired_gravity_12,wired_gravity_12,child,Beginning,expert,8,3,1.046213855472467,1.229872827908681,1.1395817435057898,0.0734149762105285,-0.000657287959279532,0.03115296044465267,2.3776958309117093,0.015968063872255488,0.13277622132827355,-0.0023595664808250955,0.07781687758118495,1.7365871262068293,0.05788423153692615,0.09114507645323089,-0.001701332015304868,0.05417471083683106,1.7138330234596006,0.05788423153692615,0.0,0.04533333333333333,0.19384425613289621,-0.2338647233491076,1.0
gravity,gravity::wired_gravity_12,wired_gravity_12,child,End,joint,15,3,1.0365291638622611,1.202705713316959,1.252094010591328,-0.04106432415470973,-0.029385417251178356,0.02087729679807004,-0.5594070447190752,0.6946107784431138,-0.01050145950296976,-0.011623691745786096,0.049277614497034584,0.02277367227027333,0.4810379241516966,0.0017421295975712514,-0.0004183469172234955,0.03431606278666476,0.06295817000411566,0.48902195608782434,0.2,0.10331991341991342,0.12399018152779952,0.7797398583403977,0.34530938123752497
gravity,gravity::wired_gravity_12,wired_gravity_12,child,End,expert,8,3,1.1106482650552243,1.223955374584126,1.1698529390456314,0.04420294780508449,0.0009642902768398917,0.028564269585510775,1.5137323010764963,0.08383233532934131,0.17362395089693333,0.0033949430049401525,0.07381854331084735,2.3060466958168586,0.015968063872255488,0.12315738551112076,0.0022753964240196495,0.05185449809883961,2.331176532780021,0.015968063872255488,0.0,0.10748299319727889,0.26154464924791243,-0.4109546630235135,1.0
gravity,gravity::wired_gravity_12,wired_gravity_12,child,Middle,joint,15,3,1.0300983282307588,1.251890434777674,1.3304890789202164,-0.06278396412262777,-0.06627452145055461,0.009776278924961983,0.35704354946485095,0.3393213572854291,0.002990951212246347,-0.022714816125891994,0.022460180750092932,1.144504028002178,0.1277445109780439,0.02139425286112373,-0.00017237346861979263,0.01556163888259906,1.3858839992656047,0.08183632734530938,0.45454545454545453,0.28072727272727277,0.15762358491442185,1.1027422191453924,0.17964071856287425
gravity,gravity::wired_gravity_12,wired_gravity_12,child,Middle,partner,8,3,0.9685110617803508,1.10931693268543,1.1047808006153725,0.004089121815779362,-0.0009044625598832605,0.0286630012585435,0.1742170797335537,0.3932135728542914,0.03363370482526737,-0.002623390627710713,0.07020481160577519,0.5164474431834456,0.31137724550898205,0.02714858305992307,-0.0018665279055703056,0.04960441936070455,0.5849299586495808,0.29740518962075846,0.6666666666666666,0.1037037037037037,0.258063347180677,2.181491362928101,0.14516129032258066
gravity,gravity::wired_gravity_13,wired_gravity_13,teenager,Beginning,joint,12,3,1.0333718732743014,1.2061839731437098,1.03958419747691,0.13812136405078101,0.010222665486268875,0.030759709790567677,4.157994319040411,0.001996007984031936,0.22249468726351834,-0.0002690826262455535,0.07894606207321302,2.8217211098278363,0.001996007984031936,0.15357862775698727,-0.002978996407342594,0.055471894821540496,2.8222872982434413,0.001996007984031936,0.0,0.12146666666666664,0.18248567714257657,-0.6656230152888349,1.0
gravity,gravity::wired_gravity_13,wired_gravity_13,teenager,End,joint,13,3,1.0489406282771623,1.2084508139900025,1.260030201152737,-0.042682239579476144,-0.03021129802563396,0.011505741375927818,-1.0838885688786422,0.8582834331337326,-0.025810959306877736,-0.009777510753701441,0.02784660171771504,-0.5757775658125054,0.7305389221556886,-0.0048825373374847825,0.00017478133184699372,0.01945995360982438,-0.2598833877372957,0.6087824351297405,0.0,0.0,0.0,,1.0
gravity,gravity::wired_gravity_13,wired_gravity_13,teenager,Middle,joint,12,3,0.9436172121452822,1.1488052054414633,1.1213618774607679,0.023888582547072823,-0.014421198651943568,0.019385265252184366,1.9762319834493662,0.03592814371257485,0.015735619945559248,-0.004946892468194996,0.05038846019102668,0.4104612908460626,0.3592814371257485,0.015273483527202036,0.0006193619705611424,0.0353488108163759,0.41455769566800077,0.36726546906187624,0.0,0.010285714285714285,0.05327904752947476,-0.19305364421209062,1.0
gravity,gravity::wired_gravity_14,wired_gravity_14,undergraduate,Beginning,joint,11,3,0.9294505523260304,1.1650920712360857,1.0714386707724246,0.08038283220338205,-0.00034296102291437404,0.031022372178340505,2.602179896566979,0.011976047904191617,0.09484503694045986,0.0027776195907293893,0.08307418855881905,1.1082553913186155,0.1497005988023952,0.07366908246185533,0.0016190077319317598,0.05851182122694884,1.2313763820555872,0.10978043912175649,0.0,0.0,0.0,,1.0
gravity,gravity::wired_gravity_14,wired_gravity_14,undergraduate,End,joint,11,3,0.8138271258594388,1.1329609222465113,1.13172073455515,0.0010946429545884984,-0.06334968590409348,0.048513070180526016,1.3283910628387945,0.21756487025948104,0.10069341293353253,-0.027921068097915426,0.1340894492416645,0.9591692840773087,0.25149700598802394,0.07636913976555781,-0.006619809747093263,0.09451204535626732,0.8780780185194446,0.2714570858283433,0.0,0.0,0.0,,1.0
gravity,gravity::wired_gravity_14,wired_gravity_14,undergraduate,Middle,joint,10,3,0.9974303468024331,1.1899960037294808,1.1259055249943728,0.05385772602113503,-0.013650108228127174,0.02943768405783291,2.293245423676576,0.007984031936127744,0.11250557364671593,-0.0070054283043694465,0.07955657391293779,1.502214035534907,0.06387225548902195,0.08558156345913015,-0.0013233731810251218,0.05622971727952886,1.545533942632753,0.05588822355289421,0.0,0.15913333333333332,0.24383268827385063,-0.6526333054844938,1.0
gravity,gravity::wired_gravity_15,wired_gravity_15,graduate,Beginning,joint,11,3,0.8997631528886253,1.1259969118962438,1.1037456411791344,0.01976139586354375,-0.01761127239049587,0.03093384994798219,1.2081479776000994,0.13572854291417166,0.09308421120874999,-0.007440882980359936,0.08350807133177893,1.2037769833016752,0.12574850299401197,0.06715203871334074,-0.0009573492586959158,0.05888812747778332,1.1565894669979486,0.13373253493013973,0.0,0.13406666666666667,0.21076969779547383,-0.6360813156204358,1.0
gravity,gravity::wired_gravity_15,wired_gravity_15,graduate,End,joint,11,3,0.9362016018629687,1.1695394103525734,1.1066099330586618,0.05380706005874614,0.0012319402730647468,0.022536093653340344,2.332929592608815,0.015968063872255488,0.07794201537610908,0.0008119240895794656,0.0594429387503821,1.2975484205183887,0.10379241516966067,0.057296966825704176,0.00082171775564767,0.04195497185333851,1.3460919308318535,0.09780439121756487,0.0,0.0256,0.09799922293258646,-0.26122656112906334,1.0
gravity,gravity::wired_gravity_15,wired_gravity_15,graduate,Middle,joint,10,3,0.8843093715100383,1.07905766522609,0.9669113408512485,0.10392987139509724,0.01727140860761214,0.029307418600606764,2.9568780508594834,0.003992015968063872,0.14323886612703113,0.003041733851537325,0.08243589479366577,1.7006806637618532,0.0499001996007984,0.09962171957097232,-0.002360096931118827,0.0578989815913223,1.76137496203173,0.04790419161676647,0.0,0.05740000000000001,0.1483551769134939,-0.38690931583378463,1.0
gravity,gravity::wired_gravity_16,wired_gravity_16,expert,Beginning,joint,13,3,0.8644015840969307,1.0862408391260872,1.0838319363921178,0.0022176506785616112,-0.0037196126180560935,0.02371072197401554,0.25040415484287326,0.36726546906187624,-0.0022508007612770556,0.0015286204821872214,0.049122991062628324,-0.07693792991240667,0.5289421157684631,-0.00489283778405436,0.0025911999401403204,0.03418241732869219,-0.21894407444123898,0.5948103792415169,0.0,0.12603571428571428,0.17620492333211218,-0.7152791868826579,1.0
gravity,gravity::wired_gravity_16,wired_gravity_16,expert,End,joint,13,3,1.0411903688044633,1.1454450618683825,1.151558943786658,-0.005337560151774445,-0.004221012462693263,0.016009488992995827,-0.06974286871802553,0.5189620758483033,-0.05363247952254123,-0.0014807867274915835,0.03903582523296305,-1.335995652296628,0.9021956087824351,-0.03435381070626098,-0.000734736798132658,0.027461857849683812,-1.2242097418225257,0.8762475049900199,0.25,0.13741666666666666,0.1566346764820392,0.7187637875719233,0.45708582834331335
gravity,gravity::wired_gravity_16,wired_gravity_16,expert,Middle,joint,12,3,0.9068557330519605,1.0828648329651203,1.0432091521073923,0.03662108109018747,0.009093632437689365,0.025308830400505675,1.087661824623397,0.15768463073852296,0.0878869876199626,0.0009641720882626042,0.06796971943076524,1.2788461723788722,0.10379241516966067,0.054882579359146755,-0.0014788895182917432,0.04787465506053825,1.177271539735765,0.12375249500998003,0.0,0.039428571428571424,0.10336558284732256,-0.3814477734509551,1.0
hacking,hacking::wired_hacking_15,wired_hacking_15,graduate,End,joint,8,3,1.0698343669059291,1.1674990595483365,1.1481856788035103,0.016542523599374803,-0.019754948453532185,0.01693411010976974,2.1434531733655144,0.017964071856287425,0.08657692734319505,-0.008808674563479746,0.04989239432565982,1.9118265057409298,0.013972055888223553,0.06689926752536102,-0.0010294865947223192,0.03530087702551794,1.9242795036219549,0.011976047904191617,0.0,0.0,0.0,,1.0
infinity,infinity::wired_infinity_12,wired_infinity_12,child,Beginning,joint,8,3,0.9507621475340367,1.1810343633598397,1.0529880820138378,0.10841876012966489,0.016496066174272052,0.048521334732044154,1.8944799120434304,0.031936127744510975,0.19685427892676205,0.009983189712155472,0.145871658112155,1.2810650926510256,0.09780439121756487,0.13001899516039117,0.002957576191610027,0.10305318225942141,1.232969387096873,0.11177644710578842,0.0,0.052,0.1789601075851275,-0.29056754995112366,1.0
infinity,infinity::wired_infinity_12,wired_infinity_12,child,End,joint,8,3,0.8529371713834139,1.1269458019794854,1.028137660628926,0.08767781128160934,0.008613877509511923,0.07603740305952013,1.0398031835754333,0.2055888223552894,0.19614035630646492,-0.0007461479771423045,0.2262152188228756,0.8703503915789482,0.23353293413173654,0.1321744763032987,-0.0030261460530737324,0.15950290475700674,0.8476373678732848,0.249500998003992,0.0,0.06399999999999999,0.196590850732811,-0.32554922958740923,1.0
infinity,infinity::wired_infinity_12,wired_infinity_12,child,Middle,joint,8,3,0.9068778826392238,1.1545857227190865,1.1400900952839716,0.012554829970508607,0.021983432557000537,0.03710392269719785,-0.25411336325374545,0.6147704590818364,-0.0895910951710748,0.002864417621971336,0.10508700564269081,-0.879799669118051,0.7944111776447106,-0.07130951714455303,-0.0046869841687501804,0.07392450229010632,-0.9012239637996083,0.8063872255489022,1.0,0.07172131147540983,0.2582906775784675,3.5939302851632475,0.0736196319018405
infinity,infinity::wired_infinity_14,wired_infinity_14,undergraduate,Beginning,joint,12,3,0.9182326298931098,1.1777836226187852,0.9567824495662312,0.1876415742317431,0.019528731312715104,0.04262055176202313,3.9444079433252264,0.001996007984031936,0.3919855721325994,0.016315736047430793,0.11000816737514046,3.414926773610284,0.001996007984031936,0.27073347370877643,0.007821004183263968,0.07717139134319899,3.406864447425601,0.001996007984031936,0.0,0.18145714285714284,0.21858402649343667,-0.8301482307198298,1.0
infinity,infinity::wired_infinity_14,wired_infinity_14,undergraduate,End,joint,12,3,1.013798190862449,1.2054900033464466,1.2220717736740383,-0.01375521180728212,-0.031866710734967295,0.011202027168445103,1.616805481306393,0.06387225548902195,0.022185043995898605,-0.01311385044722708,0.029716510747710947,1.1878546153284415,0.11776447105788423,0.021534392958158843,-0.0013483055613397678,0.020884238973852744,1.0956922370093523,0.13373253493013973,0.0,0.0,0.0,,1.0
infinity,infinity::wired_infinity_14,wired_infinity_14,undergraduate,Middle,joint,11,3,0.9401579410414389,1.0917127121977057,1.082950131976908,0.008026452493310243,-0.013336071903673518,0.022347717261601355,0.9559152797091097,0.20159680638722555,-0.030737810083213468,-0.0035968008041121487,0.058551781688147654,-0.46353857212504496,0.6946107784431138,-0.016940966670583424,3.460493914038243e-05,0.04066335817621405,-0.4174660522665252,0.6766467065868264,0.0,0.18366666666666667,0.22937985771890082,-0.800709654688798,1.0
infinity,infinity::wired_infinity_15,wired_infinity_15,graduate,Beginning,joint,9,3,0.8904366174449065,1.2071332427937174,1.071997606838515,0.11194757228493879,0.011398679818580938,0.0527152642767675,1.907396156423547,0.03592814371257485,0.17417364374538657,0.012980112596645782,0.14937067699883153,1.0791511050726628,0.15169660678642716,0.12068171713708709,0.006091795372027489,0.10516211157868902,1.0896502556371368,0.15169660678642716,0.0,0.08399999999999999,0.20419122110467702,-0.41137909624889335,1.0
infinity,infinity::wired_infinity_15,wired_infinity_15,graduate,End,joint,9,3,0.9750140840924395,1.1175934581660234,1.036773077795039,0.07231644009764615,-0.004777234934772675,0.034814395203303566,2.2144194831540074,0.00998003992015968,0.13514951909799972,0.001727964909599844,0.102016948506313,1.307837140219338,0.09381237524950099,0.09482913615018718,0.0018065681939322556,0.07213115094435954,1.2896309949082967,0.09381237524950099,0.0,0.05866666666666666,0.18905241327012953,-0.3103195862559034,1.0
infinity,infinity::wired_infinity_15,wired_infinity_15,graduate,Middle,joint,9,3,0.9207710251616953,1.184924094525526,1.081700557059818,0.08711405054772003,0.014995720966610029,0.03260179157113483,2.2120971304215855,0.013972055888223553,0.12127799657460564,0.006486388965548404,0.09128651948384063,1.257486957089841,0.11177644710578842,0.08184603035754168,0.0014757775642230513,0.06392028549198361,1.2573512801878526,0.10978043912175649,0.0,0.0,0.0,,1.0
internet,internet::wired_internet_12,wired_internet_12,child,Beginning,joint,9,3,0.9392887699984536,1.2322705416388868,1.1608109797683803,0.05799015675199637,0.0040605112767017094,0.031114971971625455,1.7332377970474953,0.0499001996007984,0.10943491116299113,0.008994603037368083,0.09261825104366414,1.0844548131045064,0.16966067864271456,0.07913733037009141,0.005253627887175457,0.06564557521950043,1.1254940220398637,0.1596806387225549,0.0,0.0,0.0,,1.0
internet,internet::wired_internet_12,wired_internet_12,child,End,joint,9,3,0.9733332316401144,1.2125684190747792,1.0619776635538551,0.12419155336061671,0.005736048997993292,0.05889852100535572,2.0111796075805044,0.007984031936127744,0.34414278808355825,-0.002559801502660111,0.16622138765449473,2.085788083461733,0.001996007984031936,0.23806639438777,-0.004007107442665227,0.1170400054657187,2.068297082413749,0.001996007984031936,0.0,0.045,0.14323418608742905,-0.3141708081653939,1.0
internet,internet::wired_internet_12,wired_internet_12,child,Middle,joint,9,3,1.0336518448612233,1.1941077577052717,1.177198164869394,0.014160860045305146,-0.0177321452055376,0.017541692992740433,1.8181258367730841,0.03792415169660679,0.013723889277351492,-0.011467337079700018,0.045353212807091654,0.5554452440712753,0.281437125748503,0.017439191466727566,-0.0028734800267353096,0.03181428486592703,0.6384764447500646,0.2874251497005988,0.5,0.298,0.2633147723517945,0.7671426794472564,0.5728542914171657
internet,internet::wired_internet_14,wired_internet_14,undergraduate,Beginning,joint,11,3,1.0527475446953145,1.2436030640115856,1.0656947315392284,0.1430587762452632,0.010106937369626052,0.040213752171725625,3.3061286673248027,0.001996007984031936,0.2343633899578587,0.004609550289972842,0.10649475777261388,2.1574192427241634,0.00998003992015968,0.16150518106866174,0.0007837759097864632,0.07491703449233542,2.1453252420892115,0.00998003992015968,0.0,0.16536666666666666,0.2319814329097788,-0.7128444056597424,1.0
internet,internet::wired_internet_14,wired_internet_14,undergraduate,End,joint,11,3,1.10817040001736,1.2730963795710388,1.1450551116252943,0.10057468546795112,0.021050349021784504,0.0314226035170984,2.530800364867729,0.003992015968063872,0.20722813895739725,0.003216670332084733,0.08008401338352564,2.547468090145448,0.005988023952095809,0.13712225693033464,-0.003063841055918824,0.05616971223863706,2.4957595899845946,0.005988023952095809,0.0,0.17226666666666665,0.24267440362922094,-0.7098674771232596,1.0
internet,internet::wired_internet_14,wired_internet_14,undergraduate,Middle,joint,10,3,1.1121924375519734,1.2361213676853802,1.1848456175413498,0.04148116154649406,0.00889956724560338,0.021445579780720658,1.5192685221866176,0.06387225548902195,0.08633835736725926,0.0036598451268283496,0.05785495446466894,1.4290653757392775,0.08183632734530938,0.060864542043878256,0.0005199807457284809,0.0407029708879034,1.4825591346720024,0.07385229540918163,0.0,0.0596,0.14876862642511976,-0.4006221031421479,1.0
internet,internet::wired_internet_16,wired_internet_16,expert,Beginning,joint,9,3,0.9478156228416927,1.194652148415698,1.0892514421230435,0.08822710981806114,0.0180938403150557,0.04106842894179692,1.7077173709858697,0.06187624750499002,0.1366316047846413,0.00539229732430248,0.11272804489004801,1.1642116883012226,0.13572854291417166,0.09480622118319304,-0.00047643910707767946,0.07919834226614923,1.2030890743908438,0.13373253493013973,0.0,0.11799999999999998,0.25338588914467053,-0.4656928623702007,1.0
internet,internet::wired_internet_16,wired_internet_16,expert,End,joint,10,3,0.9348308529374274,1.1570700095507385,1.1731964965131816,-0.013937347636125086,-0.004708993565838865,0.025169137339425166,-0.3666535704356797,0.6706586826347305,-0.0551925052480282,-0.005122642075717091,0.06035479592352281,-0.8295921211589545,0.8083832335329342,-0.03666119392095524,-0.0022095780010397545,0.04237219481978971,-0.8130713092970354,0.7984031936127745,0.4,0.2135,0.23431294268610184,0.7959440817140239,0.469061876247505
internet,internet::wired_internet_16,wired_internet_16,expert,Middle,joint,9,3,0.9736744646183362,1.1392203851606828,1.0655652065894832,0.06465402088184269,0.011302708731004163,0.024509854248962726,2.1767290661508683,0.01996007984031936,0.09466979022476252,0.004118821819525285,0.05585352367702686,1.6212221260890973,0.03992015968063872,0.06252033861364792,0.00020770695969626884,0.03957699871685849,1.5744658178794273,0.03992015968063872,1.0,0.17633333333333331,0.29800401097786516,2.7639449011572066,0.0499001996007984
laser,laser::wired_laser_12,wired_laser_12,child,Beginning,joint,12,3,0.8819117428052312,1.1711202436775898,1.184235980879087,-0.011199308757835702,-0.04135711798672602,0.025418061672531765,1.1864716364851926,0.12574850299401197,0.01079563644164958,-0.009954671879078014,0.06557499142266919,0.3164363101015098,0.3972055888223553,0.02761964336911027,0.003934564105828983,0.04580185646490031,0.5171205075809986,0.3273453093812375,0.4,0.21039047619047618,0.19274774412217235,0.9837185108083062,0.14171656686626746
laser,laser::wired_laser_12,wired_laser_12,child,End,joint,12,3,1.0621875316128275,1.1885335970736048,1.0311997038689524,0.13237647937932784,0.004525253286360017,0.05233391148225955,2.442990070335323,0.001996007984031936,0.28391389178469334,0.005168468686769308,0.13492569206290006,2.0659180533828776,0.005988023952095809,0.20287149310357888,0.0030355444100625705,0.09430117722570248,2.119124644809307,0.001996007984031936,0.0,0.18817857142857145,0.18798487601591396,-1.0010303776386835,1.0
laser,laser::wired_laser_12,wired_laser_12,child,Middle,joint,11,3,0.7187239256303697,1.051375509553799,1.07959479229666,-0.026840346276314708,-0.07684780242982112,0.03686702920410676,1.3564276057246263,0.0998003992015968,0.05170482743097651,-0.030677732075504897,0.09710700562118006,0.8483688584514741,0.19760479041916168,0.07387234596174941,-0.0008109342881039403,0.06919944965897036,1.079246737046443,0.1437125748502994,0.0,0.0,0.0,,1.0
laser,laser::wired_laser_13,wired_laser_13,teenager,Beginning,joint,9,3,0.8863208468931719,1.1542104450935342,1.1575550938076762,-0.0028977806676069306,-0.0459235695079451,0.02739533116915473,1.570551878883007,0.06986027944111776,0.09578981575764174,-0.011053718443689377,0.09041497351476298,1.1817017696066203,0.0998003992015968,0.07592895806080091,0.0024850930278528887,0.06423868465832927,1.1432965264400878,0.11377245508982035,0.0,0.0,0.0,,1.0
laser,laser::wired_laser_13,wired_laser_13,teenager,End,joint,9,3,0.8961865203242987,1.120774853023824,1.0280690482376282,0.08271581445290077,0.027408264303282068,0.03281452987122971,1.6854591660052962,0.05588822355289421,0.08247744276051035,0.009875205601600682,0.09098966344013545,0.797917416264284,0.2215568862275449,0.05065881772214553,0.001026456083975834,0.06410950573905295,0.774181005858787,0.2315369261477046,0.0,0.035,0.1277012734097077,-0.2740771416406201,1.0
laser,laser::wired_laser_13,wired_laser_13,teenager,Middle,joint,8,3,0.9071415549342493,1.0731220483687138,1.042106339867313,0.028902312228649918,-0.002197615132317323,0.024482444367060992,1.2702950283350587,0.10778443113772455,0.08846789085480602,0.0004543095468945008,0.06547021742335421,1.3443300598619328,0.0998003992015968,0.063180333419116,0.0016049746786448184,0.04598302315324566,1.339088961925396,0.10379241516966067,0.0,0.0,0.0,,1.0
laser,laser::wired_laser_15,wired_laser_15,graduate,Beginning,joint,8,3,0.9932882278313927,1.218017693209839,1.0530820735172297,0.1354131558285946,0.017605652181928225,0.048254064963131504,2.4414006102216907,0.005988023952095809,0.2586751744980208,-0.0021889774294244903,0.14485071118268497,1.8009173016654696,0.017964071856287425,0.18302431445590883,-0.006729756033866458,0.10183697158630335,1.8633121894140894,0.011976047904191617,0.0,0.0,0.0,,1.0
laser,laser::wired_laser_15,wired_laser_15,graduate,End,joint,8,3,1.0465413484319437,1.2332982979826244,1.1424998875527612,0.07362242417620068,0.006966615851548044,0.032810642330780904,2.0315301252764657,0.021956087824351298,0.13549234481742806,0.0027885097240323577,0.09891941009848383,1.34153484095059,0.10578842315369262,0.09507053491901218,-0.00029857664514872,0.06953718456809677,1.3714836480152184,0.09181636726546906,0.0,0.07466666666666666,0.2104548625358812,-0.3547870824506917,1.0
laser,laser::wired_laser_15,wired_laser_15,graduate,Middle,joint,8,3,1.0963416278957596,1.2444555911125372,1.1692283464797486,0.06044992297839724,0.027670499926580612,0.032143282047859226,1.0197907918366964,0.16367265469061876,0.08952381031666093,0.017743821146602477,0.09451170494866488,0.7594825340315952,0.25948103792415167,0.05700896981725889,0.005893461139480122,0.06670679469683496,0.7662713957414002,0.25748502994011974,0.0,0.1905829596412556,0.371656223589682,-0.5127936720673998,1.0
laser,laser::wired_laser_16,wired_laser_16,expert,Beginning,joint,14,3,1.1543594688161474,1.258414049524776,1.1075274043194467,0.11990222555311558,0.022278608805111465,0.04515398174320661,2.162015684534654,0.023952095808383235,0.14673817120708801,0.010660756385317546,0.11576442074574307,1.1754683688232799,0.1157684630738523,0.09302410456325705,0.002532579586499113,0.08158165227421905,1.1092141732137304,0.1217564870259481,0.3333333333333333,0.180234126984127,0.1770885321858444,0.8645348428803813,0.17764471057884232
laser,laser::wired_laser_16,wired_laser_16,expert,End,joint,14,3,0.8783158364834472,1.188486915226942,1.167208509980655,0.017903777461633852,-0.009579435682629976,0.019565266432791346,1.4046940397500554,0.08582834331337326,-0.030520559979912137,-0.001580346402422413,0.048439317942423676,-0.5974529536499433,0.7225548902195609,-0.015619532211740395,0.001219367830952533,0.033772495663129204,-0.4985980370137891,0.688622754491018,0.0,0.18386666666666668,0.16052195967326804,-1.1454299900207752,1.0
laser,laser::wired_laser_16,wired_laser_16,expert,Middle,joint,14,3,1.0474423359100427,1.2384680864902056,1.2525909229553096,-0.011403472256703795,-0.003472226838701314,0.022651765407053825,-0.35013806983594614,0.6027944111776448,0.034762567325409194,-6.293991015301615e-05,0.05623041487084948,0.6193357690059684,0.2894211576846307,0.03005690538107486,0.0008493368438438336,0.039300849372708446,0.7431790661886697,0.2375249500998004,0.2222222222222222,0.16025555555555557,0.16439269686874997,0.3769429411827243,0.46506986027944114
moravec,moravec::wired_moravec_12,wired_moravec_12,child,Beginning,joint,10,3,1.1051533861880898,1.2662076281823609,1.173895926883043,0.07290407927160514,-0.005112586704582302,0.027940974105451526,2.792195636478032,0.005988023952095809,0.13466064190001115,-0.0014652948660042677,0.07437244448577086,1.8303275858044359,0.033932135728542916,0.09973943330691903,0.0003011669372438679,0.052176318996345734,1.9058122206098806,0.027944111776447105,0.0,0.0474,0.13583129345096115,-0.3489622957695879,1.0
moravec,moravec::wired_moravec_12,wired_moravec_12,child,End,joint,10,3,0.9346847922146065,1.1957099301106449,1.1516867062280376,0.03681764512780583,-0.015372344551671567,0.025984774766150482,2.0084834349791474,0.021956087824351298,0.13942729815529328,-0.005074498194536901,0.06833459820635956,2.1146212920350806,0.015968063872255488,0.10473000821932643,-5.072575435931359e-05,0.04796873606268527,2.1843546979590807,0.013972055888223553,0.0,0.188,0.2618456153012783,-0.7179803250999185,1.0
moravec,moravec::wired_moravec_12,wired_moravec_12,child,Middle,joint,9,3,1.0391388007140585,1.1730560078417192,1.1706649399477138,0.0020383237271036636,-0.024253932962256856,0.02570027961131424,1.0230338769460574,0.20758483033932135,0.05870247039172991,-0.010397151200121777,0.07034820764619402,0.9822513451853399,0.18962075848303392,0.04612701524577545,-0.0012226244565661938,0.0495987117260664,0.9546546282059426,0.20359281437125748,0.0,0.0,0.0,,1.0
moravec,moravec::wired_moravec_13,wired_moravec_13,teenager,Beginning,joint,9,3,1.1639514456808304,1.2980060184007418,1.2757776945644486,0.017124977481753567,-0.015027695095724616,0.02500230238527948,1.2859884694622605,0.12974051896207583,0.04999964968276317,-0.0016673533724178972,0.06760315062937894,0.7642691586733186,0.24750499001996007,0.043406114666132756,0.0029089414108593213,0.04737849060401415,0.8547586201879191,0.22954091816367264,0.6666666666666666,0.15866666666666662,0.2859478957166782,1.7765474326250492,0.1437125748502994
moravec,moravec::wired_moravec_13,wired_moravec_13,teenager,End,joint,10,3,0.9511907533820544,1.1310635805626033,1.0435872207952688,0.07733991375075733,-0.014332407135148757,0.03558619550639582,2.5760641052351336,0.003992015968063872,0.12027752987585906,-0.011805968596439599,0.09588852474600078,1.3774692938719706,0.10578842315369262,0.08444811974987876,-0.005573260225056268,0.06732863758625753,1.3370444316447794,0.0998003992015968,0.0,0.037,0.13101652819901255,-0.2824071169386922,1.0
moravec,moravec::wired_moravec_13,wired_moravec_13,teenager,Middle,joint,9,3,0.9307989884016321,1.1886227067837756,1.1145223436074456,0.06234136598049167,0.019129721764266916,0.041932354077540916,1.0305084264126498,0.1497005988023952,0.06252355529615543,0.0034768995428385223,0.11872607324508208,0.4973352031228133,0.35728542914171657,0.04245297039254414,-0.002039140949028612,0.08342289445262231,0.5333321462112633,0.34331337325349304,0.0,0.086,0.2008765028704891,-0.42812374155799937,1.0
nano,nano::wired_nano_12,wired_nano_12,child,End,joint,8,3,0.955650479497258,1.1815969376120772,1.1681241204287727,0.011402210647678324,-0.013735036887154429,0.021945447976263407,1.145442442643306,0.20758483033932135,0.006036381711718169,-0.005455640615688209,0.058229785041790494,0.1973564271130102,0.4291417165668663,-0.0002649436329444921,-0.00029510729247252685,0.04073082973824609,0.0007405608901630405,0.5089820359281437,0.0,0.3473333333333334,0.3480767529770369,-0.9978642077146918,1.0
nano,nano::wired_nano_14,wired_nano_14,undergraduate,Beginning,joint,8,3,1.0482412424930667,1.2252776787346906,1.2129565825518367,0.010055758296011352,0.0023660951943560975,0.01841765371728657,0.41751589098658304,0.35728542914171657,-0.04818544117817254,0.0001939205122058994,0.054551194641369885,-0.8868616353580105,0.782435129740519,-0.028461527127652042,-0.0009129654126890847,0.038205082678789894,-0.7210705954120848,0.720558882235529,0.0,0.19866666666666666,0.34040331299454474,-0.5836214251823408,1.0
nano,nano::wired_nano_14,wired_nano_14,undergraduate,End,joint,8,3,0.9371622895056297,1.1566231215134213,1.0281629901758518,0.11106481354918929,0.01737428673017438,0.04242482758748809,2.2083891001279183,0.013972055888223553,0.2174151032588978,0.009526248404292755,0.12220082348881721,1.7012066606378415,0.011976047904191617,0.15277066089457525,0.0022024983971569477,0.08599803326079035,1.750832627076692,0.011976047904191617,0.0,0.0,0.0,,1.0
nano,nano::wired_nano_14,wired_nano_14,undergraduate,Middle,joint,8,3,0.9613446502731685,1.186773157781152,1.1576954624735212,0.024501477065756894,-0.012085006244521346,0.025636488097637404,1.427125399194204,0.07784431137724551,0.08374426704551978,-0.004583372618729264,0.07405868152122572,1.1926709718553894,0.11776447105788423,0.058892221645502674,0.00018007552834549068,0.052272515655674354,1.1231934292946888,0.12974051896207583,0.0,0.0,0.0,,1.0
nuclear,nuclear::wired_nuclear_12,wired_nuclear_12,child,Beginning,joint,10,3,0.7344326924986463,1.1122478415169472,1.188838409670432,-0.06886106252094515,-0.10694022719251675,0.017238435421047343,2.208968722595247,0.00998003992015968,0.02072236614352265,-0.0393711514235415,0.047112957380396954,1.2755199611406316,0.10179640718562874,0.0626182001887392,-0.0006163562983117541,0.03191571073589208,1.9812987092885892,0.01996007984031936,0.0,0.0,0.0,,1.0
nuclear,nuclear::wired_nuclear_12,wired_nuclear_12,child,End,joint,11,3,1.0895473510464435,1.256471315496348,1.2192120545339453,0.029653889032623115,0.0053216564726609895,0.019299331797086542,1.2607810889926956,0.11177644710578842,0.022961255013857415,0.0027867212347628964,0.0508220463515989,0.3969642158743931,0.36127744510978044,0.014446843817014665,6.366811603001055e-05,0.03564748929006893,0.40348355487104887,0.36327345309381237,0.0,0.08933333333333333,0.16560651467279544,-0.5394312748495294,1.0
nuclear,nuclear::wired_nuclear_12,wired_nuclear_12,child,Middle,joint,10,3,0.9643868736083531,1.1394480183836408,1.2031968878525428,-0.05594715023449037,-0.013512007930935314,0.04023097822636386,-1.0547877325972348,0.7924151696606786,-0.1340101275281649,-0.0033619593077703204,0.1131954879792778,-1.1541817660109543,0.8682634730538922,-0.07850245463495575,0.0009664881247088406,0.07884541333493036,-1.007908252342917,0.8263473053892215,0.4,0.127,0.24286271416006147,1.1240918596507006,0.23353293413173654
nuclear,nuclear::wired_nuclear_14,wired_nuclear_14,undergraduate,Beginning,joint,8,3,0.9654334542658984,1.1173866257882257,1.0815250750349372,0.03209412921690469,-0.007871836386629028,0.025544032066597885,1.5645911146421698,0.0718562874251497,0.06510774763681512,-0.005737060137864503,0.07124999393075646,0.9943131762723992,0.17564870259481039,0.04806647647660933,-0.0025396020220788346,0.050264076194801194,1.0068041100081402,0.17764471057884232,0.0,0.0,0.0,,1.0
nuclear,nuclear::wired_nuclear_14,wired_nuclear_14,undergraduate,End,joint,8,3,0.9558783270561525,1.14928581837438,1.2413606479319814,-0.08011482268861347,-0.04421077341942383,0.02026046795008972,-1.7721233960457783,0.9720558882235529,-0.08513678884218208,-0.012512966977406208,0.05464639186518689,-1.32897743814339,0.8962075848303394,-0.04658848057359166,0.0035458008404002967,0.038535045085575766,-1.3010048723871341,0.8842315369261478,0.0,0.316,0.34309293034254634,-0.9210332596608838,1.0
sensing,sensing::wired_sensing_12,wired_sensing_12,child,Beginning,joint,10,3,1.0774742330265161,1.2275080935301712,1.2113757218586327,0.01314237499252946,0.02280403018233896,0.06235765490232711,-0.15493936077203152,0.43313373253493015,0.0236087853741194,0.010959969521968215,0.1716391913254906,0.0736942172383253,0.5029940119760479,0.011653555885441258,0.0025249040712294083,0.12082767686897673,0.0755509999924172,0.5149700598802395,0.0,0.11303333333333333,0.22189147369071602,-0.5094081870441094,1.0
sensing,sensing::wired_sensing_12,wired_sensing_12,child,End,joint,11,3,0.36377049412513823,1.0742098245865395,1.2698757975497663,-0.18214874644116952,0.03279974952012637,0.09839713303966277,-2.1844995816560284,0.998003992015968,-0.5269519093226451,0.015681629750084327,0.26484562543008333,-2.048867290866314,0.9820359281437125,-0.3666808930812908,0.0026075002727728195,0.18542972816893682,-1.991527448164198,0.9820359281437125,0.0,0.1323333333333333,0.23017980637820162,-0.5749128710096328,1.0
sensing,sensing::wired_sensing_12,wired_sensing_12,child,Middle,joint,10,3,1.061343300817437,1.2206643964938264,1.1655337446849943,0.04516446286726028,0.010189167664555035,0.02393477955942297,1.4612750084399961,0.08982035928143713,0.14802369574815172,0.0022829837959591004,0.06266730531549569,2.325625957881349,0.011976047904191617,0.10177354534181315,-0.0011083830568533323,0.04433227900237064,2.320700192136861,0.011976047904191617,0.0,0.0516,0.14359205185075327,-0.3593513661440817,1.0
sensing,sensing::wired_sensing_13,wired_sensing_13,teenager,Beginning,joint,22,3,0.954252803400906,1.234562388228766,1.1513331309274917,0.06741599946251708,0.012019832417078838,0.03516673008780955,1.5752436154034455,0.07385229540918163,0.014999360011548085,-0.001075974855325234,0.08212821874269652,0.19573461001554796,0.40119760479041916,0.0008402549141277582,-0.003994911307103824,0.05759154841175555,0.08395617681021805,0.4590818363273453,0.21052631578947367,0.1652080002765963,0.10496224249585794,0.4317582631170037,0.25948103792415167
sensing,sensing::wired_sensing_13,wired_sensing_13,teenager,Beginning,expert,11,3,1.0552246387905653,1.2505932072302728,1.1913136749750262,0.04740113084936293,0.002480356801009561,0.030645871912461743,1.465801794664779,0.09181636726546906,0.08391640844091983,0.005786374496456717,0.07103327813312424,1.0999074799566304,0.14171656686626746,0.05169285754532904,0.003795602523337168,0.049652035168516774,0.9646584447028353,0.17165668662674652,0.0,0.15633333333333332,0.21862177350068787,-0.7150858344529962,1.0
sensing,sensing::wired_sensing_13,wired_sensing_13,teenager,Beginning,partner,11,3,0.9492190171929709,1.2566011270171948,1.3228647758838838,-0.052732444243448695,0.00020057463316595304,0.04707396815606264,-1.1244647721459917,0.874251497005988,-0.09406906341986286,-0.0028813405388022433,0.11348431189856178,-0.803527125075834,0.7904191616766467,-0.049992866038888195,-0.0018577834814492206,0.07952749963904479,-0.6052633714867428,0.7485029940119761,0.3333333333333333,0.11353333333333333,0.19412480519267314,1.1322612779023458,0.2714570858283433
sensing,sensing::wired_sensing_13,wired_sensing_13,teenager,End,joint,23,3,0.8846623192498201,1.1864564206102406,1.2977476084177824,-0.09380132794957641,-0.02408764947360944,0.04746634863695874,-1.4686968869074917,0.9201596806387226,-0.09735126167150615,-0.00831455141220917,0.11090183596019285,-0.8028425272531634,0.7744510978043913,-0.051911512320896636,-0.00043094546149050837,0.07720721498048663,-0.6667844044422188,0.7365269461077845,0.24,0.17527761253239513,0.1102345056812569,0.5871336481042485,0.3073852295409182
sensing,sensing::wired_sensing_13,wired_sensing_13,teenager,End,expert,12,3,0.8977683860016628,1.2221559231328796,1.172718743116987,0.04045079607286528,-0.002061638355008257,0.05181349970640632,0.8204895378379009,0.17564870259481039,0.1397999421605527,-0.005244807322823805,0.12069244482600337,1.2017715747864808,0.11976047904191617,0.10046443474151934,-0.0032441497404973084,0.08496668587415594,1.2205793766702788,0.11776447105788423,0.0,0.1174095238095238,0.17492677632697562,-0.6711924056158232,1.0
sensing,sensing::wired_sensing_13,wired_sensing_13,teenager,End,partner,11,3,0.0,1.0780021554671162,1.0139380182871183,0.059428579854961305,-0.011676876632679089,0.08857619649239448,0.8027603273047044,0.2375249500998004,-0.11569569136503781,-0.02303047640101398,0.21885123085938857,-0.42341646697687996,0.6606786427145709,-0.08009449674889646,-0.016346159591528606,0.15335109860288798,-0.41570186153310884,0.6586826347305389,0.3333333333333333,0.10949523809523808,0.1710292905526128,1.3087705299767771,0.20758483033932135
sensing,sensing::wired_sensing_13,wired_sensing_13,teenager,Middle,joint,22,3,0.8984145073338106,1.2160716223166816,1.2811771637073956,-0.05353758791499841,-0.07019973141769803,0.014904871253089832,1.1178991901218538,0.14570858283433133,-0.004204768160055521,-0.0244758618403848,0.03459758232559455,0.5859107000471867,0.2934131736526946,0.02000369333878682,-0.0006249556816738595,0.024131746486901882,0.8548344825210809,0.20159680638722555,0.32,0.14878753623188407,0.0771992998613645,2.2177981416357593,0.00998003992015968
sensing,sensing::wired_sensing_13,wired_sensing_13,teenager,Middle,expert,11,3,1.001688801230279,1.2074818469241977,1.1297563264639854,0.06436992875561776,-0.0005015908651598863,0.02666115967281513,2.433184468225643,0.017964071856287425,0.15072679165900088,-0.0015108727996865831,0.06552408230671757,2.3233849158858035,0.015968063872255488,0.10664650357497119,-0.0010593813155899503,0.04605855753888325,2.3384554498832144,0.011976047904191617,0.0,0.06833333333333333,0.16359732186989356,-0.41769224919022685,1.0
sensing,sensing::wired_sensing_13,wired_sensing_13,teenager,Middle,partner,11,3,0.0,1.039913159962104,0.9642776597173434,0.07273251571075123,0.0013010044919090473,0.09188824592718751,0.7773737598108543,0.1996007984031936,0.044865882685002016,-0.00483365884813855,0.21638401569331098,0.22968212958752718,0.3932135728542914,0.03350919990293966,-0.0037911015614867038,0.15210239180236934,0.24523152478030474,0.405189620758483,0.0,0.11447619047619048,0.17583938629669177,-0.6510270132712823,1.0
sensing,sensing::wired_sensing_14,wired_sensing_14,undergraduate,Beginning,joint,12,3,1.0083579330060346,1.2209423129789845,1.075229223988436,0.1193447777520481,0.020917393880682464,0.057852557855100524,1.7013488689279772,0.06387225548902195,0.21816064976417754,0.004340072405755467,0.14962059785460188,1.4290851689164374,0.08383233532934131,0.14598203018878653,-0.0021246925460258366,0.1050225407052165,1.4102374760721808,0.08383233532934131,0.0,0.12436190476190476,0.18975736009816022,-0.6553732866939821,1.0
sensing,sensing::wired_sensing_14,wired_sensing_14,undergraduate,End,joint,12,3,0.9055343617733016,1.182143586502531,1.1095455181553813,0.06141222536421065,0.0038203290881168436,0.044766678628633094,1.2864902655355273,0.12574850299401197,0.061794052867009695,0.0021545274661041018,0.11363670934798033,0.5248262268689635,0.31736526946107785,0.04164449277737681,0.0003122827039760341,0.07963482824304004,0.5190217770955404,0.31736526946107785,0.0,0.1429047619047619,0.19415230066958608,-0.7360446485151947,1.0
sensing,sensing::wired_sensing_14,wired_sensing_14,undergraduate,Middle,joint,11,3,0.940782612266146,1.1692128542753468,1.1262392649117947,0.036754290894437935,0.00280650351047297,0.030824304444375998,1.1013318222711383,0.13972055888223553,0.06900741100216161,0.003143889169401317,0.0810892482106268,0.8122349545242032,0.22554890219560877,0.05011566216325869,0.0010139255112127448,0.05724683159491426,0.8577197249883797,0.22554890219560877,0.0,0.06533333333333334,0.1402926609916674,-0.46569316507022257,1.0
sensing,sensing::wired_sensing_15,wired_sensing_15,graduate,Beginning,joint,11,3,1.0020872328272523,1.1859285847986567,1.1178338309753026,0.057418932890394014,0.008806601406353894,0.029361591116721743,1.6556436362999032,0.05588822355289421,0.08527901627017079,0.0005102562561284084,0.07416027767839233,1.1430480395671574,0.1377245508982036,0.057160269465059255,-0.0025528953702412915,0.05221381303997212,1.1436277367750813,0.1437125748502994,0.0,0.07186666666666666,0.15160267539465813,-0.4740461636285804,1.0
sensing,sensing::wired_sensing_15,wired_sensing_15,graduate,End,joint,11,3,0.9162281869034061,1.1298296967136807,1.1888109303616183,-0.052203649646929584,0.012481858928861481,0.044335994836154996,-1.4589840335113335,0.9600798403193613,-0.21137164554895255,0.007821772233406387,0.11460080591340809,-1.9126690779817082,0.9860279441117764,-0.15342763486314948,0.002909914853851859,0.08053095261340337,-1.9413349109070506,0.9780439121756487,0.0,0.1118,0.19333322967771852,-0.5782761721115801,1.0
sensing,sensing::wired_sensing_15,wired_sensing_15,graduate,Middle,joint,11,3,1.0135393321804642,1.261067113414242,1.1766673936763046,0.06692722285765718,0.01210649705837529,0.029692005280681662,1.8463126784821629,0.023952095808383235,0.20521165708273642,0.005728518347403425,0.07998442045582231,2.4940249313366376,0.001996007984031936,0.14018897984192513,0.0012901293067664034,0.055970259121674824,2.4816545914715857,0.001996007984031936,0.0,0.15583333333333332,0.21808889109196816,-0.714540445196809,1.0
sensing,sensing::wired_sensing_16,wired_sensing_16,expert,Beginning,joint,9,3,1.0370017141542238,1.2073836900387052,1.2606242430901378,-0.04409580275987146,-0.017907428856485205,0.018810496568683846,-1.3922212955815996,0.9261477045908184,-0.047721346400107924,-0.009241613476196722,0.05605686158090014,-0.6864410856890021,0.7285429141716567,-0.03732280985051095,-0.002597774316791415,0.03915528483418577,-0.8868543717858933,0.810379241516966,0.0,0.0,0.0,,1.0
sensing,sensing::wired_sensing_16,wired_sensing_16,expert,End,joint,9,3,1.0797064697666334,1.2268649078867913,1.222679231220815,0.003411685051116109,-0.013882711985273612,0.02129805657505476,0.8120176118156102,0.20159680638722555,-0.010541719984039192,-0.007034076464256517,0.05996676454741465,-0.05849312608835589,0.5489021956087824,-0.0004886630810587711,-0.0009171241870676681,0.042294904825647635,0.010130324391912996,0.5349301397205589,0.0,0.033,0.12426537638270393,-0.26556069728038223,1.0
sensing,sensing::wired_sensing_16,wired_sensing_16,expert,Middle,joint,9,3,1.0046883916474096,1.13256560847618,1.0722706853939363,0.05323746600726109,0.007441085166696677,0.0996830606936502,0.4594198906202089,0.2634730538922156,-0.0863717100796667,0.008237755884320781,0.27127520681719836,-0.3487582484002715,0.6407185628742516,-0.055114216207863276,0.00437849809687445,0.19027238268949048,-0.3126713055452989,0.6347305389221557,0.0,0.07633333333333332,0.19314084121922923,-0.39522108763464125,1.0
sleep,sleep::wired_sleep_12,wired_sleep_12,child,Beginning,joint,17,3,1.132331452344419,1.2620663642743752,1.1349668084824847,0.1007075058726935,0.002128908670807455,0.017670614190774526,5.578674070839709,0.001996007984031936,0.16840936141415364,0.0010193678687957792,0.041645144105746996,4.0194360504628,0.001996007984031936,0.11738962414417797,0.00032350827170068454,0.029303952981287476,3.9948916088976727,0.001996007984031936,0.0,0.13766116106116108,0.1295812764460064,-1.0623537970666725,1.0
sleep,sleep::wired_sleep_12,wired_sleep_12,child,Beginning,expert,8,3,1.127762831150326,1.2359894987392595,1.1498224052314507,0.06971506925884186,0.00017221565621429024,0.024118625721106558,2.883367170533668,0.001996007984031936,0.14575692447014807,0.0004904775336651599,0.05823813264490895,2.4943527606251603,0.005988023952095809,0.09747183976216622,0.0004811542249646512,0.04106456970186491,2.3619067785531143,0.007984031936127744,0.0,0.0,0.0,,1.0
sleep,sleep::wired_sleep_12,wired_sleep_12,child,Beginning,partner,9,3,1.1982131998145742,1.2884044914215695,1.2706042866693448,0.013815695979594755,7.657941107731658e-05,0.014750481147866602,0.9314351464734804,0.18363273453093812,0.02075172771501361,0.0015425433888684617,0.036477515079799766,0.5266034236192437,0.29740518962075846,0.012417301642921319,0.0009692601439502662,0.02563609672992977,0.4465594594829887,0.33532934131736525,0.0,0.038,0.16106276964234487,-0.23593286073735475,1.0
sleep,sleep::wired_sleep_12,wired_sleep_12,child,End,joint,17,3,1.0457646113655403,1.2384288441424873,1.1771446850922407,0.049485409953190285,-0.005347421624850902,0.018258464464340988,3.003145838749496,0.003992015968063872,0.09741144347008393,-0.0014546600828839243,0.04471267315183784,2.2111427607388334,0.00998003992015968,0.06774652845079676,0.00047610280978036966,0.030897395241123296,2.1772199603247437,0.011976047904191617,0.2,0.08677229437229436,0.10308059152529712,1.098438648364938,0.09780439121756487
sleep,sleep::wired_sleep_12,wired_sleep_12,child,End,expert,8,3,0.8985008992803875,1.1843589132292152,1.1759028655498158,0.0071397678397534525,-0.0011398544098027011,0.03342276787780754,0.24772401495370344,0.40119760479041916,-0.03245396695921235,-0.0007015370174073279,0.08074551845040119,-0.3932407711433458,0.6407185628742516,-0.031255571008569794,-0.0003371859088891398,0.05642684768618491,-0.5479374866310396,0.6986027944111777,0.0,0.0,0.0,,1.0
sleep,sleep::wired_sleep_12,wired_sleep_12,child,End,partner,9,3,1.1397944497705468,1.2672896567741334,1.2655740301317493,0.0013537762525034358,0.0019391295362065188,0.05564575926050039,-0.010519279303258432,0.3073852295409182,0.018883332169090578,0.0009840153670957576,0.14020435141267448,0.1276659149423284,0.41317365269461076,0.008725333992891104,0.0003056330155582376,0.09857336214448029,0.08541558078329517,0.46706586826347307,0.0,0.17889999999999998,0.2555655509551382,-0.7000160989279965,1.0
sleep,sleep::wired_sleep_12,wired_sleep_12,child,Middle,joint,17,3,1.1133822981999777,1.2511986080040702,1.1827745311730222,0.054686823013813224,-0.0017047056103759103,0.024571270537484556,2.2950188325899297,0.021956087824351298,0.10607480931363966,-0.0010701136735513954,0.05656520603048385,1.894184261071179,0.02594810379241517,0.07225650428742869,-0.0005054862636735682,0.039571805186593034,1.8387331638778535,0.027944111776447105,0.0,0.18044591519591519,0.14950400889487098,-1.2069637231119474,1.0
sleep,sleep::wired_sleep_12,wired_sleep_12,child,Middle,expert,9,3,1.1133822981999777,1.222992020829385,1.225417641586857,-0.0019833496181169696,-0.00031362209852692626,0.030107146767962948,-0.05545950708842336,0.4870259481037924,0.036445780249190304,-0.0025131807058761,0.07323336948145269,0.5319837286052128,0.31736526946107785,0.021738776573411833,-0.0017806485326558152,0.0511723326412648,0.4596121359357741,0.34930139720558884,0.0,0.06699999999999999,0.19855271262996826,-0.3374418768322959,1.0
sleep,sleep::wired_sleep_12,wired_sleep_12,child,Middle,partner,8,3,1.1869451216012685,1.282575134547778,1.2776862399956006,0.003811780238435092,0.0014453023145960977,0.04017393513118684,0.05890580338001064,0.32934131736526945,0.055042558036359934,0.003381952661691894,0.10008164902932139,0.5161845940361434,0.3193612774451098,0.03517265237580036,0.002159076653071142,0.07006408220263284,0.4711911536534571,0.3393213572854291,0.0,0.0,0.0,,1.0
sleep,sleep::wired_sleep_13,wired_sleep_13,teenager,Beginning,joint,13,3,1.1310817893990437,1.26258683971996,1.1492122593431524,0.08979547133720633,-0.0036129198571593973,0.024803173861091012,3.7659854225711173,0.001996007984031936,0.16214513348370962,-0.0017611481530985498,0.06259620368376341,2.618470002827395,0.003992015968063872,0.11662229601778351,-0.0008603965389984689,0.04388223690545533,2.6772266147211115,0.001996007984031936,0.0,0.04123809523809524,0.09790316373524187,-0.4212131014439414,1.0
sleep,sleep::wired_sleep_13,wired_sleep_13,teenager,End,joint,13,3,0.891290592286236,1.140520931523975,1.034590277764231,0.09287918426731412,-0.002223818357621153,0.027301155770222272,3.4834789935400963,0.001996007984031936,0.16458103954846132,8.328329372738208e-05,0.06397635038162693,2.5712275750880482,0.005988023952095809,0.11756935218438402,0.001764157624872405,0.04480927877385396,2.58440210885705,0.005988023952095809,0.0,0.05102857142857142,0.11512936771879771,-0.4432281045198492,1.0
sleep,sleep::wired_sleep_13,wired_sleep_13,teenager,Middle,joint,12,3,0.8209343550913744,1.129785366881016,1.1420045562934134,-0.01081549626202949,-0.02127075031160767,0.02738390427234616,0.38180289945493634,0.36327345309381237,0.016397115709869976,-0.007792180398277864,0.07197847744478202,0.3360629033408571,0.3532934131736527,0.015189688908142873,4.143388157541006e-06,0.05058514795222301,0.30019770890712577,0.36327345309381237,0.2857142857142857,0.16347619047619047,0.16298965566669607,0.7499745596620235,0.5169660678642715
sleep,sleep::wired_sleep_14,wired_sleep_14,undergraduate,End,joint,8,3,0.8556360411312219,1.0821205909039335,1.087586399263084,-0.005051015945075843,0.003989779892414805,0.027240081198748028,-0.3318931309905995,0.6127744510978044,-0.05753748769824344,0.0008491126400044331,0.06715654708934013,-0.869410398074437,0.8003992015968064,-0.043800142906488704,-0.000596266273982695,0.047363831798964695,-0.9121702149413169,0.8143712574850299,0.0,0.0,0.0,,1.0
sleep,sleep::wired_sleep_15,wired_sleep_15,graduate,Beginning,joint,8,3,1.1063810533409364,1.2280149347535478,1.0615174465856396,0.13558262481662964,0.04299510893405498,0.06154606579102538,1.5043612405210103,0.033932135728542916,0.22169352921361465,0.02365196300962766,0.18006696996636107,1.0998217287767091,0.1377245508982036,0.14284749457997736,0.006224408389598172,0.12691650605416258,1.076480045330544,0.1536926147704591,,,,,
sleep,sleep::wired_sleep_15,wired_sleep_15,graduate,End,joint,8,3,0.896244656605634,1.0786958086542608,1.0688235562933193,0.009152026254053758,-0.012404856065721625,0.023978721879223872,0.8990004733510476,0.19760479041916168,0.0337777871149076,-0.00768713264829197,0.060629948622340626,0.6839016147198379,0.24750499001996007,0.025272617204554204,-0.0020817357374801684,0.042850405006301544,0.6383685974032606,0.26746506986027946,0.0,0.05999999999999999,0.19097891478323875,-0.3141708081653938,1.0
time,time::wired_time_12,wired_time_12,child,Beginning,joint,10,3,1.079618271716507,1.1842322904461657,0.9570236491420387,0.19186154873257588,0.031211128901242016,0.06426255693190264,2.4999070609899783,0.003992015968063872,0.35929419854859185,0.009975425568808994,0.17174207926850954,2.03397312101737,0.003992015968063872,0.24375945105079477,-0.0012212675654059177,0.12090684344043046,2.0261939824514577,0.001996007984031936,0.0,0.16863333333333333,0.26732554499172234,-0.6308163828434541,1.0
time,time::wired_time_12,wired_time_12,child,End,joint,10,3,0.9393042911107464,1.1325090463092846,1.0500941975823364,0.07277191206156686,0.010051249586511244,0.03384272170508313,1.8532984144013174,0.02594810379241517,0.12807391523484649,0.010118491852797114,0.09049386914280412,1.3034631461708137,0.0998003992015968,0.08363875645200913,0.0049678225737728905,0.0636800559452459,1.2354093084635476,0.11177644710578842,0.0,0.14026666666666665,0.238810456642369,-0.5873556319048593,1.0
time,time::wired_time_12,wired_time_12,child,Middle,joint,9,3,0.9376544709944377,1.174236931361605,1.2245899743087776,-0.04288150168193483,-0.0548959963509473,0.021709289830826237,0.5534264253984217,0.29740518962075846,-0.0028145841308498893,-0.021854086225680348,0.058596856117573204,0.3249236112024193,0.37924151696606784,0.013121551161823897,-0.0004927580832816276,0.04073367551635571,0.33422737016793386,0.3812375249500998,0.0,0.269,0.26557496139553605,-1.0128966924685452,1.0
time,time::wired_time_15,wired_time_15,graduate,Beginning,joint,17,3,1.0763937117330218,1.2323653938769377,1.1539761549562906,0.06360876352916722,0.0025330770064568744,0.019916269974884222,3.066622746113151,0.001996007984031936,0.0778030836747966,-0.000581026583126371,0.04875169973849942,1.607823125724224,0.06187624750499002,0.05170343941026345,-0.0013096687784544747,0.03418592156035982,1.5507292408401565,0.0658682634730539,0.0,0.11686454656454658,0.12445968966822657,-0.9389750759950757,1.0
time,time::wired_time_15,wired_time_15,graduate,Beginning,expert,9,3,1.0562794379178266,1.2206510101878583,1.179623431246259,0.03361122761475055,-0.0015257635731691333,0.02059968576382608,1.7057052030192486,0.0499001996007984,0.07894586702893149,-0.002624553463352031,0.049098140028395965,1.6613749613550974,0.0499001996007984,0.05575829225505757,-0.0016564378967034157,0.0345129770266556,1.663569332411329,0.05389221556886228,0.0,0.1065,0.2339348935112879,-0.4552548719922414,1.0
time,time::wired_time_15,wired_time_15,graduate,Beginning,partner,8,3,1.1227364593808158,1.259332262066064,1.2569141336840028,0.0019201671035522505,0.0013733801533755085,0.02230626797599521,0.024512704266135617,0.47105788423153694,-0.011131804753170672,0.003865372064053678,0.05823130077754675,-0.25754493918169646,0.590818363273453,-0.0045395464044527545,0.0027291205164649214,0.04100245408038031,-0.17727394820486456,0.5409181636726547,0.0,0.06518817204301074,0.23972966533875342,-0.2719236768252926,1.0
time,time::wired_time_15,wired_time_15,graduate,End,joint,17,3,1.0718554487663337,1.2273089050353894,1.1733107313383528,0.043997214943600094,0.0006328064228229793,0.019265571649583854,2.2508757751662047,0.01996007984031936,0.06881696413844605,0.00034160344314707134,0.044827962085892854,1.527514468850857,0.06187624750499002,0.05471559740943621,-0.00018866268574328383,0.03133187098391223,1.7523454032914545,0.033932135728542916,0.2,0.14392874902874903,0.13161533997922925,0.42602367611632364,0.25149700598802394
time,time::wired_time_15,wired_time_15,graduate,End,expert,9,3,1.0530374411482535,1.200104050829697,1.0785867608053996,0.10125562857677706,-0.0013980427729829523,0.06228348156905665,1.6481684832589685,0.1377245508982036,0.2261309111147314,-0.003062863789467798,0.15093633088383335,1.5184798355844222,0.08183632734530938,0.1523161015991018,-0.0016928963084506287,0.10578904883500392,1.4558122944063496,0.07584830339321358,0.0,0.07983333333333333,0.198879277566069,-0.4014160465099848,1.0
time,time::wired_time_15,wired_time_15,graduate,End,partner,8,3,1.1700880920409933,1.2670977394414256,1.2013096254984552,0.051920315138413664,0.00038066142661809276,0.022868151189615916,2.2537743993576074,0.017964071856287425,0.0964487174708666,0.0010523468443293172,0.05743344520824211,1.6609898688934515,0.04590818363273453,0.0631386969786939,0.0006947091624510926,0.04034513328760404,1.5477452353696546,0.04790419161676647,0.0,0.15505464480874315,0.3321016899773268,-0.46688905684077975,1.0
time,time::wired_time_15,wired_time_15,graduate,Middle,joint,17,3,0.9712221575184824,1.1989564963926345,1.2246211708139667,-0.021405842913025497,-0.0037297425480501685,0.025451359346965213,-0.6945051588013904,0.7524950099800399,-0.09673639939926484,0.0012166656684088394,0.06080803389086529,-1.610857296315058,0.9421157684630739,-0.0641067152243271,0.0020372748221931395,0.042305024785847294,-1.563501980706746,0.9341317365269461,0.0,0.17036275946275947,0.14776159952990667,-1.1529569252414487,1.0
time,time::wired_time_15,wired_time_15,graduate,Middle,expert,8,3,0.9397010071503054,1.131739660535666,1.0179631422882696,0.1005324123690643,0.001488859280883211,0.07588854721474309,1.3051185814364832,0.18363273453093812,0.2666062693259833,-0.0017841722980858122,0.2003501970028598,1.3396065770788241,0.11377245508982035,0.18011680012741937,-0.0017824534411913454,0.14129640030794882,1.2873594314658399,0.10179640718562874,0.0,0.0,0.0,,1.0
time,time::wired_time_15,wired_time_15,graduate,Middle,partner,9,3,1.0683783216843161,1.241650352977731,1.262123940979559,-0.016489012347742138,-0.0006184357005744103,0.0328128849135045,-0.48366904309093584,0.6726546906187625,0.006110120587572448,-0.0010797620137387848,0.07861149383849958,0.09146095882724499,0.46706586826347307,0.006219692008441857,-0.0005687472620562489,0.05504897500257707,0.12331636093460979,0.4590818363273453,0.0,0.07466666666666666,0.19393612980795963,-0.38500647991997905,1.0
time,time::wired_time_16,wired_time_16,expert,Beginning,joint,8,3,0.9016229432653404,1.118081872661666,1.0666898717444606,0.04596443442452325,0.018801170090435235,0.03818970643572553,0.7112718810710064,0.2215568862275449,0.006020493631504422,0.009991633763853997,0.11281320819379119,-0.0352010211918442,0.49500998003992014,0.0015948797039064821,0.002667014177837789,0.07954844608824999,-0.013477755087030802,0.48902195608782434,0.0,0.05866666666666666,0.18905241327012953,-0.3103195862559034,1.0
time,time::wired_time_16,wired_time_16,expert,End,joint,8,3,1.0018456772576558,1.176380150296263,1.1544081094996217,0.01867767047166491,-0.009414258761648376,0.018951978699825713,1.4822689323501417,0.07984031936127745,0.011671481825000291,-0.0033008557040275347,0.04873546667430679,0.30721645960807437,0.37524950099800397,0.010453316679280733,0.0002516041147579038,0.03447027039161368,0.2959568477015723,0.3772455089820359,0.0,0.0,0.0,,1.0
zero,zero::wired_zero_14,wired_zero_14,undergraduate,Beginning,joint,12,3,0.9994817745334821,1.2170768740648452,1.1996488421853617,0.014319581820067429,-0.0205208902663691,0.02566263805988222,1.35763408286936,0.11177644710578842,-0.0028711343468420243,-0.008311775819494643,0.06500277346187949,0.08369860519633444,0.47105788423153694,-0.0003798774203987998,-0.0008479891448311776,0.045595905654709,0.010266529805928588,0.5069860279441117,0.0,0.15095238095238098,0.15610474698929325,-0.9669941745124147,1.0
zero,zero::wired_zero_14,wired_zero_14,undergraduate,End,joint,12,3,0.8712883804517648,1.1158982446462855,1.0869867172757608,0.025908748857015218,-0.007960805433878233,0.021847787024212157,1.550251027866508,0.05389221556886228,-0.03306268777439398,-0.0031223745256464585,0.05151844456558813,-0.5811571661607623,0.7225548902195609,-0.02027260688404875,8.86666476534148e-06,0.03610225526843223,-0.5617785758262086,0.718562874251497,0.4,0.03876190476190476,0.10780066541318606,3.3509820542713364,0.021956087824351298
zero,zero::wired_zero_14,wired_zero_14,undergraduate,Middle,joint,11,3,0.8860380019239267,1.1758275641956935,1.1380301025810569,0.03214541210427513,-0.03465263456483302,0.028706260272038413,2.3269504991624905,0.00998003992015968,0.09235550451096623,-0.014280220072962861,0.0781194721164247,1.3650338602519667,0.09580838323353294,0.0674522228927884,-0.0014748420053100919,0.053877693261860524,1.2793247209581498,0.10379241516966067,0.4,0.1938666666666667,0.1983851080094916,1.0390564866566043,0.23552894211576847
zero,zero::wired_zero_15,wired_zero_15,graduate,Beginning,joint,11,3,1.0177244970092971,1.197099942335501,1.1126932938450724,0.07050927454373956,0.020336758286760768,0.03265023837839455,1.5366661546391394,0.08183632734530938,0.06711016712487827,0.007117563700250911,0.08523991468237187,0.7038088159540848,0.2435129740518962,0.04365291632706403,-0.0006179102745504724,0.05995434969158656,0.7384089199424184,0.22954091816367264,0.0,0.1383333333333333,0.22168034020940966,-0.6240216575031288,1.0
zero,zero::wired_zero_15,wired_zero_15,graduate,End,joint,12,3,0.9731373676918065,1.1562364156056506,1.1916787812843899,-0.030653216937622574,-0.005131412059282401,0.028477512324575474,-0.8962090714755099,0.7944111776447106,-0.13699502985856257,-0.004252167528325727,0.07473500658952557,-1.7761805128259844,0.9660678642714571,-0.0939321012021973,-0.002247418609797026,0.05218046510270565,-1.7570690949561174,0.9580838323353293,0.2857142857142857,0.13543333333333335,0.19134547435863827,0.7853906808335649,0.35728542914171657
zero,zero::wired_zero_15,wired_zero_15,graduate,Middle,joint,11,3,0.9342987801686102,1.1739711360573433,1.234812381779751,-0.05182516320353203,-0.06509423013848625,0.02055808423382253,0.6454427749217854,0.29141716566866266,-0.008267486763638211,-0.02531462607503586,0.05426153065440701,0.31416620773142734,0.3932135728542914,0.004293374722099008,-0.0007340864544196075,0.037890440497583076,0.13268415754731866,0.4590818363273453,0.0,0.0,0.0,,1.0
zero,zero::wired_zero_16,wired_zero_16,expert,Beginning,joint,16,3,0.9158226180497657,1.1654444200846608,1.1449348521568201,0.017598066089115405,-0.030333815047739215,0.02189084284076059,2.1895859143260488,0.017964071856287425,0.05599094859107851,-0.009719300252141808,0.05212900894067467,1.2605313275378354,0.11976047904191617,0.05063665147488161,0.0004710611403142695,0.03605535623744726,1.3913491799719102,0.08982035928143713,0.0,0.1472151515151515,0.1253641009373223,-1.1743007002359787,1.0
zero,zero::wired_zero_16,wired_zero_16,expert,Beginning,expert,8,3,0.7618610687827907,1.0846132195913998,1.1588820274829488,-0.06847492410200196,0.003099694993448416,0.07431153515340941,-0.9631697010119772,0.8023952095808383,-0.37073195525422353,0.002900496484524509,0.18387919239981332,-2.0319452509142484,0.9820359281437125,-0.27494760202026336,0.0018997526621634612,0.12912557301553682,-2.144016465654837,0.9780439121756487,0.0,0.0,0.0,,1.0
zero,zero::wired_zero_16,wired_zero_16,expert,Beginning,partner,8,3,0.9260896927344501,1.1649681136136443,0.9543449302067041,0.18079738058546746,-0.0028879518583582956,0.08244677383303302,2.2279262596231586,0.021956087824351298,0.3115289186460524,-0.005605098936390407,0.20606404982835938,1.5390070118810095,0.07584830339321358,0.21058423826960415,-0.00436611418469179,0.14460684257536568,1.4864466205481865,0.06387225548902195,0.0,0.1097560975609756,0.2685349255542849,-0.40872187233905327,1.0
zero,zero::wired_zero_16,wired_zero_16,expert,End,joint,17,3,1.0330375034233201,1.188507806153587,1.1772493561672404,0.00947276065672864,-0.009524732054580083,0.02004702788184081,0.9476463455471729,0.16966067864271456,-0.021547086824166634,-0.0054379210039166405,0.04953683294703191,-0.3251957152261831,0.6287425149700598,-0.02088281436135364,-0.0023139996874656666,0.034450637095150845,-0.5389977149798968,0.6966067864271457,0.0,0.08438934398934399,0.10686996846546,-0.7896450724285404,1.0
zero,zero::wired_zero_16,wired_zero_16,expert,End,expert,9,3,0.9882702695703277,1.1330471651459202,1.123483571488115,0.008440596254061017,0.0008836742326789162,0.018163563398435025,0.4160484292434163,0.35528942115768464,-0.023605873737816866,0.0020276758180351913,0.04385415849510595,-0.5845181035388632,0.7145708582834331,-0.018600346116099842,0.0012856761534230916,0.030618871822087765,-0.6494694639656059,0.7385229540918163,0.0,0.06566666666666665,0.1984382914435166,-0.3309173153476681,1.0
zero,zero::wired_zero_16,wired_zero_16,expert,End,partner,8,3,1.085676727104131,1.2306830239247812,1.342582229136456,-0.09092447286289529,0.00041139567477316795,0.06799510796565865,-1.3432711745056454,0.9700598802395209,-0.022651054792889716,-0.005390867635803719,0.17927713104031856,-0.09627656944824861,0.562874251497006,0.020129832029522454,-0.004435272920978725,0.1272201571855803,0.1930912953885699,0.46706586826347307,0.0,0.0962962962962963,0.2526017959485626,-0.3812177816657533,1.0
zero,zero::wired_zero_16,wired_zero_16,expert,Middle,joint,16,3,0.9958882552981239,1.1820985471942997,1.1928293035737105,-0.009077717255367768,-0.02335162320269951,0.018194093152263124,0.7845351690725098,0.1936127744510978,0.06205972368047668,-0.009789013796409446,0.044134534147572735,1.6279482465283388,0.04790419161676647,0.05099798402136524,-0.0016604208600687718,0.030452832387211918,1.729179217613495,0.043912175648702596,0.2222222222222222,0.15663636363636363,0.13612510260121297,0.48180576052894863,0.17964071856287425
zero,zero::wired_zero_16,wired_zero_16,expert,Middle,expert,8,3,1.0421787415649657,1.197754084841555,1.2266788682383125,-0.024149183678704667,0.0003311507108594853,0.028981067015487364,-0.8447009344577258,0.7844311377245509,0.015445461312498363,0.0020698886193394736,0.0730647064013953,0.18306475659640042,0.4091816367265469,0.018020898659587115,0.0016142338904653075,0.05143200181822408,0.3189972038636143,0.36926147704590817,0.0,0.0,0.0,,1.0
zero,zero::wired_zero_16,wired_zero_16,expert,Middle,partner,8,3,0.66394456261195,1.1071906128452496,1.0613337650680938,0.041417301813382545,-0.009275275780017621,0.11856422548448864,0.4275537362661902,0.36327345309381237,-0.05310390216409267,-0.0020046460343239466,0.28648927870683605,-0.17836358959198087,0.500998003992016,-0.0388076222781899,0.001059270454787711,0.20133741252537757,-0.19801035601345374,0.5608782435129741,0.0,0.0,0.0,,1.0
