video_uid,conversation_uid,conversation_id,level_label,trajectory_type,n_turns,maximum_lag,recurrence_threshold,mean_pairwise_distance,mean_adjacent_distance,temporal_locality_observed,temporal_locality_null_mean,temporal_locality_null_sd,temporal_locality_z,temporal_locality_p_perm,lag_growth_slope_observed,lag_growth_slope_null_mean,lag_growth_slope_null_sd,lag_growth_slope_z,lag_growth_slope_p_perm,lag_contrast_observed,lag_contrast_null_mean,lag_contrast_null_sd,lag_contrast_z,lag_contrast_p_perm,recurrence_determinism_observed,recurrence_determinism_null_mean,recurrence_determinism_null_sd,recurrence_determinism_z,recurrence_determinism_p_perm
astro,astro::wired_astro_12,wired_astro_12,child,joint,23,6,0.980034136304394,1.2037163709606875,1.0850902304147392,0.0985499104338613,-0.0005286108008965456,0.01916142022120814,5.170729522705018,0.001996007984031936,0.07442326035095159,-0.00031733773546931474,0.02128121033982194,3.512046396466671,0.003992015968063872,0.0988571505165402,-0.0016380544308285398,0.029244483693135967,3.436381575474905,0.001996007984031936,0.18181818181818182,0.09781601036644515,0.07722073425425162,1.0878188644924947,0.12974051896207583
astro,astro::wired_astro_12,wired_astro_12,child,expert,11,6,0.8979227700759019,1.1011338796370713,1.0060156088244896,0.08638211263096574,-0.0020606795930623654,0.03122437824323111,2.8324917003976187,0.003992015968063872,0.12018474718976212,-0.002302035093632459,0.03745874586487759,3.269911457399906,0.001996007984031936,0.13033685761469316,-0.005596614750840311,0.0624187918079663,2.1777651958361797,0.005988023952095809,0.0,0.17223333333333335,0.23044932777996419,-0.7473804978844799,1.0
astro,astro::wired_astro_12,wired_astro_12,child,partner,12,6,1.1322196755557372,1.2914622966766347,1.2763228854429072,0.011722689290029065,0.0007733441155142757,0.023013028569295227,0.47578897064959896,0.32335329341317365,0.011308421947976814,0.001797859632933267,0.02807872122614583,0.3387106641518872,0.3393213572854291,0.02404136288476222,-7.867740773776543e-05,0.042648801657426905,0.5655502465518794,0.2694610778443114,0.3333333333333333,0.07836666666666667,0.17338913790038646,1.4704881156577825,0.18562874251497005
astro,astro::wired_astro_13,wired_astro_13,teenager,joint,13,6,0.9666361561905971,1.1760681978159313,1.1656476875376034,0.008860464297631543,-0.009480692393223624,0.020348724213149778,0.9013418482030792,0.1936127744510978,0.02558634162355299,-0.007837181851671099,0.027446782483760868,1.217757436413518,0.12375249500998003,0.029008335370170446,-0.020639743222595895,0.03904923876189317,1.2714224442504682,0.1217564870259481,0.0,0.01257142857142857,0.058657286613967866,-0.21431998132070054,1.0
astro,astro::wired_astro_14,wired_astro_14,undergraduate,joint,17,6,0.8458299286751271,1.1429119609616762,0.9790151647774674,0.14340281822433787,0.006788607850551406,0.03185915190187937,4.288068018713568,0.001996007984031936,0.10264741407610514,0.003115760584832314,0.03050865245179095,3.2624073989682234,0.005988023952095809,0.1461666440322591,0.012140302707186955,0.04083672965225528,3.282004765473924,0.003992015968063872,0.0,0.12666832056832059,0.12582658532320465,-1.0066896454588974,1.0
astro,astro::wired_astro_15,wired_astro_15,graduate,joint,29,6,0.9762454821238645,1.1773173029519162,1.0598967329868756,0.09973570393523401,0.005820483353234229,0.015686962957747016,5.9868325586642435,0.001996007984031936,0.0731974135017646,0.004760224354656259,0.016343585703158005,4.18740357165836,0.001996007984031936,0.11231287840152948,0.01323634683500866,0.022512106223724942,4.401033407620766,0.001996007984031936,0.36363636363636365,0.15933223683044723,0.09468328309472472,2.157763441742117,0.029940119760479042
astro,astro::wired_astro_15,wired_astro_15,graduate,expert,14,6,1.000175363599793,1.186933744375824,1.1106740180578056,0.06424935400090204,-0.0009050121034151852,0.01874545333969646,3.475742353285346,0.003992015968063872,0.056070368269325974,-0.00030845331057468303,0.022300689589156326,2.5281200993584867,0.017964071856287425,0.05547182875819001,-0.0015180130266319058,0.03235036860625689,1.7616442791875795,0.03592814371257485,0.2857142857142857,0.10008650793650793,0.15349218220048721,1.2093630771065327,0.10379241516966067
astro,astro::wired_astro_15,wired_astro_15,graduate,partner,15,6,0.9791470196809792,1.1839447947606647,1.162752405221114,0.017899812249130065,-0.0007367940993973903,0.01780215430590897,1.0468736551924793,0.1536926147704591,0.01639745749506101,-0.000817086860151771,0.02081371176628525,0.8270770993906756,0.20159680638722555,0.02417226743635692,-0.002157416388931785,0.02941369987630417,0.8951503529312895,0.18962075848303392,0.2,0.09656154401154401,0.1383753014487409,0.7475210887021861,0.3413173652694611
astro,astro::wired_astro_16,wired_astro_16,expert,joint,14,6,0.8926714496321831,1.0544150024628047,0.923312696506522,0.12433653319619509,0.014671261137305427,0.023809861075264862,4.605876183495108,0.001996007984031936,0.10196768472627536,0.011262554171369706,0.027825153680768752,3.259824962533672,0.003992015968063872,0.15213601283209754,0.03144989727103798,0.035887465334112,3.3629044134901376,0.003992015968063872,0.0,0.1900214285714286,0.1913875340488606,-0.9928620979196939,1.0
dimension,dimension::wired_dimension_12,wired_dimension_12,child,joint,50,6,0.9946282332526324,1.2033250672038873,1.1364457354720638,0.05557877381149223,-0.012446633909584367,0.012005864452510083,5.666014970446749,0.001996007984031936,0.03161134094873231,-0.00976199757486292,0.016862604054198076,2.4535557136144117,0.015968063872255488,0.013567327187034128,-0.026051121073613452,0.02718873615374974,1.4571640269194195,0.05788423153692615,0.25892857142857145,0.18532835125720323,0.058710869927465326,1.253604660641173,0.1277445109780439
dimension,dimension::wired_dimension_12,wired_dimension_12,child,expert,25,6,0.9822569045436118,1.1730026070464246,1.0942122809379065,0.067169779193338,-7.2821252548106e-05,0.01617995295035508,4.155920641562213,0.001996007984031936,0.0624240850682629,0.0007280052714760634,0.017487864958619224,3.527936654518753,0.001996007984031936,0.08611961530484813,0.00031320469218627345,0.026915382646208994,3.1880063434560757,0.001996007984031936,0.15384615384615385,0.14790115082873706,0.10133534040038902,0.058666630949551456,0.37325349301397204
dimension,dimension::wired_dimension_12,wired_dimension_12,child,partner,25,6,0.9668777851172387,1.203163784626714,1.2268487273133641,-0.01968555153444762,0.0005689098184770884,0.041865005520953895,-0.48380410084472886,0.6666666666666666,-0.05831310281922243,0.0004789343930263098,0.042846618172120494,-1.3721511689924606,0.9221556886227545,-0.052935327135179566,0.0025682625938303204,0.06507355857261143,-0.8529361379104075,0.810379241516966,0.06060606060606061,0.17392361195615877,0.10786698249016853,-1.0505304657097125,0.9321357285429142
dimension,dimension::wired_dimension_13,wired_dimension_13,teenager,joint,42,6,0.9230404747501466,1.1929750745220253,1.209520408611296,-0.013868968801296733,-0.03012586855591555,0.012066259006927342,1.347302402947392,0.08383233532934131,-0.011977666914771656,-0.021880789396083948,0.01741733833876018,0.5685784066830746,0.29141716566866266,-0.07556163953904682,-0.06229454412515665,0.027539399681703308,-0.48174962298486834,0.716566866267465,0.15294117647058825,0.17683837020096474,0.07300640244026158,-0.3273301098479778,0.6127744510978044
dimension,dimension::wired_dimension_13,wired_dimension_13,teenager,expert,21,6,0.955279229677914,1.187386180483823,1.0922695415810342,0.08010590022534358,-0.001161035097405638,0.02180204344392648,3.7274916698410774,0.001996007984031936,0.08616501886122557,-0.0008495977214196016,0.023925032840620527,3.6369695775259103,0.001996007984031936,0.10692390593004408,-0.0009343856086719464,0.03396435184046196,3.1756322642442925,0.001996007984031936,0.125,0.11615627303553,0.11985490085402306,0.07378694489298517,0.2994011976047904
dimension,dimension::wired_dimension_13,wired_dimension_13,teenager,partner,21,6,0.8138271258594388,1.1206074492097717,1.05079432655673,0.06229935621280436,-0.004122756918657697,0.03938954260681519,1.6862880027444056,0.06187624750499002,0.05506133442992896,-0.003220924307871187,0.04475955971910094,1.3021186781899565,0.10778443113772455,0.07611827307267627,-0.006038743203171884,0.0651690909332677,1.2606745789959823,0.10379241516966067,0.3684210526315789,0.13046196750109795,0.11957275553236545,1.9900777904718538,0.0658682634730539
dimension,dimension::wired_dimension_14,wired_dimension_14,undergraduate,joint,45,6,0.9720682586655723,1.1971754563644492,1.1998173731798718,-0.0022067916623060846,-0.04922424144780368,0.00862718627198587,5.44991707646006,0.001996007984031936,-0.01871877200535603,-0.036503134885497335,0.01573257325820468,1.1304166577369408,0.1157684630738523,-0.08016068054672043,-0.10152284895113312,0.02626859437175752,0.8132208409057493,0.20958083832335328,0.3917525773195876,0.2929978235967927,0.07665719009654949,1.288264722440434,0.09181636726546906
dimension,dimension::wired_dimension_14,wired_dimension_14,undergraduate,expert,23,6,0.8853800135987705,1.1349522545789692,1.0768624542011733,0.05118259393153535,0.0014579612259707933,0.017537059238569422,2.8354031328242706,0.005988023952095809,0.04893589710309273,-0.00019266740997672332,0.0204751100450412,2.399428594278434,0.017964071856287425,0.04871212549280168,0.0006477975816658092,0.02973106642121618,1.6166365252487889,0.059880239520958084,0.19047619047619047,0.1499845371485875,0.11071651074726248,0.36572371233803663,0.281437125748503
dimension,dimension::wired_dimension_14,wired_dimension_14,undergraduate,partner,22,6,0.8984145073338106,1.135076502955452,1.0958306107107934,0.03457554811721697,-0.0007800437771440734,0.048146906784424015,0.7343273795898123,0.23353293413173654,0.0037034206449769115,0.001701045563506291,0.05107366709099268,0.03920562582481488,0.4530938123752495,-0.026421499707518614,0.0028631335816816646,0.0731437188630813,-0.40037112884591736,0.6666666666666666,0.08,0.1772091077038903,0.11090875448760835,-0.8764782198933747,0.7724550898203593
dimension,dimension::wired_dimension_15,wired_dimension_15,graduate,joint,36,6,0.9688310518353589,1.1934673551721364,1.1765896517992638,0.014141738607034049,-0.005643619229909257,0.02101150742265258,0.9416439020273549,0.18762475049900199,0.005863408673831843,-0.0045027716121488195,0.02234539793492058,0.46390672102467995,0.3153692614770459,-0.027399509103469222,-0.01050274023164216,0.03203515326626781,-0.527444608470749,0.7045908183632734,0.3333333333333333,0.13763009187136607,0.06669726762751942,2.934201781021982,0.005988023952095809
dimension,dimension::wired_dimension_15,wired_dimension_15,graduate,expert,18,6,0.8832015496148613,1.1420564364583465,1.1072753281535208,0.030454806955675595,-0.00023841355876977444,0.022815153298810495,1.3452997712728763,0.09181636726546906,0.015262383990113716,-0.0006324485296954242,0.026607357430391332,0.5973848609878792,0.25748502994011974,0.012629993201875411,-0.0006446908388356866,0.038140863266966446,0.34804361788549804,0.3473053892215569,0.14285714285714285,0.12528444888444887,0.1300227042176198,0.13515096519821995,0.437125748502994
dimension,dimension::wired_dimension_15,wired_dimension_15,graduate,partner,18,6,1.046480921455752,1.2315987984903396,1.2283584629822744,0.0026309992442645758,0.000854051949846556,0.03877675696488589,0.045825062060427746,0.4091816367265469,0.019314191919428306,0.002043036526988978,0.0449543733211133,0.38419299650936845,0.36926147704590817,0.022897813166031122,0.004412660823427864,0.0641021870934601,0.2883700725476365,0.39520958083832336,0.14285714285714285,0.14043899433899432,0.12666743141639508,0.01909053093686987,0.5149700598802395
dimension,dimension::wired_dimension_16,wired_dimension_16,expert,joint,50,6,1.0585524732279747,1.2439818260186577,1.1810455218967288,0.050592623465694375,-0.002803414559419442,0.01015038700249931,5.260492827708561,0.001996007984031936,0.03210001949257264,-0.0021148282563204016,0.012493860404303501,2.7385328986954076,0.007984031936127744,0.0323373834661389,-0.005120605941357375,0.0184446057959024,2.030837081691268,0.013972055888223553,0.2072072072072072,0.1801970204718204,0.05490218486370981,0.49196925044854556,0.2694610778443114
dimension,dimension::wired_dimension_16,wired_dimension_16,expert,expert,25,6,1.0646933529507872,1.2342557823653013,1.1695953441007108,0.052388199584268214,-0.0008463667531646632,0.015697995341132212,3.391169711838719,0.001996007984031936,0.058767083665008664,-0.0006474037916797972,0.01721612837305961,3.4510945881225124,0.001996007984031936,0.08468220378568614,-0.0013205371137304414,0.025104879239151532,3.425738083826099,0.001996007984031936,0.125,0.14501507417231554,0.10223641206323465,-0.19577246274972895,0.5748502994011976
dimension,dimension::wired_dimension_16,wired_dimension_16,expert,partner,25,6,1.041281159229234,1.2475285141244612,1.2552402387078156,-0.0061816018600318046,0.0006141271216886055,0.0214483707237799,-0.3168412682360976,0.6207584830339321,-0.002950119240410015,0.00016310032954314514,0.023089975607199803,-0.1348299202612588,0.5149700598802395,0.023966162411755088,0.00028181553525035975,0.033907353800455634,0.6985017768088546,0.26147704590818366,0.07407407407407407,0.15798202205424092,0.0992306383205449,-0.8455850874315537,0.7924151696606786
fractal,fractal::wired_fractal_12,wired_fractal_12,child,joint,30,6,0.8917037240112736,1.1920360539195904,1.1846213735027464,0.006220181338025377,-0.047274386317384974,0.020710775720571537,2.5829340425079024,0.005988023952095809,0.02132411218466999,-0.03402253646290538,0.03299352765443857,1.6775001820737308,0.041916167664670656,-0.054195451564472696,-0.09502534781844924,0.05259068360079555,0.7763712783029673,0.2375249500998004,0.225,0.15937174428338563,0.08700131636351521,0.7543363532846059,0.21756487025948104
fractal,fractal::wired_fractal_12,wired_fractal_12,child,expert,15,6,0.9220085612456435,1.1695024092729247,1.0886703225189123,0.06911664833958353,-0.00012890047632182732,0.03441244107591495,2.012224261078935,0.029940119760479042,0.06524494665243141,8.566169536513263e-05,0.040518383746028376,1.608141266578858,0.05788423153692615,0.09679702671886381,-0.001361563513744415,0.06091475200955714,1.61140917420476,0.043912175648702596,0.0,0.13152619047619046,0.14935281171880413,-0.8806408728603184,1.0
fractal,fractal::wired_fractal_12,wired_fractal_12,child,partner,15,6,0.0,1.0934481014801851,0.955216441007793,0.1264181265533041,-0.0015202260431321354,0.07963800353926817,1.606498743195539,0.06387225548902195,0.16558088909099686,0.0027850479855657372,0.09278853428496855,1.7544823006413577,0.06986027944111776,0.26154702066321434,0.0067054158949986994,0.13810234306305957,1.8453097834252616,0.031936127744510975,0.3333333333333333,0.1384335664335664,0.16854335704653106,1.1563776248147202,0.2055888223552894
fractal,fractal::wired_fractal_13,wired_fractal_13,teenager,joint,13,6,0.9252818953712256,1.139837876974421,1.0435389369882315,0.08448476922157111,-0.001441444169357179,0.023148830684046526,3.7119029709844495,0.001996007984031936,0.08299542339182121,-0.002636109139717912,0.029491630995310516,2.9035875481134106,0.003992015968063872,0.08654497957868346,-0.0020548728412782503,0.037913280163772406,2.3369081239407574,0.00998003992015968,0.0,0.0,0.0,,1.0
fractal,fractal::wired_fractal_14,wired_fractal_14,undergraduate,joint,16,6,0.9692155131576801,1.2262330281864966,1.178071667356561,0.03927586333338495,-0.009554394901482166,0.017821474173303407,2.7399673988819013,0.001996007984031936,0.034815815144824847,-0.006466012955680201,0.02264855981053998,1.8227131634786635,0.04590818363273453,0.018690262390737233,-0.019861303628768583,0.031721016117175926,1.2153320018847493,0.1217564870259481,0.0,0.10026363636363637,0.1168990832352149,-0.8576939492493194,1.0
fractal,fractal::wired_fractal_15,wired_fractal_15,graduate,joint,27,6,0.9931266249238818,1.2527193034585453,1.1280607230951551,0.09951038514312738,-0.003276583839862388,0.02031694773304971,5.059173766332309,0.001996007984031936,0.0687557884704397,-0.001800277378510717,0.02075679440605896,3.399179298531517,0.003992015968063872,0.08676302481915865,-0.00542022966426852,0.0296392803637526,3.110171817672159,0.001996007984031936,0.13333333333333333,0.11411575774004616,0.06440054490297693,0.2984070340125155,0.3193612774451098
fractal,fractal::wired_fractal_15,wired_fractal_15,graduate,expert,14,6,0.9140078202549662,1.1926401115102283,1.062530724136097,0.1090935866724917,0.0005277988199494539,0.02812088223417037,3.860682141779368,0.001996007984031936,0.1290650143385191,0.0019615841488609376,0.03407145034092903,3.7304966157244137,0.001996007984031936,0.15012918988462964,0.0038695132316203334,0.050419132451863816,2.9008765034314394,0.003992015968063872,0.0,0.1736373015873016,0.1764843850874211,-0.9838677880838624,1.0
fractal,fractal::wired_fractal_15,wired_fractal_15,graduate,partner,13,6,1.1583665556400764,1.3111718829046612,1.28391418162603,0.02078880857195231,-0.0016913727809543901,0.0244738305850052,0.9185395508408896,0.19560878243512975,0.04021521241519657,-0.002436597790012697,0.02861944834969681,1.4903086070721248,0.0658682634730539,0.06282719759425937,-0.0019201154493569482,0.04359369557257493,1.4852448775723723,0.05588822355289421,0.3333333333333333,0.15953333333333333,0.1912406376091399,0.9088026591671101,0.1996007984031936
fractal,fractal::wired_fractal_16,wired_fractal_16,expert,joint,30,6,1.0014464153069063,1.1790548334062678,1.138258937914297,0.03460050740313081,-0.0007815720176234384,0.012590485719361,2.8102235457322755,0.007984031936127744,0.036057146992634334,-0.00048576861721852594,0.0138258463855563,2.6430870552727113,0.007984031936127744,0.041681550401752254,-0.0011363106654828387,0.018905909236223283,2.264787190726435,0.015968063872255488,0.2564102564102564,0.1697042930761383,0.08587382476758833,1.009690246926603,0.1497005988023952
fractal,fractal::wired_fractal_16,wired_fractal_16,expert,expert,15,6,0.9750516559177705,1.1962749084315676,1.1617119102776494,0.02889218682955874,0.001252750324629742,0.022652953915259403,1.2201250489593156,0.1217564870259481,0.01852648879127247,0.0009026752174666976,0.028498997279913982,0.618401180950566,0.23552894211576847,0.04762063651127291,0.0010370689111661592,0.0401383534001159,1.1605749527326708,0.12974051896207583,0.0,0.12582655122655123,0.1525162664866333,-0.8250041397228853,1.0
fractal,fractal::wired_fractal_16,wired_fractal_16,expert,partner,15,6,1.0356491351229258,1.1620976876286047,1.121954879368138,0.034543402579504945,0.0003130785787864183,0.01591651890871117,2.1506162369451367,0.013972055888223553,0.02508948128007886,0.0020008021252649125,0.01901733706971883,1.2140858139164965,0.13572854291417166,0.03169652918929522,0.0025878321334400723,0.028032597204729233,1.038387447415838,0.15169660678642716,0.25,0.12840079365079365,0.14534424391495882,0.8366289787186499,0.1656686626746507
gravity,gravity::wired_gravity_12,wired_gravity_12,child,joint,45,6,1.0482433101388586,1.2427904613665315,1.2329273825521658,0.007936236333452862,-0.029506917457419644,0.009548599536947405,3.9213241319828898,0.001996007984031936,0.01951916553327846,-0.021665441335440783,0.013630141852796129,3.021583143705178,0.003992015968063872,-0.007483951027647318,-0.060184279447338854,0.02138168657413166,2.464741414900839,0.001996007984031936,0.22580645161290322,0.15917654035331502,0.058102029454903774,1.1467742501370524,0.1317365269461078
gravity,gravity::wired_gravity_12,wired_gravity_12,child,expert,23,6,1.096950562135444,1.254109094802159,1.1664254692411076,0.06991706377417173,-0.000968345617805976,0.014488774210229144,4.892436610816412,0.001996007984031936,0.06020681378325386,-0.0016433605937866019,0.015899971148812232,3.8899551325073207,0.001996007984031936,0.07157452911141804,-0.0019237202175882895,0.02366990539518009,3.10513490028451,0.001996007984031936,0.0,0.14631559208907036,0.12065414599682138,-1.2126859867121766,1.0
gravity,gravity::wired_gravity_12,wired_gravity_12,child,partner,22,6,0.8806061547521538,1.151340665749316,1.118244397349463,0.028745852017928453,-0.0012422861436307852,0.03067744699526264,0.9775304368121035,0.18762475049900199,0.01428087195489797,-0.001113673824386531,0.03443656673357815,0.447040667508637,0.3073852295409182,0.07499164482137788,-0.002572505471193157,0.05137834720150309,1.5096661242987954,0.06387225548902195,0.0,0.12619103093702633,0.10544252797179085,-1.1967754696737387,1.0
gravity,gravity::wired_gravity_13,wired_gravity_13,teenager,joint,37,6,1.0316360994322702,1.2174607899313414,1.1405079630335444,0.06320764293537273,-0.00970930595987195,0.011706427137713,6.228796202074166,0.001996007984031936,0.044365415171949994,-0.007019067239176507,0.014866007516031683,3.456508572036766,0.001996007984031936,0.041347341139643556,-0.019430810758689875,0.0219269028757919,2.77185301739238,0.001996007984031936,0.24561403508771928,0.14320083651947443,0.05597220067269746,1.8297154183219515,0.05189620758483034
gravity,gravity::wired_gravity_13,wired_gravity_13,teenager,expert,19,6,0.9568275084675966,1.1672479680192975,0.9946178449006619,0.1478949870536692,-0.0007346278400959356,0.02260374531166788,6.575441938688084,0.001996007984031936,0.14823406780079246,-0.00045267896539793193,0.024664425038743575,6.02838892585694,0.001996007984031936,0.18476042449117847,-0.000330055864266825,0.03732627600767572,4.9587180976045815,0.001996007984031936,0.4,0.1538429702650291,0.12573850554238908,1.9576901178612007,0.05189620758483034
gravity,gravity::wired_gravity_13,wired_gravity_13,teenager,partner,18,6,1.113909903852431,1.2480677511865854,1.236141757264664,0.009555566122578574,0.0032963766271760127,0.028556671435926887,0.21918484125316973,0.3193612774451098,-0.022909505218575113,0.0037502378239020365,0.03135439129648219,-0.8502714273859383,0.810379241516966,-0.08409271158523846,0.004298237475839823,0.045461650664172334,-1.9442969573196316,0.9580838323353293,0.38461538461538464,0.15915631035631037,0.1269548167075456,1.7759001202643936,0.06786427145708583
gravity,gravity::wired_gravity_14,wired_gravity_14,undergraduate,joint,32,6,1.0001029906170047,1.201534015040999,1.1155308747873707,0.071577782382377,-0.02657131358715054,0.017244897694722035,5.691486125752256,0.001996007984031936,0.037044099360399485,-0.020603025797270375,0.023624295409750883,2.440162728996189,0.007984031936127744,-0.0006986907005099852,-0.054710842505943,0.03880406944175773,1.391919780127741,0.08782435129740519,0.0,0.2218482003310112,0.08697902510213966,-2.550594238904085,1.0
gravity,gravity::wired_gravity_14,wired_gravity_14,undergraduate,expert,16,6,0.956098899078712,1.190613280270386,1.0621669310353081,0.10788251010093541,-8.235325043673769e-05,0.026346336591637924,4.09790799475473,0.001996007984031936,0.08053050939679693,9.986359791657762e-05,0.031430872568792324,2.5589695488995057,0.00998003992015968,0.09965719059770428,0.0016986894711261131,0.04819792292247464,2.0324216312006302,0.017964071856287425,0.0,0.12722929292929294,0.13761285094536724,-0.9245451428064912,1.0
gravity,gravity::wired_gravity_14,wired_gravity_14,undergraduate,partner,16,6,0.8138271258594388,1.1486582723458563,1.0968785763380757,0.045078416491993734,-0.0039632061879349405,0.056353078391148774,0.8702563210394467,0.1936127744510978,0.08529584295718619,-0.0022731163032229944,0.06750446359725547,1.2972321324240472,0.13373253493013973,0.14165762959281936,-0.0067149908060635,0.10255875354650973,1.4467084989639314,0.07584830339321358,0.11764705882352941,0.16054962651727356,0.15682795629485413,-0.2735645398138232,0.6427145708582834
gravity,gravity::wired_gravity_15,wired_gravity_15,graduate,joint,32,6,0.9410758137132609,1.149968356450725,1.0700048892790779,0.06953536305855168,-0.003971255776720977,0.015180708870001941,4.842107141684699,0.001996007984031936,0.06072602810276851,-0.003149099722177924,0.01720760680780165,3.7120285544871057,0.001996007984031936,0.0765568237147386,-0.009338813089446521,0.025789211880634735,3.3306809530183683,0.001996007984031936,0.09523809523809523,0.170592591808689,0.08517762625318391,-0.8846747659603514,0.7724550898203593
gravity,gravity::wired_gravity_15,wired_gravity_15,graduate,expert,16,6,0.9104970870423383,1.1041933258803298,1.0200934440242744,0.07616409181698858,0.0006715652169693551,0.02260464538062222,3.339690817035998,0.001996007984031936,0.08181876369143506,0.0007681252722653715,0.02459808939827125,3.2949973108426023,0.001996007984031936,0.10663268087914801,0.0009723563076277241,0.03607179134025823,2.929167658319125,0.001996007984031936,0.0,0.13314040404040406,0.1490525330123944,-0.8932448268378829,1.0
gravity,gravity::wired_gravity_15,wired_gravity_15,graduate,partner,16,6,0.950691615560501,1.1845066535539843,1.172140695989718,0.010439753569271737,-0.0012751350377487871,0.02784319737858698,0.4207450907211521,0.3193612774451098,-0.0013372723593157983,0.0008506341143053774,0.030141302808017183,-0.07258831801521272,0.49700598802395207,-0.00026235456187040374,-0.0003184563594718144,0.04696477508340947,0.0011945505435035906,0.49500998003992014,0.0,0.13023232323232323,0.14865486771441697,-0.8760717037703363,1.0
gravity,gravity::wired_gravity_16,wired_gravity_16,expert,joint,38,6,0.9567696488748086,1.1213451039474782,1.0827095867888816,0.034454617960686496,-0.00215012116411971,0.011089990197902062,3.300700764526453,0.001996007984031936,0.027780451847908633,-0.0011130289323012601,0.014559692202238938,1.9844843131894474,0.031936127744510975,0.037588153694736115,-0.004764031258448945,0.02128843975874251,1.9894452309870345,0.017964071856287425,0.09375,0.16117484137487123,0.07277002214895187,-0.9265469403988957,0.7744510978043913
gravity,gravity::wired_gravity_16,wired_gravity_16,expert,expert,19,6,0.9834651474616004,1.1643756230503226,1.1634989388831576,0.0007529221239348516,-0.0005047569536443566,0.026264257996617125,0.04788557429420618,0.38922155688622756,-0.013909506234391028,-0.00038603456685098715,0.030057611484114444,-0.4499183734105833,0.6826347305389222,-0.03614307353790436,-0.0013209501030172547,0.04562952461499419,-0.7631489420217256,0.8323353293413174,0.14285714285714285,0.15556669360051711,0.12892294619217035,-0.09858253413189631,0.4151696606786427
gravity,gravity::wired_gravity_16,wired_gravity_16,expert,partner,19,6,0.9394271487055952,1.0732334919537692,1.0467599292217864,0.02466710453080334,0.0005835170641425895,0.016596151872068157,1.451154921472741,0.08183632734530938,0.033956970217224616,0.0007659198198197373,0.017553364811509473,1.8908654126325692,0.03592814371257485,0.030779119327109195,0.00099065479979969,0.025777172861260512,1.1556141042944785,0.11377245508982035,0.15384615384615385,0.13318335308482368,0.12264056570958982,0.16848259498622367,0.3273453093812375
hacking,hacking::wired_hacking_12,wired_hacking_12,child,joint,19,6,0.9387608341709143,1.1965730835692634,1.0916018705789283,0.08772653708473532,-0.00830086591635055,0.02275466569544847,4.220119261971574,0.001996007984031936,0.05834009696794465,-0.005039539031686257,0.02486190123103237,2.5492674679489555,0.005988023952095809,0.08392226702147776,-0.015032651004386213,0.03489547615399225,2.8357520496118216,0.003992015968063872,0.0,0.051085410830999066,0.06833774683685044,-0.7475430958085345,1.0
hacking,hacking::wired_hacking_12,wired_hacking_12,child,expert,10,6,0.8916510109553565,1.1207166094658103,1.0238039456266392,0.08647383559824684,0.0035595188543788023,0.037158654167006915,2.2313595204825116,0.017964071856287425,0.14243012998471177,0.003254164539261645,0.05010305493881878,2.7777940010923277,0.005988023952095809,0.12211073381514681,0.005331437335394228,0.07537245254028901,1.5493630967803558,0.05788423153692615,0.0,0.15209999999999999,0.24470461928905796,-0.6215657082481613,1.0
hacking,hacking::wired_hacking_13,wired_hacking_13,teenager,joint,18,6,0.9725196848045962,1.1671359250010818,1.1320786887827792,0.030036978099418965,-0.010554370952879843,0.01761208874214572,2.3047436136955026,0.017964071856287425,0.00763833291755786,-0.010492818750211753,0.030029500104147153,0.6037780051245559,0.2694610778443114,0.058536514799762074,-0.026222754172742647,0.04756970702018425,1.781790855607763,0.011976047904191617,0.0,0.14372974525474524,0.13459314408083192,-1.0678831097698869,1.0
hacking,hacking::wired_hacking_14,wired_hacking_14,undergraduate,joint,19,6,1.041495149426868,1.2123028781593617,1.1096646006917605,0.08466388995416452,0.0018677310584862565,0.019173649278878536,4.318226420616003,0.001996007984031936,0.09608421541579214,0.0017325237401398946,0.02197347523838862,4.293890276892374,0.001996007984031936,0.14226006427877835,0.004233474113420717,0.028591739698429125,4.82749883781787,0.001996007984031936,0.0,0.11511209933856992,0.10195578615455218,-1.129039397176286,1.0
hacking,hacking::wired_hacking_14,wired_hacking_14,undergraduate,expert,10,6,1.022832274668576,1.1667769277915532,1.0952268997114663,0.06132279990787537,0.0005004794194916087,0.02896195062008006,2.1000767968375063,0.02594810379241517,0.055959226939666394,0.0007932470561041897,0.03578073995409523,1.541778620406878,0.06387225548902195,0.030558302246793456,0.003432489423306439,0.0553070515450359,0.4904584870411828,0.3373253493013972,0.0,0.102,0.20869380971275803,-0.4887543149477732,1.0
hacking,hacking::wired_hacking_15,wired_hacking_15,graduate,joint,22,6,1.0956748412437158,1.2426240026345154,1.1416954346904642,0.08122212972715015,-0.0044945822079422776,0.015518427934501,5.523543512067008,0.001996007984031936,0.05196069996705482,-0.003169282427224459,0.015775366900013972,3.4946878093992506,0.001996007984031936,0.0635144678566848,-0.007322689612992703,0.0223496623102067,3.1694956499332614,0.001996007984031936,0.2222222222222222,0.13410698435812854,0.10500940316720594,0.839117595248001,0.17564870259481039
hacking,hacking::wired_hacking_15,wired_hacking_15,graduate,expert,11,6,1.1624285553969864,1.2792413524927213,1.2071533619992336,0.05635214211377504,0.0019524350135124201,0.018612274165383007,2.922786684576176,0.001996007984031936,0.07744070566912932,0.001024026369943298,0.02305833084472182,3.3140594526892317,0.001996007984031936,0.0830144317988023,0.0022362231553192365,0.03583702136875998,2.2540435995581776,0.005988023952095809,0.0,0.12863333333333332,0.21071978256594795,-0.610447352246463,1.0
hacking,hacking::wired_hacking_15,wired_hacking_15,graduate,partner,11,6,1.0841188328807534,1.1980719142662541,1.1068775140393112,0.07611763462696142,0.0002804163984358825,0.02154288701410402,3.5202903946381596,0.001996007984031936,0.09341765246900578,-0.0003985534645421319,0.027632380454698107,3.3951546840980584,0.001996007984031936,0.0999825775009433,-0.0014255889359836393,0.042050309491419476,2.4115914404296994,0.005988023952095809,0.0,0.13119999999999998,0.21060691000316717,-0.6229615163055522,1.0
hacking,hacking::wired_hacking_16,wired_hacking_16,expert,joint,18,6,0.9008361807891402,1.1559406050678382,1.0427597459256772,0.09791234830401929,-0.0012871352402037146,0.01911312172951023,5.190124614288478,0.001996007984031936,0.07640472979243189,-0.0005796603462403714,0.021577736136035575,3.5677695590180853,0.001996007984031936,0.08680748206308742,-0.003449628906347961,0.028287867510305847,3.190665077053011,0.001996007984031936,0.0,0.08393653846153845,0.09332598210120113,-0.8993908938511793,1.0
infinity,infinity::wired_infinity_12,wired_infinity_12,child,joint,24,6,0.9786566883878263,1.18619515575161,1.0898509923330126,0.08122117423211928,0.0007885277734467617,0.02460118125205642,3.269462780448769,0.003992015968063872,0.07744909920336758,0.0007245331712280305,0.024319510812900944,3.154856469869407,0.003992015968063872,0.11667610552041296,0.0037591451456111327,0.032218823425257524,3.504689134187379,0.001996007984031936,0.2727272727272727,0.1563036405301623,0.1019198566114608,1.1423056906461413,0.13972055888223553
infinity,infinity::wired_infinity_12,wired_infinity_12,child,expert,12,6,0.9596123996542516,1.148476544578031,1.1463503308129759,0.001851334078255995,-4.0684634945927554e-05,0.02442496220136994,0.07746250322122519,0.4431137724550898,0.035106878605136116,-0.000442300395003518,0.02943065985582757,1.2078960911608827,0.12375249500998003,0.0406342090629106,-0.0010232232914305017,0.042258868014868535,0.9857678236834024,0.16367265469061876,0.0,0.09272380952380953,0.1783055383446773,-0.5200276468393696,1.0
infinity,infinity::wired_infinity_12,wired_infinity_12,child,partner,12,6,1.05217085642357,1.2303506621552545,1.2151390630371082,0.012363628992973053,0.0006592190093837918,0.02465010885351131,0.47482183762941127,0.313373253493014,0.0034040481018520123,-0.0003982272467865173,0.029151383191781694,0.13043207327844603,0.46506986027944114,-0.00040833547337792986,-0.0018920891441443163,0.04466601798182055,0.03321884819395109,0.48502994011976047,0.0,0.10832380952380953,0.17448633961274634,-0.6208154160619254,1.0
infinity,infinity::wired_infinity_13,wired_infinity_13,teenager,joint,16,6,0.8080970997974748,1.1281158272048877,1.0598590459239459,0.06050511803389946,-0.005995864619418425,0.034008396369902195,1.9554283574562188,0.03992015968063872,0.07333152942606624,-0.003010226759429678,0.03966472025767191,1.9246765309212024,0.043912175648702596,0.06799910917592211,-0.010529990862952613,0.05255539879693008,1.494215662644003,0.07784431137724551,0.0,0.04338181818181818,0.0815980376513509,-0.5316527140907288,1.0
infinity,infinity::wired_infinity_14,wired_infinity_14,undergraduate,joint,35,6,0.9902159128817661,1.19812456729388,1.0935169623266168,0.08730945664817902,-0.015052784344469078,0.013621839189804474,7.514568302146972,0.001996007984031936,0.07886344887252056,-0.01026193570148693,0.015242367448258723,5.847214015575323,0.001996007984031936,0.07703835164831041,-0.026959602315106773,0.021986089150842884,4.730170666092755,0.001996007984031936,0.12,0.0849799709425936,0.04460951127439696,0.7850350308030762,0.2275449101796407
infinity,infinity::wired_infinity_14,wired_infinity_14,undergraduate,expert,18,6,0.8834683955239792,1.0831969392673007,0.9818530036421879,0.09356002768403704,0.002343796079737482,0.025154188735227134,3.626283978562822,0.001996007984031936,0.029974210754270297,0.001041045298298179,0.029133247902187798,0.9931321613406292,0.15768463073852296,0.0852199909728697,0.0009269477148663985,0.04431812785369961,1.9019991895024655,0.027944111776447105,0.2857142857142857,0.1310790959040959,0.13400875821410937,1.1539185339149627,0.16167664670658682
infinity,infinity::wired_infinity_14,wired_infinity_14,undergraduate,partner,17,6,1.182207012857703,1.289633261134836,1.2557031970845898,0.02630985495860183,-0.001139336195274018,0.01818043123522762,1.509820685699053,0.0718562874251497,0.02944367040014342,6.723352405120231e-07,0.020371309516358543,1.4453169071560976,0.08183632734530938,0.0557384351143253,0.00033244245900288536,0.029106611458183055,1.903553518585398,0.02594810379241517,0.36363636363636365,0.1465037518037518,0.130005050589774,1.6701859723724548,0.06986027944111776
infinity,infinity::wired_infinity_15,wired_infinity_15,graduate,joint,27,6,1.0120326305706602,1.2005232433925686,1.0748605375624414,0.10467328018990774,-0.004293194330198737,0.01880130765519954,5.795685944747123,0.001996007984031936,0.08344805669320894,-0.0027566000841621773,0.01843801242429016,4.675376867834489,0.001996007984031936,0.09707009856734694,-0.007405199220611912,0.024618685382727646,4.243739913962191,0.001996007984031936,0.07142857142857142,0.1206434822373349,0.07558486753815283,-0.6511212152871917,0.6387225548902196
infinity,infinity::wired_infinity_15,wired_infinity_15,graduate,expert,14,6,0.9574151813018974,1.1486469810261344,1.058016105828393,0.07890228825289469,-0.0012359402746169056,0.024395952462858028,3.28489853591571,0.003992015968063872,0.09984209201928865,1.336548102995283e-05,0.0296487495937555,3.3670467694625548,0.005988023952095809,0.10463382620977568,0.0012811558894766661,0.04263640587311502,2.4240474356087667,0.013972055888223553,0.0,0.15401349206349205,0.16303657656857268,-0.9446560723060475,1.0
infinity,infinity::wired_infinity_15,wired_infinity_15,graduate,partner,13,6,1.1466962950112471,1.2497105211042008,1.241154487246897,0.006846412599410656,-6.70397674214549e-05,0.016985288992025352,0.4070258898790594,0.3333333333333333,-0.006000966914738137,-0.00040601256169176957,0.020412557299092547,-0.27409374881681753,0.5728542914171657,-0.013759948929801369,-0.0005302973061435015,0.030186984704447365,-0.4382568101181957,0.6846307385229541,0.4,0.15863809523809522,0.19585343678891598,1.2323598131292242,0.11177644710578842
infinity,infinity::wired_infinity_16,wired_infinity_16,expert,joint,11,6,0.7980246379160829,1.0285228852957986,0.9742373817408858,0.052780063847874925,0.003653417326947503,0.02542749162276553,1.932028815494477,0.027944111776447105,0.06888418178906922,0.002025644142275695,0.03087291373246268,2.165605042211878,0.023952095808383235,0.10901172139012905,0.006385126743520978,0.04394222663763635,2.3354891752050815,0.00998003992015968,0.0,0.13889999999999997,0.2192541429548143,-0.6335114042913461,1.0
internet,internet::wired_internet_12,wired_internet_12,child,joint,27,6,1.022439045764946,1.2310541575675509,1.1394298045766962,0.07442755660067457,-0.0174359868355461,0.01854482809790953,4.953593689368089,0.001996007984031936,0.08744133024724653,-0.012042235439023496,0.0250325636726993,3.9741660896988966,0.001996007984031936,0.09539079818819374,-0.035239435041693926,0.036221709810884004,3.6064071495221217,0.001996007984031936,0.26666666666666666,0.12129438708034533,0.06881576538070051,2.1124851083483147,0.021956087824351298
internet,internet::wired_internet_12,wired_internet_12,child,expert,14,6,0.9033368233228098,1.1718678178420505,1.1220695729492793,0.042494762749328396,-0.0009494421201062548,0.026835412888438433,1.6189132267143846,0.05389221556886228,0.026428275493244117,-0.0015807114356507191,0.0305676669892248,0.916294558520547,0.18962075848303392,0.046539157264652964,-0.002273486705366977,0.04754081726084983,1.0267523105922176,0.1596806387225549,0.0,0.10388571428571429,0.16020550318810586,-0.6484528447423963,1.0
internet,internet::wired_internet_12,wired_internet_12,child,partner,13,6,1.1741178720970005,1.2460195432135908,1.253251571964584,-0.005804105393356185,-0.0036831894524933357,0.050036318873773605,-0.04238752947060862,0.4471057884231537,-0.02192993817962201,0.0005239365271996204,0.06061694567785673,-0.37042240343402844,0.6067864271457086,0.027702111726450207,0.0010597013996522988,0.09265410261940056,0.28754701166593927,0.4091816367265469,0.25,0.18485079365079363,0.16685585559923907,0.39045202288665426,0.3912175648702595
internet,internet::wired_internet_13,wired_internet_13,teenager,joint,15,6,0.9826274313415656,1.2007957648207208,1.0908657649225706,0.09154762459922805,-0.01275148724573927,0.02587751745302698,4.0304914114845705,0.001996007984031936,0.07520518332337929,-0.009823288037083834,0.026260815839592506,3.2378457653348565,0.005988023952095809,0.08399139991819538,-0.021323040203166256,0.032370524338233085,3.2534054444392764,0.003992015968063872,0.0,0.06007676767676767,0.09886820093155432,-0.6076449971852764,1.0
internet,internet::wired_internet_14,wired_internet_14,undergraduate,joint,32,6,1.1115753388938239,1.2740751789671352,1.1384063005226646,0.1064842017834885,0.004203877763168583,0.01356783912173635,7.53843873756299,0.001996007984031936,0.0794203945959251,0.00330012897635624,0.01319871803054782,5.767246898023887,0.001996007984031936,0.11100353494742554,0.008496270492888551,0.018204552994242593,5.6308586366804025,0.001996007984031936,0.10810810810810811,0.14577122715291876,0.07281368889943118,-0.517253274955348,0.6826347305389222
internet,internet::wired_internet_14,wired_internet_14,undergraduate,expert,16,6,1.0981113800221816,1.2480878239713726,1.1951495085603698,0.04241553710744084,-0.00032651149612606756,0.017237721810194267,2.4795648215119446,0.007984031936127744,0.0360535828196589,-3.665443914574712e-06,0.020082185666400326,1.7954842596591045,0.04590818363273453,0.03238771998563661,0.0008288422370175848,0.029467186935503858,1.0709837290438802,0.15768463073852296,0.0,0.15086818181818182,0.14731911481990578,-1.0240910149549478,1.0
internet,internet::wired_internet_14,wired_internet_14,undergraduate,partner,16,6,1.187827397092766,1.3118942162701823,1.284915059143402,0.02056504007120652,-0.0007714683144908851,0.014970281703173704,1.4252576410218158,0.08582834331337326,0.02257044655596097,-0.0004130639476730003,0.01638248937093236,1.4029315071257653,0.08782435129740519,0.022866226368402076,0.00017158965442412021,0.024965269287965313,0.9090483444101309,0.1936127744510978,0.0,0.12435959595959595,0.14350317832042433,-0.8665981995319769,1.0
internet,internet::wired_internet_15,wired_internet_15,graduate,joint,15,6,1.0592869632608317,1.2342540367644932,1.1375447103742415,0.07835447445144117,0.0064441661351080995,0.0186421021924984,3.857414124962251,0.001996007984031936,0.07107119976427585,0.005226808066240734,0.020708733229087135,3.1795470524267126,0.005988023952095809,0.09479421662452359,0.015623901615133703,0.027919860624336802,2.8356271571205403,0.00998003992015968,0.5714285714285714,0.1763432178932179,0.1729041295866297,2.284996630675642,0.031936127744510975
internet,internet::wired_internet_16,wired_internet_16,expert,joint,28,6,0.9851776983051249,1.1941650355974223,1.113035113976197,0.06793861753006136,-0.00033658445811280904,0.013473064737449556,5.067533135085243,0.001996007984031936,0.06546031192260272,-0.00027244093170608694,0.015594759456865746,4.2150539760566375,0.001996007984031936,0.08540189577510526,-0.0007168630794021004,0.021045312778105407,4.092063623026854,0.001996007984031936,0.3142857142857143,0.13642376677167697,0.07648183710792981,2.3255449168021642,0.021956087824351298
internet,internet::wired_internet_16,wired_internet_16,expert,expert,14,6,1.071184802252225,1.2412658961322425,1.198705916839684,0.03428756032464464,-9.866116879248454e-05,0.018907780817116738,1.8186280995127755,0.05189620758483034,0.04487408469633869,-0.0005304675228696551,0.022483508049584662,2.019460313714127,0.017964071856287425,0.07014881352965285,-0.0007404861580643177,0.03310842300230495,2.1411258302088862,0.007984031936127744,0.25,0.11993888888888887,0.15810201197459695,0.8226404552777526,0.21956087824351297
internet,internet::wired_internet_16,wired_internet_16,expert,partner,14,6,0.9274251462182234,1.1457825662287853,1.086850031067933,0.05143430952595318,0.002295220020886263,0.021357960885575965,2.3007388096797596,0.015968063872255488,0.07717901075614983,0.0030129180549502955,0.026850770624783044,2.7621588124083423,0.003992015968063872,0.09767800494054624,0.0032060821965830977,0.03723002317538464,2.5375198478636753,0.003992015968063872,0.0,0.14343650793650795,0.16153603636611968,-0.887953618048487,1.0
laser,laser::wired_laser_12,wired_laser_12,child,joint,35,6,0.9158795764288417,1.1505283225386922,1.0948318878738923,0.04840944249151835,-0.05162281047626534,0.01725778945920685,5.7963537684959725,0.001996007984031936,0.061237795350025596,-0.03954224209340453,0.026271775223919182,3.836057387993894,0.001996007984031936,-0.008708688639548323,-0.10948501982041364,0.04158890593493909,2.4231541781483252,0.013972055888223553,0.2641509433962264,0.21085853092430346,0.08351260581862247,0.6381361466275705,0.25948103792415167
laser,laser::wired_laser_12,wired_laser_12,child,expert,18,6,0.9152159323010487,1.1314344453961391,1.0631374026072529,0.06036323453540782,0.0003812486956267738,0.019911404533723625,3.012443734855094,0.003992015968063872,0.06317076340105834,0.0013217905605136286,0.02385339667919691,2.5928790634033523,0.017964071856287425,0.09233489483382684,0.001184647617524426,0.03525644709845504,2.5853497648745405,0.00998003992015968,0.0,0.12799956709956709,0.1239021293550021,-1.033069954212208,1.0
laser,laser::wired_laser_12,wired_laser_12,child,partner,17,6,0.0,1.0400385390751319,0.8867807907751439,0.14735775891177494,0.00021947167712460858,0.08005902917872736,1.8378724891376368,0.033932135728542916,0.18218442450480932,-0.003964173450493183,0.09643150551979641,1.9303711681353775,0.04790419161676647,0.3162473297263191,-0.007417571612933287,0.14032956563420027,2.30646264653135,0.017964071856287425,0.5882352941176471,0.1749949260405917,0.16710751273004826,2.472901195918219,0.03792415169660679
laser,laser::wired_laser_13,wired_laser_13,teenager,joint,26,6,0.9327220293830523,1.1596090096732776,1.0638643839727318,0.08256630028040413,-0.0023116490851357537,0.017614706606570725,4.818584337582909,0.001996007984031936,0.06488677633572819,-0.002291206210170914,0.019662308369172765,3.4165867651238258,0.003992015968063872,0.07700923484921418,-0.007292799937514251,0.027358413465736593,3.081393403616312,0.005988023952095809,0.0,0.0890102390888681,0.06737608455209057,-1.3210954551692817,1.0
laser,laser::wired_laser_13,wired_laser_13,teenager,expert,13,6,0.8706608058177693,1.054453605280483,0.966513148889276,0.08339907602460606,0.0010866488641104763,0.033080824121263244,2.4882217824672606,0.007984031936127744,0.12407310143487657,0.0005794044884451743,0.03939033639806558,3.1351267401843272,0.003992015968063872,0.16803507031628573,-0.0002151592479849549,0.05787495601762299,2.907133605648673,0.001996007984031936,0.0,0.12672857142857144,0.16985027239538553,-0.7461193299329344,1.0
laser,laser::wired_laser_13,wired_laser_13,teenager,partner,13,6,1.0422700199664297,1.2551491421613226,1.2473294139445477,0.006230118759679493,0.0016893830322952355,0.02278052955504362,0.19932529296181076,0.4111776447105788,0.0019669843237428287,0.0013250584317365153,0.025589348391561437,0.02508566776237258,0.48303393213572854,0.004475744738558274,0.0006632030613405162,0.03958037770337871,0.09632403474745788,0.46706586826347307,0.0,0.11189999999999997,0.16873803144260938,-0.6631581454596917,1.0
laser,laser::wired_laser_14,wired_laser_14,undergraduate,joint,14,6,0.9738615848373291,1.2073590287631337,1.1260172639158084,0.06737164580667865,-0.002293242259290761,0.02767568946548503,2.5171870840959554,0.005988023952095809,0.08411133436934527,-0.002375138751949989,0.03356002875293948,2.5770679089099415,0.015968063872255488,0.08933999495208322,-0.00515172532645079,0.04442272002533971,2.1271034332124157,0.01996007984031936,0.0,0.03181111111111111,0.0768929944536972,-0.41370623341072854,1.0
laser,laser::wired_laser_15,wired_laser_15,graduate,joint,24,6,1.0751230783891144,1.2610783073952054,1.1265503293020502,0.10667694250567727,0.004993739066337678,0.017819837042932586,5.706180319963561,0.001996007984031936,0.09380267417092088,0.002957491926177007,0.019829558280997386,4.581301356157821,0.001996007984031936,0.12129592329209271,0.008813285174118625,0.02612836415082211,4.305001165349837,0.001996007984031936,0.5,0.1622278002673655,0.10417769348151051,3.24226989909872,0.00998003992015968
laser,laser::wired_laser_15,wired_laser_15,graduate,expert,12,6,1.0630341364185303,1.2300865058639916,1.129401560132768,0.08185192281294407,0.0011179574684088407,0.027990656119650206,2.884318431101648,0.001996007984031936,0.07095294171897668,0.00046284045608079136,0.03323882825801024,2.120715589482564,0.027944111776447105,0.08692832852750987,0.0023632900584447535,0.04984225877333281,1.6966534131938278,0.03992015968063872,0.0,0.11085714285714286,0.18306445408570482,-0.6055634525599555,1.0
laser,laser::wired_laser_15,wired_laser_15,graduate,partner,12,6,1.1142665253819422,1.3053143155373776,1.2724805812259559,0.02515389122803313,0.0014025296003144568,0.02470918378413625,0.961236187937842,0.17764471057884232,0.01121084576072409,0.0030556736127386928,0.028448377464931437,0.2866656334983726,0.3772455089820359,-0.004353976160096251,0.003555853163173628,0.041979759855658036,-0.18842007077855621,0.5828343313373253,0.0,0.11324761904761906,0.18939444211597176,-0.5979458414005319,1.0
laser,laser::wired_laser_16,wired_laser_16,expert,joint,42,6,1.0714939520682538,1.2467400318457473,1.181315361865424,0.05247659360345147,-0.002230879210624149,0.015381645398397713,3.5566723453249303,0.001996007984031936,0.04776461595940997,-0.001988402756566274,0.015318685848353317,3.2478646803325137,0.001996007984031936,0.05499884428022317,-0.005376227071743074,0.021653384872913524,2.7882509689046415,0.007984031936127744,0.2222222222222222,0.16367830349640605,0.060281843528783255,0.9711700123746667,0.17165668662674652
laser,laser::wired_laser_16,wired_laser_16,expert,expert,21,6,1.1133254194168365,1.2509893101229181,1.2030737262396793,0.038302152940484224,0.0006850540608764388,0.015828208293497514,2.3765860406993444,0.01996007984031936,0.026294071750431556,0.0004251173649036324,0.017864118403237286,1.4480957750951777,0.08982035928143713,0.0789196658057515,0.0005463923581491854,0.025471228984498356,3.0769333311439286,0.001996007984031936,0.125,0.16534260774485232,0.1145223683878891,-0.3522683674180686,0.5129740518962076
laser,laser::wired_laser_16,wired_laser_16,expert,partner,21,6,1.005527175077617,1.233659961061583,1.1317600070084226,0.08259970921442084,0.00045402666419838857,0.027522301966046964,2.9846951992446678,0.003992015968063872,0.0823026833140613,0.0005529974433722615,0.029443659857745223,2.776478408786692,0.011976047904191617,0.08282917169391268,0.0020614365326831986,0.04248902863109162,1.9009080170434203,0.031936127744510975,0.5625,0.1290529313479778,0.11181252725017128,3.8765519330604183,0.001996007984031936
memory,memory::wired_memory_12,wired_memory_12,child,joint,17,6,0.8872373886207633,1.170989177444336,1.108607806186099,0.05327237216178471,-0.01084157150100879,0.02403973218968816,2.666999081225005,0.001996007984031936,0.05705547713911937,-0.007091399145238695,0.027328810177374433,2.3472253591729864,0.017964071856287425,0.06823256772280062,-0.018642584896302085,0.03616270855317296,2.4023408670111954,0.011976047904191617,0.0,0.01301098901098901,0.041959179082046785,-0.31008683429071343,1.0
memory,memory::wired_memory_13,wired_memory_13,teenager,joint,11,6,0.9447191815684046,1.1332086378902029,1.142637754746152,-0.00832072448150778,-0.05418614067870314,0.013798275500223426,3.323996262899135,0.001996007984031936,-0.0036245464422038445,-0.042803873119406886,0.02637415221849122,1.485519851126588,0.07584830339321358,-0.06925263759839961,-0.11509436598371423,0.04028137076155729,1.1380379445543565,0.09580838323353294,0.3333333333333333,0.20166666666666666,0.18562063773572685,0.7093320455784883,0.5588822355289421
memory,memory::wired_memory_14,wired_memory_14,undergraduate,joint,13,6,0.838992369958998,1.029926445987263,0.9738106519304909,0.05448524433507562,-0.004562249456468072,0.02332671232261712,2.531325159537909,0.007984031936127744,0.07727008203130215,-0.00549341389739548,0.030165555144577947,2.743642393850451,0.005988023952095809,0.06430224838658405,-0.006814286254721914,0.04348058735359214,1.6355927775991894,0.05588822355289421,0.0,0.08034523809523811,0.1337312720043174,-0.6007961854475162,1.0
memory,memory::wired_memory_15,wired_memory_15,graduate,joint,15,6,0.9370299695116279,1.1253754541831058,1.0972795420014811,0.024965812144906896,-0.0079199318375743,0.017881988912994435,1.8390428571725528,0.033932135728542916,0.015331880676912752,-0.005388183684591153,0.023304357670472484,0.8891068638101545,0.16167664670658682,0.005025696833254156,-0.01582421313954781,0.03214269563194727,0.6486671252326087,0.2315369261477046,0.0,0.0,0.0,,1.0
memory,memory::wired_memory_16,wired_memory_16,expert,joint,18,6,0.896399532486632,1.1122265059367993,0.9836513740668447,0.11560157142780836,0.0023126179767007154,0.02477943308668434,4.571894484219877,0.001996007984031936,0.0744318605944245,0.0030050980941052105,0.03081890876725983,2.3176278900633505,0.027944111776447105,0.12015603178103851,0.0056516835244352455,0.039599375315144826,2.8915695600079565,0.011976047904191617,0.18181818181818182,0.1422662837162837,0.14685925821187198,0.2693183840329434,0.2894211576846307
moravec,moravec::wired_moravec_12,wired_moravec_12,child,joint,29,6,1.0244695123234924,1.2221784722452218,1.160239442539675,0.05067920202502085,-0.02897009579542863,0.01319310036158685,6.037193353910737,0.001996007984031936,0.03872226974494249,-0.021694988721370066,0.01991408474672599,3.0338958197034676,0.001996007984031936,0.022362870584134775,-0.05852884673798286,0.03016429979156575,2.6817037982342224,0.001996007984031936,0.2857142857142857,0.191120104477935,0.08609642684445364,1.0987004304748853,0.1497005988023952
moravec,moravec::wired_moravec_12,wired_moravec_12,child,expert,15,6,0.9011122812746185,1.1706892066928762,1.07366489548572,0.08287794117556091,0.0009440694145083707,0.028387166092839828,2.8862997980527174,0.003992015968063872,0.10051167877783032,0.00017925433604498554,0.03220415398953713,3.115511883168318,0.003992015968063872,0.10031997157331851,0.0011918963217187977,0.04565000251680341,2.1714801705676017,0.013972055888223553,0.25,0.13531493506493508,0.15447211581542306,0.7424321491919019,0.16766467065868262
moravec,moravec::wired_moravec_12,wired_moravec_12,child,partner,14,6,1.0432410586869756,1.2008795188806116,1.245659320668915,-0.03728917104860319,0.0017640288736671728,0.042484821774575195,-0.919227109613098,0.8223552894211577,-0.0631546498300805,0.0010455164532546888,0.048563078402324905,-1.321995400527609,0.9001996007984032,0.0233196442856487,-0.0008765359382104836,0.07575055886794305,0.31941916449805613,0.3852295409181637,0.0,0.109134126984127,0.1495455790176296,-0.7297716702896407,1.0
moravec,moravec::wired_moravec_13,wired_moravec_13,teenager,joint,28,6,0.974321324220875,1.217367017391103,1.1403275172326988,0.06328370906869563,-0.013195293392591442,0.019131758642915647,3.997489404331718,0.001996007984031936,0.06605880296974057,-0.010759142579785781,0.022899430146558458,3.354578915627351,0.005988023952095809,0.06912000920219696,-0.026820377886334665,0.03384392251198253,2.8347892314953644,0.00998003992015968,0.30303030303030304,0.17509356706562462,0.08956229620318276,1.4284664572962562,0.09381237524950099
moravec,moravec::wired_moravec_13,wired_moravec_13,teenager,expert,14,6,0.981355086881711,1.1737385990216427,1.1144581340514697,0.05050567904947967,0.0005656531389970549,0.02346761144321724,2.128040428456838,0.023952095808383235,0.022437383714639682,0.0007011056715341116,0.027985987173543475,0.7766843423573759,0.2155688622754491,0.04647657671374916,0.00010464801203812324,0.041767119609382446,1.1102496206440384,0.12375249500998003,0.5,0.1431714285714286,0.1609107976846101,2.21755517070996,0.0499001996007984
moravec,moravec::wired_moravec_13,wired_moravec_13,teenager,partner,14,6,0.9045534447582315,1.2293285200636586,1.1635006577017983,0.05354782003955416,0.0013846336896564334,0.04231837401454969,1.2326368289094294,0.13373253493013973,0.03520590912028404,0.003847017406484568,0.04798823196523254,0.6534704536837068,0.24151696606786427,0.11495661101475452,0.0035524418663753785,0.07134578115083168,1.5614682094917465,0.06187624750499002,0.2857142857142857,0.12569126984126985,0.15386852928134637,1.0399983454733364,0.15768463073852296
moravec,moravec::wired_moravec_14,wired_moravec_14,undergraduate,joint,19,6,0.8994587048198001,1.1453287004117634,1.057541056056258,0.07664842793509363,-0.0004574044486437767,0.023721903522808903,3.2504066256571362,0.001996007984031936,0.04617258561140688,0.0009375503260848691,0.025985866706734542,1.7407553034819045,0.043912175648702596,0.08305522449480196,0.0021165127145798294,0.03497459270289414,2.314214563348567,0.007984031936127744,0.16666666666666666,0.126698488113194,0.10775473578324142,0.37091806928905957,0.2754491017964072
moravec,moravec::wired_moravec_14,wired_moravec_14,undergraduate,expert,10,6,0.8696075306000396,1.0628225553178114,1.070312626527794,-0.007047339344188774,0.001018115019051139,0.03083374417768491,-0.26157881821816076,0.5708582834331337,0.024672243966173634,0.001192447555755852,0.04222331033533601,0.5560861103485748,0.2834331337325349,0.01829134593327275,-0.0001749555222108068,0.06840997383814362,0.26993580642457765,0.41916167664670656,0.0,0.10143333333333333,0.19976230308355045,-0.5077701436537249,1.0
moravec,moravec::wired_moravec_15,wired_moravec_15,graduate,joint,18,6,1.0279836965503666,1.190346249461684,1.0998050867139046,0.0760628790057728,0.000687880039555838,0.020420253416551095,3.6911882251727475,0.001996007984031936,0.06623058760884379,0.0006909598436070628,0.02103424780558156,3.1158531729309287,0.005988023952095809,0.07217553630427842,0.0013715771195162451,0.02936020024070664,2.4115625439977606,0.013972055888223553,0.4166666666666667,0.1873741674991675,0.14401819437507138,1.5921078594440998,0.07784431137724551
moravec,moravec::wired_moravec_16,wired_moravec_16,expert,joint,13,6,0.9089286912707505,1.128437502068242,1.0457585280457458,0.07326854510857639,0.002597547335829301,0.02324076455025716,3.040820693309124,0.001996007984031936,0.051779709018639,0.0010371521142718799,0.027435585839854813,1.8495160701345403,0.041916167664670656,0.06672200078859747,0.0036964952170675347,0.03509165777922751,1.796025310860003,0.033932135728542916,0.0,0.21425,0.19941299283817254,-1.0744034124891149,1.0
nano,nano::wired_nano_12,wired_nano_12,child,joint,22,6,1.0124796924687924,1.2247414180512621,1.171492842301512,0.04347740262959032,-0.021134210353971998,0.014629735828521282,4.416457941612267,0.001996007984031936,0.05635494271409662,-0.016647059645106484,0.02302029368702538,3.1712020424981913,0.003992015968063872,0.04491061140202102,-0.04538709199307058,0.03669951675730076,2.4604602832305247,0.001996007984031936,0.2,0.19421257788740626,0.10550018951958658,0.05485698309119429,0.39520958083832336
nano,nano::wired_nano_12,wired_nano_12,child,expert,11,6,0.8961478097226541,1.1560012120958088,1.00594871005366,0.1298030663567441,-0.0012845294636919908,0.0366396345760136,3.5777539087754304,0.001996007984031936,0.13361720189669968,-0.0027765980949645288,0.04489714356174005,3.037917096086593,0.001996007984031936,0.17022033780704848,-0.0003731576546723554,0.06970919438130478,2.4472165684283405,0.001996007984031936,0.0,0.1504,0.21393206728862393,-0.7030269089911126,1.0
nano,nano::wired_nano_12,wired_nano_12,child,partner,11,6,0.9859336286409852,1.2365350114726872,1.273348843252664,-0.029771766620770634,-8.296102423435459e-05,0.0469719918379756,-0.6320533670137802,0.7065868263473054,-0.048650831190621545,0.0018356227829917733,0.05539087119448311,-0.9114580234051587,0.8163672654690619,-0.012685632060272178,0.002248708830849341,0.08472243324369054,-0.176273748514343,0.6167664670658682,0.0,0.07786666666666667,0.1789125218985393,-0.4352220059299404,1.0
nano,nano::wired_nano_13,wired_nano_13,teenager,joint,21,6,1.0038695095942765,1.2268193542198498,1.1593104125899651,0.055027613802860476,-0.014231686789953825,0.018999406918469876,3.645340135616829,0.001996007984031936,0.07595971496503566,-0.010492054891350255,0.020308793613542372,4.256863873920009,0.001996007984031936,0.05141175779526996,-0.02981670144329833,0.02870909311712234,2.829363467079459,0.007984031936127744,0.29411764705882354,0.07097572362278244,0.07349504851335847,3.036149073300942,0.001996007984031936
nano,nano::wired_nano_13,wired_nano_13,teenager,expert,11,6,0.8911667424875189,1.133923701343565,0.963907969105564,0.14993577789806545,-0.0007722850809850217,0.03041363598994408,4.955279369716937,0.001996007984031936,0.15575855398477045,0.0008112070870294182,0.037420058439707575,4.1407564113614965,0.001996007984031936,0.20663768838698715,0.001870829212553662,0.05858648776091886,3.4951209229344995,0.001996007984031936,0.0,0.10823333333333332,0.1874232300344205,-0.5774808881132618,1.0
nano,nano::wired_nano_13,wired_nano_13,teenager,partner,10,6,1.1986481294145062,1.2943686164150225,1.2231781399106574,0.055000156525379484,-0.0011773312948295778,0.020812131809937098,2.699266386223164,0.00998003992015968,0.022325126938173786,-0.0003576747711213062,0.026286690733622938,0.8629006191441906,0.21157684630738524,0.024754790488235257,0.0015439594309858283,0.04097490866837869,0.5664644977027558,0.3093812375249501,0.0,0.16016666666666665,0.25249473363688607,-0.6343366626291823,1.0
nano,nano::wired_nano_14,wired_nano_14,undergraduate,joint,24,6,0.9865876573789061,1.2134217186131995,1.1550561502884096,0.04809998653353176,0.0033199316346445226,0.01782507097252985,2.5121950407882028,0.007984031936127744,0.04049755084208311,0.003060502266615703,0.020167017723616988,1.8563502590482681,0.03792415169660679,0.04835549470818179,0.006425798600821289,0.029460965457991765,1.4232288540288278,0.07385229540918163,0.08333333333333333,0.12098794879838358,0.0870622775567893,-0.43250207232964655,0.5269461077844312
nano,nano::wired_nano_14,wired_nano_14,undergraduate,expert,12,6,0.9521639978893708,1.1844660857844318,1.102193710613962,0.06945946039137418,-0.0010579518074735285,0.026262825823847407,2.685065676931683,0.001996007984031936,0.07093029206423838,-0.0012310293005515852,0.030926001097977922,2.3333544203200653,0.00998003992015968,0.0814844280012551,-0.0004190649418649581,0.045466706553456394,1.8013948920365275,0.033932135728542916,0.8,0.11075238095238095,0.18035744786734592,3.821564494273423,0.007984031936127744
nano,nano::wired_nano_14,wired_nano_14,undergraduate,partner,12,6,1.0862956220849136,1.2517705562536348,1.2147884789685877,0.029543814639424792,0.0016027841230255467,0.031220344071254735,0.8949622865343491,0.2155688622754491,0.014292976262502931,-0.0005924552503854874,0.03755167266295156,0.3963986277387417,0.3273453093812375,0.06765705084726215,-0.001699149160711106,0.05647697244525502,1.2280438735486838,0.08982035928143713,0.4,0.11925714285714285,0.18638133902141465,1.5062820055746067,0.10379241516966067
nano,nano::wired_nano_16,wired_nano_16,expert,joint,15,6,0.900950762337512,1.1029527340955854,1.0416182165674788,0.055609379832945005,-0.008027515705917613,0.019725463110921673,3.2261293527566353,0.001996007984031936,0.04454955922548737,-0.00530615781031369,0.027378367178208025,1.820989422462126,0.04590818363273453,0.04099597023629453,-0.015534776190458684,0.03879912881358505,1.4570107153271867,0.08782435129740519,0.2222222222222222,0.18214545454545453,0.18375282481289976,0.2181015052017542,0.3193612774451098
nuclear,nuclear::wired_nuclear_12,wired_nuclear_12,child,joint,31,6,0.9773424150447628,1.192621154506399,1.2085054297835112,-0.013318793832469256,-0.03397485359296961,0.014549870328275219,1.4196731169733372,0.08582834331337326,0.016400417435265963,-0.02155074012849922,0.025986839841465555,1.460399101825722,0.08383233532934131,-0.025402986056654253,-0.0671597210023892,0.03993115190877916,1.0457182663081257,0.16367265469061876,0.3829787234042553,0.24170795861721575,0.111218212877303,1.2702125050587787,0.11377245508982035
nuclear,nuclear::wired_nuclear_12,wired_nuclear_12,child,expert,16,6,0.964795078801033,1.1631763720884405,1.095139588926025,0.058492232816127476,-0.0019080882561439204,0.019260335918152165,3.135995204286458,0.001996007984031936,0.05837721291673768,-0.0021455295777012416,0.023508608204988464,2.5744927971361635,0.015968063872255488,0.0652902375508202,-0.001121139023528436,0.032889051638707666,2.019254836043615,0.017964071856287425,0.0,0.12069567099567101,0.14195145194201836,-0.8502602075882287,1.0
nuclear,nuclear::wired_nuclear_12,wired_nuclear_12,child,partner,15,6,0.7344326924986463,1.1358651430964049,0.9857962235187567,0.13211860623573268,0.001963259004249424,0.07299721203944942,1.7830180577464276,0.05389221556886228,0.04737078341479674,0.0014848784625193256,0.0847682163195309,0.5413102568928909,0.2894211576846307,0.10627319339003716,-0.0007929325768854909,0.12508441073307472,0.8559509961269084,0.19560878243512975,0.47058823529411764,0.23885317337461298,0.19683959706687826,1.1772786846376764,0.1936127744510978
nuclear,nuclear::wired_nuclear_13,wired_nuclear_13,teenager,joint,18,6,0.9699809997866472,1.2144206005800906,1.1793058323116024,0.02891483251495819,-0.018770342022228784,0.018466935102000218,2.5821921327931685,0.007984031936127744,0.008131010250823906,-0.013890967134808908,0.028797930805603392,0.7647069344769681,0.2215568862275449,0.024911924362194804,-0.03963675662066301,0.04417507899560364,1.4612012575977915,0.031936127744510975,0.14285714285714285,0.08142023809523809,0.07551047437471604,0.813620961471225,0.1377245508982036
nuclear,nuclear::wired_nuclear_14,wired_nuclear_14,undergraduate,joint,23,6,0.8904523611744145,1.1449174998976557,1.1637897018982886,-0.016483460164002928,-0.01545676332692388,0.021199951807178985,-0.048429206180146823,0.5029940119760479,-0.0068817522436749,-0.013185065527971811,0.025650272200239157,0.24574060014217472,0.37325349301397204,-0.0412721731404897,-0.03397750855329363,0.036833058467856936,-0.19804667031823858,0.5708582834331337,0.34615384615384615,0.1583097861558731,0.08702846030202199,2.1584210423358337,0.02594810379241517
nuclear,nuclear::wired_nuclear_14,wired_nuclear_14,undergraduate,expert,12,6,0.7865696365455409,1.037138181814842,0.9287970793683403,0.10446158896292912,0.0018627642743581788,0.039039096103696665,2.6281045138966657,0.00998003992015968,0.05827823011917107,0.005226062724075574,0.04661366484382925,1.138124787502491,0.12974051896207583,0.03737980354098047,0.006770222713563946,0.06863057270563616,0.4460050327527395,0.34331337325349304,0.3333333333333333,0.07533333333333334,0.16981134829640424,1.5193330869127972,0.18562874251497005
nuclear,nuclear::wired_nuclear_14,wired_nuclear_14,undergraduate,partner,11,6,1.0964291792069367,1.2289966812151962,1.1465817768763753,0.06705868746311949,0.0024654375474893776,0.03986036837661646,1.6204880322561912,0.06387225548902195,0.10528590803575845,0.0015273717541077097,0.05007260019209336,2.072161938537288,0.03792415169660679,0.0994483991194065,0.002672611929150533,0.07559140476667545,1.2802485611819148,0.09381237524950099,0.0,0.10433333333333335,0.18898968455554255,-0.5520583495268527,1.0
nuclear,nuclear::wired_nuclear_15,wired_nuclear_15,graduate,joint,18,6,0.9717156973385912,1.1549948992938437,1.1400005334472871,0.01298219226398667,-0.017764822729406618,0.017103625721069944,1.7976898872100588,0.03792415169660679,0.025251087662305525,-0.013226915710762465,0.02166554136209339,1.7760000883425942,0.0658682634730539,0.0024160429477443346,-0.03646784593064696,0.030892175778779785,1.2586969968331307,0.1157684630738523,0.0,0.018647619047619045,0.05014117052329239,-0.37190234797084665,1.0
nuclear,nuclear::wired_nuclear_16,wired_nuclear_16,expert,joint,11,6,0.8873273390537576,1.0977562748963459,1.0145546665900707,0.07579242333561831,0.0016918667864406897,0.02662869516197694,2.782733291978409,0.005988023952095809,0.09523029902697003,-0.001289301000490087,0.035008914781002334,2.757000627732588,0.00998003992015968,0.13053954729617756,0.004583606078906335,0.05035119473696202,2.5015482130120925,0.00998003992015968,0.0,0.0,0.0,,1.0
sensing,sensing::wired_sensing_12,wired_sensing_12,child,joint,31,6,1.0782596882321671,1.2220558943670559,1.2134821630109434,0.007015825868221137,0.005332306845278213,0.03170523937841008,0.053099079393462305,0.4530938123752495,-0.018684549041595888,0.004850228273234018,0.03149317978496483,-0.7472975887327087,0.7704590818363274,0.018189722838635403,0.012868219397333257,0.04419775842072993,0.12040211158777271,0.4431137724550898,0.19047619047619047,0.13329143981286062,0.0678179632108092,0.843209497247411,0.1936127744510978
sensing,sensing::wired_sensing_12,wired_sensing_12,child,expert,16,6,1.0376972279286927,1.2066016035732257,1.1153309823062325,0.0756427150409088,-0.00018869469360948177,0.03118447941294458,2.43170356414675,0.029940119760479042,0.07383847734537974,-0.0005162720792432207,0.03612736348931567,2.058128306169164,0.01996007984031936,0.10103143087241684,-0.0008045755323680696,0.053564595417491694,1.9011812860912607,0.01996007984031936,0.0,0.14063838383838384,0.14573525028112574,-0.9650265365935149,1.0
sensing,sensing::wired_sensing_12,wired_sensing_12,child,partner,15,6,1.1310513922841798,1.2547759511448637,1.267447189373993,-0.010098406984583974,0.0006039303838826475,0.04267373739737705,-0.2507944703508543,0.4930139720558882,-0.008434556642085334,-0.0008865581314450223,0.0498684930485945,-0.15135806296142018,0.5269461077844312,0.017442519071689366,0.0005746127194079742,0.0736062454408326,0.22916406415323054,0.42714570858283435,0.2,0.14526017316017317,0.15451608038315315,0.35426621426125116,0.46706586826347307
sensing,sensing::wired_sensing_13,wired_sensing_13,teenager,joint,67,6,0.910061589982578,1.2172029153858717,1.2456350593413072,-0.023358590088836673,-0.029306503894946396,0.019848417372272664,0.2996669051517774,0.35129740518962077,-0.01637389076671239,-0.021613846393206508,0.022410333404955757,0.23381872691529743,0.3772455089820359,-0.07425334880815837,-0.058584981246270845,0.03300074450489557,-0.47478830544453826,0.7045908183632734,0.13274336283185842,0.13635195610039835,0.03398002580593691,-0.10619748463844451,0.530938123752495
sensing,sensing::wired_sensing_13,wired_sensing_13,teenager,expert,34,6,1.022170001973485,1.2486569734223387,1.1616365866473648,0.06969118711319655,0.0004407876237029655,0.022299737610603422,3.1054356198597306,0.007984031936127744,0.04527970332368239,-0.001091780526425536,0.022908631264936818,2.0241926858844055,0.023952095808383235,0.07193772774038354,-0.00017661597490071325,0.03340887792466195,2.158538334567965,0.01996007984031936,0.125,0.1714799358061495,0.07259694667456479,-0.6402464281935746,0.718562874251497
sensing,sensing::wired_sensing_13,wired_sensing_13,teenager,partner,33,6,0.0,1.111173402714556,1.1148190731114769,-0.0032809194208704984,0.0016012369394032156,0.04648875635181001,-0.10501800313450696,0.5349301397205589,0.022738440038963244,0.002136007577241931,0.047244983498811254,0.4360766146153845,0.3333333333333333,0.043075801636333955,0.0038765326048026145,0.07092192063923819,0.5527102012779388,0.3013972055888224,0.19230769230769232,0.1561972037811034,0.09228633355339802,0.3912874976845291,0.34530938123752497
sensing,sensing::wired_sensing_14,wired_sensing_14,undergraduate,joint,35,6,1.0165559233447172,1.215338423102791,1.1095777124003006,0.08702161364443706,-0.0023380911678567273,0.019028140812067863,4.696186857920499,0.001996007984031936,0.07663109182492475,-0.0024721266591945924,0.020446552523280873,3.8687802451807345,0.001996007984031936,0.07765248520243151,-0.005736439459255099,0.02882756819103272,2.8926798163858334,0.003992015968063872,0.04,0.1525913354728511,0.06426043189071046,-1.7521098467613534,0.9441117764471058
sensing,sensing::wired_sensing_14,wired_sensing_14,undergraduate,expert,18,6,0.9694396164426794,1.197838390635008,1.0657387347028082,0.11028170157592798,-0.0016983497938745358,0.023097022621960294,4.848246165864409,0.001996007984031936,0.09059431752024262,-0.0019360833293207693,0.027122194087291027,3.411611927551299,0.001996007984031936,0.10956614587430114,-0.001690962060962881,0.03984020802645945,2.792583509136644,0.003992015968063872,0.375,0.15621903096903095,0.12102857963731653,1.8076802164132206,0.0499001996007984
sensing,sensing::wired_sensing_14,wired_sensing_14,undergraduate,partner,17,6,1.0697512806496474,1.226866906137575,1.2501783792491563,-0.01900081662889619,1.0113815509427137e-06,0.03191599477554512,-0.5953700689601201,0.688622754491018,-0.0036165683490625594,0.0006822025685963355,0.036345096969086076,-0.11827650154064207,0.5189620758483033,0.008410221966886455,-0.0012474958243673328,0.0548407736339376,0.17610469640197085,0.43313373253493015,0.3333333333333333,0.1541965034965035,0.13811112894178867,1.297048479795808,0.12375249500998003
sensing,sensing::wired_sensing_15,wired_sensing_15,graduate,joint,33,6,1.0073392566986952,1.2129752401031484,1.166099822245586,0.03864499151159606,0.002131066038025577,0.01970089604898454,1.8534144529660899,0.0499001996007984,0.00835522620885997,0.0020384198250359515,0.020734249164284586,0.30465566096817825,0.3592814371257485,0.011255976373121035,0.006098808859099546,0.027592931467753778,0.18690176214326357,0.437125748502994,0.14893617021276595,0.17468072486277922,0.07512693177272392,-0.34268076763598454,0.6327345309381237
sensing,sensing::wired_sensing_15,wired_sensing_15,graduate,expert,17,6,1.0020912145592484,1.2011952535992658,1.207608837001134,-0.005339334619122393,0.0003491056042916696,0.02592421734236557,-0.21942572646611658,0.592814371257485,0.01653301264886421,-5.2007574978849585e-05,0.03014352668012221,0.550201719919516,0.2834331337325349,0.0030422336634665648,-0.002222555719367577,0.047946741903198004,0.10980494552608976,0.49700598802395207,0.0,0.16657136197136196,0.14126039963561438,-1.1791794614841669,1.0
sensing,sensing::wired_sensing_15,wired_sensing_15,graduate,partner,16,6,1.022366500880681,1.2318252989996472,1.2171596240750095,0.011905645172694101,-0.002514797049698467,0.022114372942500207,0.6520846084981609,0.2554890219560878,0.01327874526335095,-0.0015527438661538822,0.026590678846871527,0.5577702327539412,0.25948103792415167,0.061473543352439486,-0.001415626863475485,0.039929592815463974,1.5750015410014198,0.04790419161676647,0.0,0.1297603174603175,0.1357794641571231,-0.9556696829364395,1.0
sensing,sensing::wired_sensing_16,wired_sensing_16,expert,joint,27,6,1.0175188710840326,1.2077712812632788,1.1854152621837382,0.018510142960310505,-0.008529600731881673,0.027900660982455687,0.9691434804786573,0.18962075848303392,0.04690228883895933,-0.006559654070644124,0.03057200963078043,1.748721904620135,0.05189620758483034,0.03777970457278479,-0.019780930298290512,0.04315316822571655,1.333868108362269,0.09381237524950099,0.17647058823529413,0.22255656733367835,0.09562724740777336,-0.48193355291159384,0.6766467065868264
sensing,sensing::wired_sensing_16,wired_sensing_16,expert,expert,14,6,0.9083753726007887,1.205507614120253,1.174784957459847,0.025485244805215523,0.0006193701260773669,0.051503049738412875,0.4828039272515598,0.3253493013972056,-0.006809334905106415,-0.0001964551940633068,0.05933240751946608,-0.11145476793392416,0.49101796407185627,0.07182404934249875,-0.0013805590313670396,0.09140436382175006,0.8008874556210898,0.20359281437125748,0.2,0.13793383838383838,0.15550041109811827,0.3991382477889327,0.46506986027944114
sensing,sensing::wired_sensing_16,wired_sensing_16,expert,partner,13,6,0.9960405273199449,1.1816647650471952,1.1299605556402,0.0437553957233634,0.0012708843998806734,0.01758704480088568,2.415670842058878,0.015968063872255488,0.032684799557768734,0.0014914666166949443,0.020870751773276682,1.4945955603292806,0.07584830339321358,0.04344109766262527,0.002922295124919347,0.03018713504014798,1.3422539927627164,0.08582834331337326,0.3333333333333333,0.10905,0.1825069538556354,1.2289029464090635,0.1317365269461078
sleep,sleep::wired_sleep_12,wired_sleep_12,child,joint,51,6,1.1221978651487339,1.2625574115347142,1.1644738016299874,0.07768645529196205,-0.006735560655224953,0.010439686527739042,8.086642805114051,0.001996007984031936,0.06149094771734865,-0.0057032004618862665,0.011463400502400006,5.861624407623809,0.001996007984031936,0.07623215469765832,-0.015492225316482972,0.017576049104638128,5.218714369086294,0.001996007984031936,0.14035087719298245,0.18086841929871078,0.04885128232208135,-0.8294059066575195,0.7844311377245509
sleep,sleep::wired_sleep_12,wired_sleep_12,child,expert,25,6,1.064079611091083,1.227970668298582,1.1813087124435449,0.0379992430272702,-0.0008773958069387983,0.01630162096848935,2.38483270524794,0.017964071856287425,0.02112384894798097,-0.0010969908686669354,0.01671746160585716,1.3291993928589358,0.08982035928143713,0.04561463996413129,-0.0006768815479305767,0.02481956078410266,1.8651225102142965,0.03792415169660679,0.2692307692307692,0.13939132800787973,0.10038035878100782,1.2934745681289135,0.11776447105788423
sleep,sleep::wired_sleep_12,wired_sleep_12,child,partner,26,6,1.1422442489997156,1.2767472576846441,1.2780529525912994,-0.0010226729674149837,0.0009791162247281629,0.021145691946759713,-0.09466652579557194,0.47704590818363274,-0.01692327215044332,0.001978035434675567,0.02286520925453552,-0.8266404813841641,0.7884231536926147,0.020016752502331592,0.0018052528797243461,0.03370250747783296,0.5403603762890768,0.2994011976047904,0.13333333333333333,0.1505140778581407,0.08936697727378425,-0.192249363790973,0.5389221556886228
sleep,sleep::wired_sleep_13,wired_sleep_13,teenager,joint,38,6,0.9483846339543501,1.2088105509694853,1.1165793369155437,0.07629914710784969,-0.016692352999696215,0.014463242350667297,6.429505767305041,0.001996007984031936,0.0414967126487906,-0.01231234536802041,0.016789227669741856,3.204975182615911,0.001996007984031936,0.023696437718144336,-0.03346724520141847,0.024367645207197593,2.345884570852094,0.00998003992015968,0.375,0.14990182630201507,0.05731089562321954,3.9276680507290185,0.001996007984031936
sleep,sleep::wired_sleep_13,wired_sleep_13,teenager,expert,19,6,0.866613736449008,1.136418370149321,1.0251447432445742,0.09791607547678571,-0.00085587995322266,0.023767863684997222,4.1556934497379885,0.001996007984031936,0.08274369658894701,-0.0003982432322476656,0.025364774573219815,3.2778505316966675,0.001996007984031936,0.1132431443182439,-0.0005583032404909005,0.040200577846077286,2.8308410887640854,0.003992015968063872,0.26666666666666666,0.12941553544494722,0.12089579961219214,1.1352845314890319,0.14770459081836326
sleep,sleep::wired_sleep_13,wired_sleep_13,teenager,partner,19,6,1.060882401978171,1.238602546117645,1.2136331489266328,0.02015932977796464,-0.0004279120471300606,0.027479491743380394,0.74918568426776,0.20958083832335328,-0.002644097285235151,-0.0011334940584716792,0.030354477052698225,-0.04976541760679726,0.4930139720558882,0.001124844936925995,-0.0011642068101754266,0.04636305574774927,0.049372322643175766,0.49101796407185627,0.13333333333333333,0.1585718900380665,0.1261961580295298,-0.1999946519673551,0.4930139720558882
sleep,sleep::wired_sleep_14,wired_sleep_14,undergraduate,joint,22,6,0.9907688652277038,1.2312173994587057,1.1224367637779815,0.08835209421873724,-0.0030748296099955682,0.02297073412630359,3.9801481017552955,0.001996007984031936,0.07774254663068465,-0.002818849180300451,0.025140116183633286,3.204495763763899,0.003992015968063872,0.08702159455806857,-0.006467254026665177,0.034572004622211765,2.7041778342430622,0.005988023952095809,0.25,0.15914653134813317,0.09785081087803352,0.9284896858454392,0.2155688622754491
sleep,sleep::wired_sleep_14,wired_sleep_14,undergraduate,expert,11,6,0.9205622461543262,1.1790303912155051,1.1121087111322725,0.05675992797288343,3.753425336450578e-05,0.03252248936180712,1.7440975408890755,0.041916167664670656,0.028498319498842604,-6.24534926777507e-05,0.03616692629516197,0.7896931234474551,0.2215568862275449,0.020685023500785604,0.0014261569934415574,0.056663532766257574,0.33988114695899196,0.37325349301397204,0.0,0.11089999999999998,0.19165852266976607,-0.5786332820225497,1.0
sleep,sleep::wired_sleep_14,wired_sleep_14,undergraduate,partner,11,6,1.0836612035160438,1.2762439428706214,1.2639989199073627,0.009594578710176882,0.0009291203557990287,0.03060271575599249,0.28315978305556166,0.3772455089820359,0.04037109532084604,0.00013487607698799974,0.03832244546647568,1.049938717482331,0.16367265469061876,0.05291787350519239,0.0009027446839116839,0.05966148265730282,0.8718376832848259,0.21756487025948104,0.0,0.15346666666666667,0.21073184180763146,-0.7282557080612437,1.0
sleep,sleep::wired_sleep_15,wired_sleep_15,graduate,joint,23,6,0.9742133824213839,1.2048098751561138,1.0623320733211459,0.11825749835965305,0.006630847048820115,0.0267818778553018,4.167991950151287,0.001996007984031936,0.06615459686283144,0.005216832538585741,0.027767454125980896,2.1945751327352934,0.023952095808383235,0.07545294108189216,0.014648723808553542,0.03728976696185046,1.6305872154026801,0.059880239520958084,0.2631578947368421,0.15863902243446865,0.10304469931410606,1.0143061506130824,0.13373253493013973
sleep,sleep::wired_sleep_15,wired_sleep_15,graduate,expert,12,6,0.95673787746743,1.1652564696088288,1.0293836723059273,0.11660334084951562,0.0008011362611905622,0.029824235370989226,3.8828222466675117,0.001996007984031936,0.14309316412110176,0.0009848683005352539,0.03565932548573974,3.9851649991920346,0.001996007984031936,0.1890853581363442,-1.651627099925168e-06,0.05156178301996646,3.667193000098993,0.001996007984031936,0.6666666666666666,0.07743333333333334,0.17292257416408446,3.407498044611664,0.017964071856287425
sleep,sleep::wired_sleep_15,wired_sleep_15,graduate,partner,11,6,1.0382353991049977,1.2670688348558583,1.2170514676559927,0.039474861841705344,0.002364153106851161,0.03170744257407317,1.1704100274930151,0.11976047904191617,0.08006293848948438,0.001269181744496581,0.03887492701887236,2.0268528531702787,0.031936127744510975,0.08032690721809388,0.002613315633378211,0.058465279038083615,1.3292263863838556,0.10978043912175649,0.8,0.10653333333333333,0.1899196000008544,3.651369667288405,0.007984031936127744
sleep,sleep::wired_sleep_16,wired_sleep_16,expert,joint,13,6,0.8249692415367523,1.1101235461522938,0.9637241398852455,0.13187667874847897,0.006948062116790522,0.03754724403768287,3.3272379859972827,0.001996007984031936,0.13828727654235634,0.005224703120893028,0.045056210595485736,2.9532570907060505,0.003992015968063872,0.18264373904850284,0.015292061167129247,0.055407868075921414,3.020359448807228,0.001996007984031936,0.0,0.10099523809523808,0.15716669948708148,-0.6425994719290998,1.0
time,time::wired_time_12,wired_time_12,child,joint,29,6,1.0262826158922398,1.2156867585954105,1.0754492109319171,0.11535664649792032,-0.006114867574465174,0.01969828794628358,6.166602620676137,0.001996007984031936,0.09981782629739971,-0.003967097758722663,0.01918668654878127,5.409215592919287,0.001996007984031936,0.10627147219406974,-0.012093052509564668,0.027132338532560366,4.362488864039131,0.001996007984031936,0.14705882352941177,0.15923997599851258,0.0823220695598987,-0.14796946352566656,0.592814371257485
time,time::wired_time_12,wired_time_12,child,expert,15,6,0.9717894723404631,1.1745780450887804,1.1030499220942092,0.060896867001430155,0.0001315314818250455,0.0222244661946404,2.73416400589451,0.007984031936127744,0.045588357487030724,-0.0006590797249689081,0.027617669117075357,1.674559754335167,0.06187624750499002,0.0725954917541548,0.00041454250644216485,0.040353071303886656,1.7887349566068949,0.0499001996007984,0.0,0.1300282106782107,0.1583629643634809,-0.8210771451572783,1.0
time,time::wired_time_12,wired_time_12,child,partner,14,6,1.0781405654667406,1.2438371421475907,1.1320330945377952,0.0898864037913808,-0.003686094724096035,0.028110933592477877,3.3286869753950694,0.001996007984031936,0.0985668777906731,-0.0017878844936008004,0.03231452035257264,3.1055624898447367,0.003992015968063872,0.10954314075059679,-0.0026917433043269936,0.04998527293519092,2.245359032058171,0.007984031936127744,0.3333333333333333,0.10749285714285714,0.1505943069455016,1.4996614465127511,0.06786427145708583
time,time::wired_time_13,wired_time_13,teenager,joint,13,6,0.999109184201907,1.184955368571207,1.1498337042734423,0.02963965160992832,-0.003844346656084647,0.019214262613382993,1.74266371495781,0.04590818363273453,0.045520440706992606,-0.002627370317949432,0.02287704653806884,2.104634046393229,0.021956087824351298,0.04049469264847516,-0.0050664626224634045,0.031549400661270405,1.444121102651208,0.07584830339321358,0.0,0.0,0.0,,1.0
time,time::wired_time_14,wired_time_14,undergraduate,joint,13,6,0.9767407191614027,1.1621971899233692,1.0316905259826912,0.11229304723175515,0.007010234043630463,0.02787326298551061,3.777197281956331,0.001996007984031936,0.11769952137760574,0.005526882746034564,0.029059590287176973,3.860090163799357,0.003992015968063872,0.12952830773922464,0.015169681846303563,0.036385291002913676,3.1429905530716633,0.003992015968063872,0.0,0.0993642857142857,0.14692142605255235,-0.6763090202973123,1.0
time,time::wired_time_15,wired_time_15,graduate,joint,51,6,1.072223942872297,1.2305432031014945,1.1855543743050436,0.03656013757425158,-0.0018021902400247472,0.011204452088404641,3.4238468344183524,0.001996007984031936,0.045532851354674136,-0.0011441178270935031,0.013802516040829164,3.381772500295794,0.001996007984031936,0.04373486049705655,-0.003502982811784225,0.020172041023278273,2.3417483265242676,0.007984031936127744,0.15384615384615385,0.15971809101593568,0.05596483511427711,-0.1049219060110094,0.49700598802395207
time,time::wired_time_15,wired_time_15,graduate,expert,26,6,1.0479197803522455,1.1976912803240547,1.1034353448988732,0.07869802258197878,-0.0004270781986267289,0.030789050697922954,2.569910373558329,0.017964071856287425,0.051560490558292364,6.849911760567995e-05,0.031350937502033716,1.6424386491583045,0.07584830339321358,0.09305214829709418,0.00028249042780091285,0.04445184618578035,2.0869697398298217,0.023952095808383235,0.06666666666666667,0.15182856103368061,0.10208609273236427,-0.8342164156510532,0.7664670658682635
time,time::wired_time_15,wired_time_15,graduate,partner,25,6,1.126471862890957,1.2606345369809075,1.2385087112493993,0.01755134028336025,0.0002503765139402179,0.013636105346164428,1.2687613750568787,0.10179640718562874,0.021669348585146648,-0.00018047758778104054,0.014858192928366378,1.4705574411551288,0.08183632734530938,0.04581673635273931,0.00021392494413045737,0.021839874429147373,2.0880528208416615,0.011976047904191617,0.25925925925925924,0.15589082691865297,0.10670796830096188,0.9687039682834492,0.16367265469061876
time,time::wired_time_16,wired_time_16,expert,joint,23,6,0.9982849939595002,1.1630343040501403,1.103398695199591,0.05127588123830451,0.0016212120132639847,0.015296292636675757,3.2461898058869547,0.003992015968063872,0.044459207022231315,-6.738446814508015e-05,0.0164061559569796,2.7140173241760297,0.005988023952095809,0.05620337973882483,0.0026647853948043344,0.0220877067257185,2.4239091458816406,0.00998003992015968,0.1,0.11917157027564348,0.10160957608629392,-0.1886787743249873,0.4171656686626746
time,time::wired_time_16,wired_time_16,expert,expert,12,6,1.064379469470242,1.2105099611483514,1.190645303414555,0.016410156356707506,-0.0008719986904886739,0.01592495406155831,1.0852247975342082,0.1317365269461078,0.028334840572594812,-0.00169607459650205,0.018208410615473975,1.6492881121417495,0.05788423153692615,0.022541706519419447,-0.002238732173485843,0.027399706111534097,0.904405273254876,0.18163672654690619,0.0,0.06743333333333333,0.16022269002415024,-0.4208725575832559,1.0
time,time::wired_time_16,wired_time_16,expert,partner,11,6,0.9693218720684897,1.1140396726521253,1.0820330434678458,0.028730241812738422,0.00010824909347166379,0.02093784064228735,1.3669983074309975,0.10379241516966067,0.007848404250927117,-0.0014855913860647183,0.025118505813867504,0.3715983628229468,0.3712574850299401,-0.00878398641732403,-0.000958252575263595,0.03974253467646811,-0.19691078854852503,0.5888223552894212,0.0,0.11186666666666667,0.20797200195238072,-0.5378929164334377,1.0
zero,zero::wired_zero_12,wired_zero_12,child,joint,16,6,0.9194715956308886,1.1339775777659393,1.1316040493545618,0.0020930999500480274,-0.043165611894892944,0.026289105165100416,1.721576735332296,0.04790419161676647,0.0550555512554153,-0.033379709350862874,0.05250015273117931,1.684476253985398,0.05588822355289421,-0.03978739857302205,-0.09245893661098352,0.08307791036846085,0.6340017196431237,0.2275449101796407,0.18181818181818182,0.15557625707625708,0.13772667255569251,0.19053625746540345,0.3273453093812375
zero,zero::wired_zero_13,wired_zero_13,teenager,joint,16,6,0.956679671501592,1.153899824935416,1.1345806724202319,0.016742486737326145,-0.015170005848921695,0.022274025326394283,1.4327222905880495,0.07984031936127745,0.028306067597400033,-0.010287547831116043,0.02940070563941765,1.3126765017766597,0.0998003992015968,0.018172294840336112,-0.030445976519020014,0.041805138539296925,1.162973573539407,0.1217564870259481,0.6363636363636364,0.17384949494949495,0.15486178107820053,2.986625481083584,0.005988023952095809
zero,zero::wired_zero_14,wired_zero_14,undergraduate,joint,35,6,0.9139304300842964,1.1783988903986453,1.1493990879187452,0.024609495745612664,-0.015880589411668377,0.016453396634958064,2.4608952215527893,0.013972055888223553,-0.013019452158953851,-0.013245844980226325,0.020855651286098738,0.010855226632187487,0.47904191616766467,-0.055402342170699614,-0.03512197758581965,0.03214997234331975,-0.6308050398399145,0.7365269461077845,0.2727272727272727,0.1651011354173094,0.07441682433415105,1.4462608190144441,0.07984031936127745
zero,zero::wired_zero_14,wired_zero_14,undergraduate,expert,18,6,0.8683345757137626,1.1177213282767167,1.0280118969422385,0.080260999826129,-0.0010329404112369982,0.02765936299720196,2.939111079513644,0.003992015968063872,0.09264976530383862,-7.489829022725159e-05,0.031299102443003296,2.9625342695663734,0.007984031936127744,0.12204287717642881,-0.0012855610566560114,0.04513312740800153,2.7325480266014153,0.005988023952095809,0.0,0.1557328504828505,0.1320232261830915,-1.17958676655029,1.0
zero,zero::wired_zero_14,wired_zero_14,undergraduate,partner,17,6,0.9485328762300648,1.2039193648333248,1.2375143081313984,-0.027904645675937312,0.002141404172933634,0.04275300129925535,-0.7027822360016225,0.7005988023952096,-0.0025640387948912186,0.001090157566536783,0.049779168679703716,-0.0734081435738784,0.5069860279441117,0.003086088489117733,0.0034894602963061036,0.07496863797918349,-0.0053805406909003,0.5429141716566867,0.15384615384615385,0.13084909534909536,0.12418661281580431,0.18518146179868936,0.5568862275449101
zero,zero::wired_zero_15,wired_zero_15,graduate,joint,34,6,0.9630803187930559,1.1741285303766282,1.168668246280357,0.004650499459816104,-0.012468261819869913,0.01760100693078272,0.9726012464517985,0.17365269461077845,0.004118396031252363,-0.010511241839612058,0.025610505197846987,0.5712358174056753,0.27944111776447106,-0.01106948198952018,-0.028140933441424744,0.03867716091649025,0.44138326204357065,0.32934131736526945,0.16666666666666666,0.16336076238765354,0.07965967301334018,0.041500349599219354,0.46706586826347307
zero,zero::wired_zero_15,wired_zero_15,graduate,expert,17,6,0.783096167785679,1.1304321170461427,1.1888867337677773,-0.051709975185753265,0.003686495388218115,0.05153092109685728,-1.0750141739141132,0.8562874251497006,-0.03177448938415424,0.002922393707429557,0.0582826085800896,-0.5953213820878444,0.7005988023952096,-0.13788197611872077,0.006287044447632027,0.08708063581684078,-1.6555807064797698,0.9461077844311377,0.0,0.09845314685314686,0.1383952326086453,-0.7113911729282839,1.0
zero,zero::wired_zero_15,wired_zero_15,graduate,partner,17,6,1.0075350204912388,1.1870453162740067,1.1072038939074274,0.0672606355224854,0.001896325747154101,0.03887920133252251,1.6812153422671763,0.0658682634730539,0.084181527318577,0.002189390989023031,0.044756443950493795,1.8319627095541258,0.043912175648702596,0.13753463443739333,0.0032382345597234304,0.06429344258732529,2.0888039973169032,0.017964071856287425,0.6666666666666666,0.1434047175047175,0.1387937620979394,3.770068202292196,0.001996007984031936
zero,zero::wired_zero_16,wired_zero_16,expert,joint,49,6,0.9955216069387802,1.1873739629281563,1.1662600171621162,0.0177820521800659,-0.017604887419907435,0.011114403033785051,3.183881265813894,0.001996007984031936,-0.015637340461573113,-0.013911674591323163,0.019323382272361064,-0.089304545442763,0.5588822355289421,-0.03784103575687592,-0.03723716097045358,0.03137447893408172,-0.01924732479832069,0.5209580838323353,0.25688073394495414,0.18302162739489206,0.06047591065149155,1.22129796400578,0.11976047904191617
zero,zero::wired_zero_16,wired_zero_16,expert,expert,25,6,0.9622349014212765,1.1627070777783597,1.1722025138583396,-0.008166662318873419,0.0009338169529103011,0.023357293322650904,-0.3896204558495853,0.626746506986028,-0.0053186010955775746,0.000526055530884931,0.024968243928702297,-0.2340836080884234,0.590818363273453,-0.033888073510087935,0.0002446560482373359,0.03758893086993452,-0.9080526838188502,0.8263473053892215,0.10344827586206896,0.1411648932676519,0.11677479149629547,-0.32298595375166594,0.5369261477045908
zero,zero::wired_zero_16,wired_zero_16,expert,partner,24,6,0.9720353945511151,1.1680893447089755,1.1261306425501563,0.035920798651984165,-0.00025618621762010395,0.048408031680916966,0.7473343495572383,0.2315369261477046,0.052757213037537755,0.0038130044286013146,0.05293988960054403,0.9245241910824361,0.18562874251497005,0.039095636985958415,0.004397675239824154,0.07827548298331449,0.4432800721719037,0.3393213572854291,0.2916666666666667,0.15365706440097746,0.1028398352073363,1.341985836397412,0.10379241516966067
