dataset,conversation_id,expert_n_utterances,partner_n_utterances,speaker_centroid_cosine_distance,speaker_centroid_euclidean_distance
wired,wired_Talia_12,19,1,0.46671104431152344,0.8467584252357483
wired,wired_Talia_13,37,8,0.4639720320701599,0.46902480721473694
wired,wired_Talia_14,29,9,0.2397228479385376,0.36775100231170654
wired,wired_Talia_15,27,8,0.23353636264801025,0.39511504769325256
wired,wired_Talia_16,16,27,0.10130810737609863,0.28710147738456726
wired,wired_astro_12,35,11,0.17095202207565308,0.3045123815536499
wired,wired_astro_13,44,6,0.2984951138496399,0.439706951379776
wired,wired_astro_14,34,15,0.11033260822296143,0.25913333892822266
wired,wired_astro_15,34,22,0.1078912615776062,0.2583768367767334
wired,wired_astro_16,21,18,0.10243368148803711,0.26208969950675964
wired,wired_blockchain_12,11,4,0.3689928650856018,0.509598970413208
wired,wired_blockchain_13,17,7,0.3298254609107971,0.43414315581321716
wired,wired_blockchain_14,20,3,0.3428347706794739,0.5026516318321228
wired,wired_blockchain_15,16,14,0.23368096351623535,0.38247695565223694
wired,wired_blockchain_16,21,43,0.19194364547729492,0.3190867602825165
wired,wired_crispr_12,12,1,0.7981826066970825,1.0275405645370483
wired,wired_crispr_13,15,4,0.43112021684646606,0.577309250831604
wired,wired_crispr_14,11,11,0.2857813239097595,0.41867974400520325
wired,wired_crispr_15,15,22,0.1760258674621582,0.2879333198070526
wired,wired_crispr_16,38,54,0.11587512493133545,0.2546396851539612
wired,wired_dimension_12,46,15,0.24115478992462158,0.36959323287010193
wired,wired_dimension_13,44,8,0.20290839672088623,0.34828150272369385
wired,wired_dimension_14,55,11,0.207045316696167,0.34693643450737
wired,wired_dimension_15,53,15,0.1305670142173767,0.2774501442909241
wired,wired_dimension_16,42,27,0.11640369892120361,0.22352787852287292
wired,wired_fractal_12,25,5,0.3141074776649475,0.4798209071159363
wired,wired_fractal_13,29,6,0.256989061832428,0.4044106602668762
wired,wired_fractal_14,35,10,0.3280720114707947,0.37907877564430237
wired,wired_fractal_15,32,15,0.20860570669174194,0.31248921155929565
wired,wired_fractal_16,28,38,0.18767696619033813,0.30212491750717163
wired,wired_gravity_12,37,6,0.18051671981811523,0.3593365550041199
wired,wired_gravity_13,86,13,0.2590842843055725,0.3811866343021393
wired,wired_gravity_14,73,10,0.23067402839660645,0.3531564772129059
wired,wired_gravity_15,46,28,0.10623663663864136,0.24159470200538635
wired,wired_gravity_16,52,79,0.07742303609848022,0.18658724427223206
wired,wired_hacking_12,25,9,0.26588064432144165,0.3972366750240326
wired,wired_hacking_13,21,9,0.23647058010101318,0.4059373736381531
wired,wired_hacking_14,41,14,0.20192945003509521,0.3065681457519531
wired,wired_hacking_15,32,30,0.24807780981063843,0.29541724920272827
wired,wired_hacking_16,36,51,0.1627163290977478,0.24045592546463013
wired,wired_infinity_12,26,10,0.14113444089889526,0.31107547879219055
wired,wired_infinity_13,35,9,0.23171037435531616,0.366432785987854
wired,wired_infinity_14,63,14,0.16238802671432495,0.2930062711238861
wired,wired_infinity_15,43,18,0.21715885400772095,0.3220250904560089
wired,wired_infinity_16,22,22,0.15620654821395874,0.31215590238571167
wired,wired_internet_12,38,6,0.35103511810302734,0.46476805210113525
wired,wired_internet_13,42,6,0.31714439392089844,0.43924951553344727
wired,wired_internet_14,43,15,0.1782437562942505,0.25537368655204773
wired,wired_internet_15,14,18,0.23037993907928467,0.3267967402935028
wired,wired_internet_16,26,39,0.12678629159927368,0.2370622307062149
wired,wired_laser_12,41,5,0.2581362724304199,0.3841280937194824
wired,wired_laser_13,49,16,0.19100940227508545,0.31787022948265076
wired,wired_laser_14,46,10,0.3609763979911804,0.42202261090278625
wired,wired_laser_15,28,14,0.2122483253479004,0.2993009090423584
wired,wired_laser_16,33,58,0.2123095989227295,0.29754891991615295
wired,wired_machine_12,34,8,0.34816306829452515,0.418845534324646
wired,wired_machine_13,27,21,0.23557257652282715,0.32512834668159485
wired,wired_machine_14,30,21,0.13705295324325562,0.256242960691452
wired,wired_machine_15,10,17,0.235820472240448,0.36179742217063904
wired,wired_machine_16,25,32,0.15504932403564453,0.2553704082965851
wired,wired_memory_12,23,14,0.21155613660812378,0.3694157898426056
wired,wired_memory_13,26,7,0.4548085927963257,0.5152134895324707
wired,wired_memory_14,37,11,0.13634908199310303,0.302462637424469
wired,wired_memory_15,25,14,0.2408524751663208,0.3768843412399292
wired,wired_memory_16,34,40,0.14814132452011108,0.28131207823753357
wired,wired_moravec_12,31,5,0.36031776666641235,0.4776670038700104
wired,wired_moravec_13,37,6,0.20663577318191528,0.41652712225914
wired,wired_moravec_14,29,14,0.1432708501815796,0.2989683747291565
wired,wired_moravec_15,15,17,0.20433396100997925,0.35267937183380127
wired,wired_moravec_16,17,30,0.19838738441467285,0.32137465476989746
wired,wired_nano_12,39,5,0.2966853976249695,0.40448862314224243
wired,wired_nano_13,39,7,0.3680438995361328,0.4643382430076599
wired,wired_nano_14,45,25,0.12981116771697998,0.24817615747451782
wired,wired_nano_15,18,16,0.18288803100585938,0.3830356001853943
wired,wired_nano_16,20,57,0.235479474067688,0.36464056372642517
wired,wired_neuro_12,8,3,0.5125313997268677,0.639397144317627
wired,wired_neuro_13,6,3,0.6654609441757202,0.7940200567245483
wired,wired_neuro_14,10,5,0.28125476837158203,0.4507535398006439
wired,wired_neuro_15,6,9,0.3591267466545105,0.501636803150177
wired,wired_neuro_16,14,9,0.2611846327781677,0.3837154507637024
wired,wired_nuclear_12,42,12,0.25165921449661255,0.34386885166168213
wired,wired_nuclear_13,45,4,0.32629555463790894,0.44377046823501587
wired,wired_nuclear_14,64,13,0.2646216154098511,0.36442509293556213
wired,wired_nuclear_15,56,16,0.25318652391433716,0.3401119112968445
wired,wired_nuclear_16,16,26,0.14859634637832642,0.2719869315624237
wired,wired_sensing_12,27,8,0.21297037601470947,0.3387795686721802
wired,wired_sensing_13,45,15,0.15273165702819824,0.25334638357162476
wired,wired_sensing_14,35,15,0.16198104619979858,0.2958483397960663
wired,wired_sensing_15,35,15,0.17254704236984253,0.3310437500476837
wired,wired_sensing_16,12,33,0.23254162073135376,0.3442024886608124
wired,wired_sleep_12,47,9,0.27204442024230957,0.3728709816932678
wired,wired_sleep_13,40,12,0.16020435094833374,0.30975160002708435
wired,wired_sleep_14,29,9,0.2689617872238159,0.39701542258262634
wired,wired_sleep_15,28,10,0.16132521629333496,0.3224208354949951
wired,wired_sleep_16,21,10,0.1515728235244751,0.3441413342952728
wired,wired_time_12,47,5,0.25043898820877075,0.3996313512325287
wired,wired_time_13,58,6,0.3716517686843872,0.4691840410232544
wired,wired_time_14,47,11,0.21272534132003784,0.3201310336589813
wired,wired_time_15,53,24,0.121898353099823,0.2310214787721634
wired,wired_time_16,23,34,0.10774582624435425,0.22831718623638153
wired,wired_zero_12,34,7,0.3584381341934204,0.4735527038574219
wired,wired_zero_13,27,7,0.2679784297943115,0.41873419284820557
wired,wired_zero_14,65,12,0.3503763675689697,0.39955589175224304
wired,wired_zero_15,24,26,0.12049108743667603,0.23511521518230438
wired,wired_zero_16,39,23,0.204928457736969,0.3228185474872589
