dataset,video_id,conversation_id,level,level_label,episode_id,n_episode_utterances,dyad_ss,dyad_df,speaker_ss,speaker_df,episode_dispersion_dyad,episode_dispersion_speaker
wired,astro,wired_astro_12,0,child,0,21.0,16.39971828655065,20.0,15.498754301168793,19.0,0.9055307362688096,0.9031743522641856
wired,astro,wired_astro_12,0,child,1,35.0,25.990980561045003,34.0,25.257209854445552,33.0,0.874322940758515,0.874854271058477
wired,astro,wired_astro_13,1,teenager,0,53.0,41.60976998488407,52.0,40.51400750945336,51.0,0.8945322153643733,0.8912868809238295
wired,astro,wired_astro_14,2,undergraduate,0,52.0,37.73346955377383,51.0,36.86467254776348,50.0,0.8601580971163272,0.8586579359414723
wired,astro,wired_astro_15,3,graduate,0,33.0,25.0668706000788,32.0,24.324918897980638,31.0,0.8850648034197623,0.8858187191297471
wired,astro,wired_astro_15,3,graduate,1,34.0,26.211649844136055,33.0,25.496759416109164,32.0,0.8912308452467713,0.8926218302021363
wired,astro,wired_astro_16,4,expert,0,42.0,29.833717780162043,41.0,29.1509721164256,40.0,0.8530250014944954,0.8536827882244317
wired,blockchain,wired_blockchain_12,0,child,0,20.0,15.820708147891676,19.0,15.091136237373677,18.0,0.9125069040226685,0.9156399170153467
wired,blockchain,wired_blockchain_13,1,teenager,0,32.0,25.259434953181923,31.0,24.104534457222112,30.0,0.9026740731630145,0.8963729591567361
wired,blockchain,wired_blockchain_14,2,undergraduate,0,23.0,16.63188955266018,22.0,15.97277999401625,21.0,0.8694797178004625,0.8721287583514437
wired,blockchain,wired_blockchain_15,3,graduate,0,36.0,27.736284244943178,35.0,26.409633142013554,34.0,0.8902051809224847,0.88133643742987
wired,blockchain,wired_blockchain_16,4,expert,0,68.0,54.43619929483834,67.0,53.04255686784789,66.0,0.9013770501239337,0.8964792825594473
wired,crispr,wired_crispr_12,0,child,0,21.0,16.257047616018205,20.0,15.191799089260215,19.0,0.9015832633766613,0.8941858716838231
wired,crispr,wired_crispr_13,1,teenager,0,24.0,17.872562828743614,23.0,16.677361384705954,22.0,0.8815145767801059,0.8706674917113868
wired,crispr,wired_crispr_14,2,undergraduate,0,29.0,22.658468227257632,28.0,21.726833898125182,27.0,0.8995726808414893,0.8970493586098895
wired,crispr,wired_crispr_15,3,graduate,0,41.0,32.60602824158611,40.0,31.951389658457344,39.0,0.9028569687606408,0.905133361167793
wired,crispr,wired_crispr_16,4,expert,0,34.0,26.484584106552376,33.0,25.226697623790766,32.0,0.8958588922056929,0.8878819182433334
wired,crispr,wired_crispr_16,4,expert,1,42.0,29.834591139170172,41.0,28.52182898830588,40.0,0.8530374872266204,0.8444203483500662
wired,crispr,wired_crispr_16,4,expert,2,26.0,18.91947160689204,25.0,18.23804020523513,24.0,0.8699303789819514,0.8717329533089805
wired,dimension,wired_dimension_12,0,child,0,16.0,11.352334433690485,15.0,10.008937363281076,14.0,0.869955341140777,0.8455318429114422
wired,dimension,wired_dimension_12,0,child,1,7.0,3.4994338685106534,6.0,2.99911096338899,5.0,0.7637008433183172,0.774481886604069
wired,dimension,wired_dimension_12,0,child,2,14.0,8.999501055638268,13.0,8.508435655188762,12.0,0.832027230306902,0.8420429351280513
wired,dimension,wired_dimension_12,0,child,3,52.0,40.994352505290934,51.0,39.64332035581409,50.0,0.8965549807106518,0.890430461696073
wired,dimension,wired_dimension_13,1,teenager,0,19.0,14.16418702431238,18.0,13.304497686475054,17.0,0.8870734350257963,0.8846567192810558
wired,dimension,wired_dimension_13,1,teenager,1,51.0,39.788036891761294,50.0,36.18947518321049,49.0,0.8920542235958674,0.8593955538776681
wired,dimension,wired_dimension_13,1,teenager,2,25.0,18.233791905313453,24.0,16.01090816594172,23.0,0.871631418311697,0.8343419215150741
wired,dimension,wired_dimension_14,2,undergraduate,0,61.0,47.31361817392116,60.0,44.25115464780054,59.0,0.8880091795126253,0.8660367026296888
wired,dimension,wired_dimension_14,2,undergraduate,1,17.0,12.304790859716274,16.0,10.912416777258194,15.0,0.8769546332235592,0.8529328530530483
wired,dimension,wired_dimension_14,2,undergraduate,2,21.0,15.75239369717312,20.0,14.361798812621142,19.0,0.8874793996812862,0.8694159810083385
wired,dimension,wired_dimension_15,3,graduate,0,66.0,52.36673387809931,65.0,51.087430172036136,64.0,0.897575656790594,0.8934433929679398
wired,dimension,wired_dimension_15,3,graduate,1,26.0,18.170980482745264,25.0,17.561286732362404,24.0,0.8525486609630036,0.8554065001594857
wired,dimension,wired_dimension_16,4,expert,0,15.0,10.750778047196603,14.0,9.635050921470707,13.0,0.8763062921472721,0.8609051998855939
wired,dimension,wired_dimension_16,4,expert,1,18.0,13.823050208344533,17.0,13.03611582101495,16.0,0.9017320003697633,0.9026390412636905
wired,dimension,wired_dimension_16,4,expert,2,23.0,18.737725939113204,22.0,17.765025260243235,21.0,0.9228839663870191,0.9197573505121373
wired,dimension,wired_dimension_16,4,expert,3,22.0,17.220839654900722,21.0,16.23762790431482,20.0,0.9055605907760679,0.9010446133326258
wired,dimension,wired_dimension_16,4,expert,4,17.0,12.910578360229833,16.0,12.463298646347289,15.0,0.8982823317389498,0.9115298000741131
wired,fractal,wired_fractal_12,0,child,0,15.0,10.70369019514424,14.0,8.721473506286685,13.0,0.8743850980278426,0.8190742197180108
wired,fractal,wired_fractal_12,0,child,1,19.0,14.320520226922444,18.0,12.555986545504425,17.0,0.8919554120309192,0.8594111029380533
wired,fractal,wired_fractal_12,0,child,2,12.0,8.023539080204253,11.0,7.569517923247111,10.0,0.8540565810617773,0.8700297651946807
wired,fractal,wired_fractal_13,1,teenager,0,40.0,30.44486479726985,39.0,29.709322528383723,38.0,0.883536959557638,0.8842082769702676
wired,fractal,wired_fractal_14,2,undergraduate,0,47.0,37.72864383813143,46.0,36.712088308062654,45.0,0.9056422635481387,0.9032298625619143
wired,fractal,wired_fractal_15,3,graduate,0,16.0,12.670774560367347,15.0,12.111836515046498,14.0,0.9190855803593536,0.9301242818280676
wired,fractal,wired_fractal_15,3,graduate,1,20.0,14.532129495198948,19.0,13.378666226320297,18.0,0.8745564137320957,0.8621248371295029
wired,fractal,wired_fractal_15,3,graduate,2,18.0,12.576358151638228,17.0,11.9204005945027,16.0,0.8601080011404255,0.8631483285950444
wired,fractal,wired_fractal_16,4,expert,0,51.0,41.5295062133369,50.0,39.98604088033946,49.0,0.9113671731342632,0.9033502369619286
wired,fractal,wired_fractal_16,4,expert,1,34.0,26.231499916876515,33.0,25.598239906787605,32.0,0.8915682457754123,0.8943964429083519
wired,gravity,wired_gravity_12,0,child,0,71.0,58.818456390525014,70.0,56.16985925933874,69.0,0.9166589675128837,0.9022504814599792
wired,gravity,wired_gravity_13,1,teenager,0,8.0,4.538840230390061,7.0,4.01367232114549,6.0,0.805236454216139,0.8178908159758134
wired,gravity,wired_gravity_13,1,teenager,1,108.0,86.03001145808192,107.0,84.20192345115859,106.0,0.8966709534013371,0.8912675066483443
wired,gravity,wired_gravity_14,2,undergraduate,0,62.0,48.419233787784954,61.0,47.312682585009156,60.0,0.8909309350041081,0.888000399634005
wired,gravity,wired_gravity_14,2,undergraduate,1,28.0,20.347828194624952,27.0,17.79009288122982,26.0,0.8681147772429582,0.8271845873719857
wired,gravity,wired_gravity_14,2,undergraduate,2,12.0,8.359695762651107,11.0,7.338554753458707,10.0,0.8717639256468414,0.8566536495841658
wired,gravity,wired_gravity_15,3,graduate,0,47.0,34.19332174138815,46.0,33.01364391517024,45.0,0.8621676642826063,0.8565258498423896
wired,gravity,wired_gravity_15,3,graduate,1,39.0,30.0129148184813,38.0,29.065628688049653,37.0,0.8887145480157118,0.8863168350592524
wired,gravity,wired_gravity_16,4,expert,0,151.0,121.40925578767221,150.0,120.41037189525412,149.0,0.8996638475477835,0.8989567850071717
wired,hacking,wired_hacking_12,0,child,0,27.0,19.14679259377268,26.0,18.006061752056574,25.0,0.858146316056002,0.8486710022631049
wired,hacking,wired_hacking_12,0,child,1,13.0,9.228685673428327,12.0,8.419550542648512,11.0,0.8769590295175486,0.8748792406357115
wired,hacking,wired_hacking_13,1,teenager,0,37.0,27.654721647488486,36.0,26.661348584743845,35.0,0.8764626132529759,0.8727845190578067
wired,hacking,wired_hacking_14,2,undergraduate,0,56.0,44.634561736350584,55.0,43.63216969919469,54.0,0.9008537540108634,0.898889950203961
wired,hacking,wired_hacking_15,3,graduate,0,38.0,30.803354889613054,37.0,29.55516339454044,36.0,0.9124270409872107,0.9060776793186425
wired,hacking,wired_hacking_15,3,graduate,1,28.0,22.881795329560294,27.0,21.792564527470816,26.0,0.9205834568874381,0.9155192836575741
wired,hacking,wired_hacking_16,4,expert,0,40.0,33.162658562122374,39.0,32.26016673228592,38.0,0.9221304563433301,0.9213857802857538
wired,hacking,wired_hacking_16,4,expert,1,54.0,44.96137917396847,53.0,43.981492721214956,52.0,0.9210471806280074,0.9196727336104086
wired,infinity,wired_infinity_12,0,child,0,43.0,33.31336091859535,42.0,32.5922528371041,41.0,0.8906038737657477,0.8915901502523058
wired,infinity,wired_infinity_13,1,teenager,0,53.0,40.01741907753972,52.0,39.103814739706145,51.0,0.8772489677914409,0.8756377478640549
wired,infinity,wired_infinity_14,2,undergraduate,0,18.0,12.92155374277052,17.0,12.549642991880123,16.0,0.8718322066966556,0.88563688213201
wired,infinity,wired_infinity_14,2,undergraduate,1,74.0,57.08458815509563,73.0,56.03682454491486,72.0,0.8842967034083324,0.8822070220704912
wired,infinity,wired_infinity_15,3,graduate,0,48.0,38.470029412261226,47.0,37.26258419617612,46.0,0.9047161234833081,0.9000312095576141
wired,infinity,wired_infinity_15,3,graduate,1,20.0,13.635070426307545,19.0,12.879410236912236,18.0,0.8471335701028109,0.8458858025404898
wired,infinity,wired_infinity_16,4,expert,0,46.0,33.53227796147365,45.0,32.46227110229928,44.0,0.8632275091059091,0.8589405617902907
wired,internet,wired_internet_12,0,child,0,11.0,7.449422329669886,10.0,6.77844351671296,9.0,0.8631003608891544,0.8678481380667267
wired,internet,wired_internet_12,0,child,1,50.0,40.94498224593269,49.0,39.464162269078905,48.0,0.9141180900573267,0.9067359302864739
wired,internet,wired_internet_13,1,teenager,0,53.0,42.484609290957806,52.0,41.49568982845058,51.0,0.9038870046271292,0.9020204970112612
wired,internet,wired_internet_14,2,undergraduate,0,48.0,39.60728754299106,47.0,38.84667824251366,46.0,0.9179914191295877,0.9189630053881582
wired,internet,wired_internet_14,2,undergraduate,1,15.0,11.537475123981945,14.0,10.971292877695264,13.0,0.9078024928356996,0.9186651217808145
wired,internet,wired_internet_15,3,graduate,0,37.0,30.856052548596324,36.0,29.950636662055633,35.0,0.9258037431304447,0.9250580933426464
wired,internet,wired_internet_16,4,expert,0,72.0,57.99108328115947,71.0,57.03078522259253,70.0,0.903756505294098,0.9026214617323772
wired,laser,wired_laser_12,0,child,0,26.0,19.213566440294656,25.0,17.79539236462187,24.0,0.8766656475599954,0.8610892415186968
wired,laser,wired_laser_12,0,child,1,17.0,12.417170919892904,16.0,11.12787396671268,15.0,0.8809501589155351,0.8613119437506437
wired,laser,wired_laser_12,0,child,2,30.0,23.703068382924954,29.0,22.540021940700715,28.0,0.9040725555054206,0.8972183589274431
wired,laser,wired_laser_13,1,teenager,0,31.0,23.601858289691947,30.0,22.169053600270892,29.0,0.886977231757613,0.8743283846171713
wired,laser,wired_laser_13,1,teenager,1,45.0,34.39956066029063,44.0,33.493900397638484,43.0,0.8841991839086865,0.8825689300129201
wired,laser,wired_laser_14,2,undergraduate,0,64.0,52.253942387462004,63.0,50.67180322958035,62.0,0.91072918968475,0.9040393513914088
wired,laser,wired_laser_15,3,graduate,0,39.0,32.26551782558906,38.0,31.58423987287678,37.0,0.9214621936670038,0.9239199665946967
wired,laser,wired_laser_15,3,graduate,1,14.0,11.001799524185978,13.0,10.18348853447058,12.0,0.919941449816905,0.9212079268760203
wired,laser,wired_laser_16,4,expert,0,11.0,7.853671034127818,10.0,7.300380667511234,9.0,0.8862094015596889,0.9006405539954596
wired,laser,wired_laser_16,4,expert,1,100.0,81.09168404381995,99.0,79.11129049282745,98.0,0.9050458107933239,0.8984754121584748
wired,machine,wired_machine_12,0,child,0,17.0,12.862310922317826,16.0,11.94465305067566,15.0,0.8966016019642526,0.8923621481093745
wired,machine,wired_machine_12,0,child,1,32.0,25.57117665512756,31.0,24.479031989990517,30.0,0.9082272107212145,0.9033093229894641
wired,machine,wired_machine_12,0,child,2,20.0,15.136072052374882,19.0,13.71616499060757,18.0,0.8925443244890561,0.8729313639369736
wired,machine,wired_machine_13,1,teenager,0,13.0,9.669609070903249,12.0,9.07780270556972,11.0,0.8976640551501459,0.9084353534596885
wired,machine,wired_machine_13,1,teenager,1,52.0,43.215236724374414,51.0,42.07897100095506,50.0,0.9205202783376751,0.9173763786031888
wired,machine,wired_machine_14,2,undergraduate,0,18.0,13.280300417796997,17.0,12.792414219488226,16.0,0.883851877988248,0.8941621154567074
wired,machine,wired_machine_14,2,undergraduate,1,39.0,30.94624390463468,38.0,29.954820206855935,37.0,0.9024271935151608,0.8997720463097476
wired,machine,wired_machine_15,3,graduate,0,28.0,21.660273839714186,27.0,20.83207295667625,26.0,0.8956742512955582,0.8951165149056176
wired,machine,wired_machine_16,4,expert,0,62.0,50.97854475457102,61.0,50.013046251631195,60.0,0.9141738611640515,0.9129900168460331
wired,memory,wired_memory_12,0,child,0,15.0,11.116476503915397,14.0,10.16907607420633,13.0,0.8910858746461853,0.8844414175584467
wired,memory,wired_memory_12,0,child,1,26.0,17.622915623742273,25.0,16.70499282332961,24.0,0.8395931305993939,0.8342909370469835
wired,memory,wired_memory_13,1,teenager,0,34.0,26.66721668396424,33.0,25.29657395579632,32.0,0.8989424204428467,0.88911075582215
wired,memory,wired_memory_14,2,undergraduate,0,49.0,34.751111334407156,48.0,33.98057280628478,47.0,0.8508710161554938,0.850288722006835
wired,memory,wired_memory_15,3,graduate,0,43.0,32.737290667825086,42.0,31.355959519935016,41.0,0.8828699233833277,0.8745167239602796
wired,memory,wired_memory_16,4,expert,0,81.0,62.56147356127752,80.0,61.208021758613924,79.0,0.8843180533699225,0.880218771415422
wired,moravec,wired_moravec_12,0,child,0,50.0,39.215958207528814,49.0,37.02452398095698,48.0,0.8946092318463239,0.8782620620311857
wired,moravec,wired_moravec_13,1,teenager,0,24.0,19.743093414565344,23.0,18.64270116929611,22.0,0.9264962848552967,0.9205408777970034
wired,moravec,wired_moravec_13,1,teenager,1,34.0,23.95491118139482,33.0,23.09484660560335,32.0,0.852001408118676,0.8495374955969305
wired,moravec,wired_moravec_14,2,undergraduate,0,49.0,36.474979767546195,48.0,35.6985989695313,47.0,0.8717198012113061,0.8715185935630965
wired,moravec,wired_moravec_15,3,graduate,0,37.0,28.278204538497175,36.0,27.310728821777168,35.0,0.8862875840408245,0.8833496124214139
wired,moravec,wired_moravec_16,4,expert,0,53.0,41.98753974663658,52.0,40.92903242920575,51.0,0.898583711979757,0.8958404141539302
wired,nano,wired_nano_12,0,child,0,31.0,24.380959605364012,30.0,23.131583145842235,29.0,0.9014980052735191,0.8931073833154056
wired,nano,wired_nano_12,0,child,1,27.0,20.284659010361217,26.0,19.260259838718518,25.0,0.8832775286998988,0.8777302510160743
wired,nano,wired_nano_13,1,teenager,0,14.0,9.958523844285029,13.0,9.084840074951606,12.0,0.8752372796643394,0.8700976992533466
wired,nano,wired_nano_13,1,teenager,1,47.0,37.27736362699869,46.0,35.87156309654029,45.0,0.9002096812144077,0.892830245113697
wired,nano,wired_nano_14,2,undergraduate,0,86.0,69.89090405546926,85.0,68.99176368179036,84.0,0.9067777732522695,0.9062728728265642
wired,nano,wired_nano_15,3,graduate,0,34.0,24.07777547829437,33.0,22.83500248740495,32.0,0.8541835633798593,0.8447448299524565
wired,nano,wired_nano_16,4,expert,0,83.0,65.57650571052417,82.0,63.69807436665552,81.0,0.8942670094969875,0.8867897044030526
wired,neuro,wired_neuro_12,0,child,0,12.0,8.670462384840446,11.0,7.569947345826238,10.0,0.8878197188434785,0.8700544434589274
wired,neuro,wired_neuro_13,1,teenager,0,13.0,9.490077810507819,12.0,8.279772085710047,11.0,0.8892917505196584,0.8675866257880926
wired,neuro,wired_neuro_14,2,undergraduate,0,20.0,15.024978941539114,19.0,14.353787136816308,18.0,0.8892628212987226,0.8929908278991543
wired,neuro,wired_neuro_15,3,graduate,0,16.0,11.765615533893452,15.0,10.86604451447241,14.0,0.8856491229184559,0.8809915077615841
wired,neuro,wired_neuro_16,4,expert,0,23.0,17.297548679804613,22.0,16.490943080234352,21.0,0.8867086402637517,0.8861619512372912
wired,nuclear,wired_nuclear_12,0,child,0,29.0,22.56180708828643,28.0,20.424220666847162,27.0,0.8976518392905226,0.8697428454955152
wired,nuclear,wired_nuclear_12,0,child,1,44.0,35.06268073727635,43.0,34.048021905412575,42.0,0.903001207051607,0.9003705838287416
wired,nuclear,wired_nuclear_13,1,teenager,0,58.0,46.71676524982222,57.0,45.64020106922975,56.0,0.9053134113686258,0.9027754928673904
wired,nuclear,wired_nuclear_14,2,undergraduate,0,117.0,94.03573771791531,116.0,92.56339930187056,115.0,0.9003626554679725,0.8971617046910171
wired,nuclear,wired_nuclear_15,3,graduate,0,97.0,79.17286263966822,96.0,77.50658533361661,95.0,0.9081394822180184,0.9032490204730023
wired,nuclear,wired_nuclear_16,4,expert,0,44.0,34.036431231434335,43.0,33.32453643464615,42.0,0.8896880983574738,0.8907532451145217
wired,sensing,wired_sensing_12,0,child,0,29.0,23.291848389119508,28.0,22.441113332082153,27.0,0.9120590595914497,0.911675570382728
wired,sensing,wired_sensing_12,0,child,1,23.0,16.57372211056284,22.0,15.936515533667201,21.0,0.8679579511851848,0.8711381590077377
wired,sensing,wired_sensing_13,1,teenager,0,19.0,15.0056768230099,18.0,14.46790688953576,17.0,0.9130436530579679,0.9225255261743601
wired,sensing,wired_sensing_13,1,teenager,1,34.0,26.07635591494677,33.0,23.202591416495316,32.0,0.8889277830528391,0.8515168710985582
wired,sensing,wired_sensing_13,1,teenager,2,37.0,29.167185246653943,36.0,27.160712706702025,35.0,0.9001108766062278,0.8809201797260802
wired,sensing,wired_sensing_14,2,undergraduate,0,10.0,6.935055082056846,9.0,6.457594923460691,8.0,0.877816424877146,0.8984427446602185
wired,sensing,wired_sensing_14,2,undergraduate,1,11.0,7.687814820145319,10.0,6.603047006751638,9.0,0.876801848774586,0.8565464900628984
wired,sensing,wired_sensing_14,2,undergraduate,2,42.0,32.02810683477173,41.0,30.78615253294556,40.0,0.8838401085227219,0.8772991583967461
wired,sensing,wired_sensing_15,3,graduate,0,14.0,10.243801397843763,13.0,9.51729104145245,12.0,0.8876850358719914,0.890565880094058
wired,sensing,wired_sensing_15,3,graduate,1,20.0,15.854504293717145,19.0,15.225873132794653,18.0,0.9134810312240564,0.9197183485778753
wired,sensing,wired_sensing_15,3,graduate,2,27.0,19.843206210613033,26.0,18.9667216516399,25.0,0.8736133234273228,0.8710159964464464
wired,sensing,wired_sensing_16,4,expert,0,29.0,22.850266369758756,28.0,21.701857457945238,27.0,0.9033719841665993,0.8965336014017635
wired,sensing,wired_sensing_16,4,expert,1,27.0,21.4771977920048,26.0,19.826091827780843,25.0,0.9088707657985604,0.8905299956268928
wired,sleep,wired_sleep_12,0,child,0,13.0,9.58490715337264,12.0,9.024163033699544,11.0,0.8937238179555546,0.9057474579644424
wired,sleep,wired_sleep_12,0,child,1,16.0,12.432560571180943,15.0,11.642239774508845,14.0,0.9104050589776305,0.9119147741549428
wired,sleep,wired_sleep_12,0,child,2,64.0,51.97072360809467,63.0,50.41554700662023,62.0,0.9082577391706649,0.9017505109384445
wired,sleep,wired_sleep_13,1,teenager,0,80.0,62.53883450068565,79.0,60.480403255293524,78.0,0.8897363747000431,0.8805621984415842
wired,sleep,wired_sleep_14,2,undergraduate,0,20.0,15.239908059821321,19.0,14.243005195055531,18.0,0.8956005941272718,0.8895381196958194
wired,sleep,wired_sleep_14,2,undergraduate,1,29.0,20.194635861653197,28.0,19.42271814880418,27.0,0.8492567309471516,0.8481508895457175
wired,sleep,wired_sleep_15,3,graduate,0,10.0,7.2537160396254325,9.0,6.825948643206254,8.0,0.8977574554673831,0.9237118492261436
wired,sleep,wired_sleep_15,3,graduate,1,35.0,24.619083812618115,34.0,23.85710338825683,33.0,0.850935191639834,0.8502602701037334
wired,sleep,wired_sleep_16,4,expert,0,31.0,20.792643258184697,30.0,19.9903535118341,29.0,0.8325191340781043,0.8302545000726169
wired,talia,wired_Talia_12,0,child,0,27.0,21.45045306869094,26.0,20.154431895806713,25.0,0.9083046987211298,0.8978737527248853
wired,talia,wired_Talia_13,1,teenager,0,60.0,49.106310404238755,59.0,45.92844704261894,58.0,0.9123104437824634,0.8898706516100406
wired,talia,wired_Talia_14,2,undergraduate,0,7.0,4.825608358974005,6.0,4.0708478086304645,5.0,0.8968099351752303,0.9023134498200128
wired,talia,wired_Talia_14,2,undergraduate,1,19.0,14.199472280725779,18.0,12.481273588393243,17.0,0.8881776686853999,0.8568503743496481
wired,talia,wired_Talia_14,2,undergraduate,2,18.0,11.619128301929909,17.0,10.832447791524537,16.0,0.8267273646176481,0.8228171042037735
wired,talia,wired_Talia_15,3,graduate,0,10.0,6.949720123776108,9.0,6.165953741063136,8.0,0.878744061068985,0.8779203936763811
wired,talia,wired_Talia_15,3,graduate,1,18.0,13.39376088581303,17.0,10.95213373418671,16.0,0.8876194496521392,0.8273502029894411
wired,talia,wired_Talia_15,3,graduate,2,15.0,10.488734170420141,14.0,9.94319152213885,13.0,0.8655606841158816,0.8745632546124797
wired,talia,wired_Talia_16,4,expert,0,44.0,31.86126920175475,43.0,31.001196905046147,42.0,0.8607901886511123,0.8591412781576916
wired,time,wired_time_12,0,child,0,12.0,8.579499405503139,11.0,8.089011552499935,10.0,0.8831503220909656,0.8993893235134568
wired,time,wired_time_12,0,child,1,23.0,17.644569622302008,22.0,15.725599392765417,21.0,0.895558982939046,0.8653543010363806
wired,time,wired_time_12,0,child,2,45.0,35.55262713636093,44.0,34.92430580983448,43.0,0.8988961303171308,0.901217597680074
wired,time,wired_time_13,1,teenager,0,71.0,57.99425667688335,70.0,56.8845337807462,69.0,0.9102139205144764,0.9079722094063742
wired,time,wired_time_14,2,undergraduate,0,61.0,50.051844859967815,60.0,49.17536317370063,59.0,0.9133440832089498,0.9129516590475302
wired,time,wired_time_15,3,graduate,0,12.0,9.02013894916489,11.0,8.144856432393864,10.0,0.9055454884997566,0.902488583439916
wired,time,wired_time_15,3,graduate,1,91.0,73.79288561990131,90.0,72.60343066575956,89.0,0.9054948654367052,0.9031992492716869
wired,time,wired_time_16,4,expert,0,63.0,49.664129928714075,62.0,48.91334493651502,61.0,0.895005225509291,0.8954653057005396
wired,zero,wired_zero_12,0,child,0,57.0,46.42460304191215,56.0,45.11871010578517,55.0,0.9105002847915942,0.9057263293851783
wired,zero,wired_zero_13,1,teenager,0,53.0,42.43285393366257,52.0,41.053791298105466,51.0,0.9033362728249117,0.8972047146347663
wired,zero,wired_zero_14,2,undergraduate,0,46.0,36.98580372052468,45.0,36.006563780363194,44.0,0.9065907286890776,0.9046164905683813
wired,zero,wired_zero_14,2,undergraduate,1,69.0,55.161835620144,68.0,53.813146897482085,67.0,0.9006683435105941,0.8962038255761602
wired,zero,wired_zero_15,3,graduate,0,22.0,17.148768822876878,21.0,16.298023142793443,20.0,0.9036636759240759,0.9027187586062849
wired,zero,wired_zero_15,3,graduate,1,48.0,36.74266432209701,47.0,35.66850521882026,46.0,0.8841712590690597,0.880569297310358
wired,zero,wired_zero_16,4,expert,0,32.0,24.43835901031613,31.0,22.978443992379674,30.0,0.8878818398993759,0.875184627995329
wired,zero,wired_zero_16,4,expert,1,75.0,59.81917034998191,74.0,58.39545193034266,73.0,0.8990924128762557,0.8943923622638594
