dataset,video_id,conversation_id,level,level_label,n_utterances,expert_utterance_proportion,pr_naive,pr_row_corrected,pr_both_corrected,mean_sdi,median_sdi,directional_innovation_mean,directional_persistence_mean,sustained_direction_precision,sustained_direction_variation,n_sdi_events,total_sdi_weight,mean_sdi_expert,mean_sdi_partner,match_id
wired,talia,wired_Talia_12,0,child,27,0.7407407407407407,16.181811840069336,42.062964982525436,47.500552835885415,0.42287540192774786,0.4066065671314243,1.0528368337929404,0.40453487862545656,0.09484324577000396,0.9051567542299961,6.0,2.537252411566487,0.4346209468396028,0.41112985701589294,wired::talia
wired,talia,wired_Talia_13,1,teenager,60,0.6666666666666666,23.029034179105295,37.46442829731822,41.767521546324474,0.4635042174698862,0.4524004390949081,1.0464923575655825,0.4434654937079788,0.09582747255865667,0.9041725274413434,32.0,14.832134959036358,0.515263180369738,0.41174525457003436,wired::talia
wired,talia,wired_Talia_14,2,undergraduate,44,0.6818181818181818,18.61839473831557,33.47759094419676,36.902616285547026,0.49371570726962205,0.48782796238876,1.042558291188882,0.4947183976550863,0.0773734395416079,0.9226265604583921,21.0,10.368029852662064,0.5379659364330123,0.4450404551898929,wired::talia
wired,talia,wired_Talia_15,3,graduate,43,0.6511627906976745,17.342065446858594,29.631373427024535,32.30685887178974,0.4642145191113194,0.40777001860748896,0.9662834665275918,0.5279222299929721,0.0817096687125382,0.9182903312874618,18.0,8.355861344003749,0.5143668268985266,0.41406221132411225,wired::talia
wired,talia,wired_Talia_16,4,expert,44,0.36363636363636365,21.715176649019615,45.394155359895294,51.792217091199966,0.33557595513550514,0.3574114699439731,0.895505596108439,0.38281183463375323,0.09488224819155196,0.905117751808448,9.0,3.0201835962195465,0.3800496431077075,0.29999700475774327,wired::talia
wired,astro,wired_astro_12,0,child,56,0.7321428571428571,22.54342991241991,38.16757648724448,42.60372388917311,0.44786932279287084,0.4417668266626668,0.9838371618351085,0.45962627940035883,0.06711019860227647,0.9328898013977235,15.0,6.718039841893063,0.4967450523549899,0.40510305942601676,wired::astro
wired,astro,wired_astro_13,1,teenager,53,0.8490566037735849,18.396211145444497,28.303802029557477,30.684645196875458,0.3793853026436207,0.30762013225327545,0.9832658063031534,0.38721344666586877,0.09004476247867406,0.9099552375213259,5.0,1.8969265132181035,0.4280694746854752,0.30635904458083885,wired::astro
wired,astro,wired_astro_14,2,undergraduate,52,0.6730769230769231,21.65585874471593,39.162429737557794,43.86766706772429,0.39144403186164484,0.38313982540351227,0.8727966111889023,0.4491493415369077,0.07792045190509157,0.9220795480949084,9.0,3.5229962867548035,0.36028661694801245,0.41636996379255076,wired::astro
wired,astro,wired_astro_15,3,graduate,67,0.5522388059701493,27.28744895894122,47.215189113391475,54.19897342834622,0.4009482094689223,0.4096534470309059,0.9298852813438966,0.43440570773946613,0.07388226789740034,0.9261177321025996,21.0,8.419912398847368,0.39537882729539375,0.40601128417213006,wired::astro
wired,astro,wired_astro_16,4,expert,42,0.5476190476190477,19.77665581318594,39.31550619392954,44.024261601951736,0.30095952673142795,0.27768090096182524,0.8279083899422902,0.360999242063129,0.07960047003012306,0.920399529969877,6.0,1.8057571603885676,0.36273302204664654,0.23918603141620934,wired::astro
wired,crispr,wired_crispr_12,0,child,21,0.6666666666666666,11.503852590485353,26.11523812498258,28.198871719326718,0.5798420259155148,0.46865611318172257,0.97464974254636,0.6616642156375079,0.08330300939704141,0.9166969906029586,4.0,2.3193681036620593,0.46865611318172257,0.691027938649307,wired::crispr
wired,crispr,wired_crispr_13,1,teenager,24,0.7083333333333334,13.231193851719242,31.643089234982416,34.715378382486875,0.4059881186163105,0.40606720197173485,0.9473495858718691,0.4448893498333819,0.06351253216714413,0.9364874678328559,3.0,1.2179643558489315,0.41781634932452716,0.3823316571998772,wired::crispr
wired,crispr,wired_crispr_14,2,undergraduate,29,0.5172413793103449,13.56912064349568,25.69281624552246,27.692804746155158,0.41681105901053517,0.39128520074561185,0.9964441984305337,0.43229140338458666,0.09422013927836308,0.905779860721637,6.0,2.500866354063211,0.3603958855792035,0.47322623244186696,wired::crispr
wired,crispr,wired_crispr_15,3,graduate,41,0.4146341463414634,20.89128868877218,43.385736165231044,49.30014767847349,0.36110355319003995,0.3356511857830736,0.9840433588934062,0.37483530753242444,0.09002657726531911,0.9099734227346808,4.0,1.4444142127601598,0.3356511857830736,0.3865559205970063,wired::crispr
wired,crispr,wired_crispr_16,4,expert,102,0.4215686274509804,30.276600603019162,43.3718702990644,49.29298749990579,0.3207098271949383,0.3265060770200125,0.8323534626447366,0.38621958879067814,0.09025037627169624,0.9097496237283038,23.0,7.37632602548358,0.33460016587710867,0.30555673045075243,wired::crispr
wired,dimension,wired_dimension_12,0,child,89,0.6966292134831461,22.84672256858441,30.729324326746283,33.586518445641644,0.384126343233274,0.3602271037125705,0.9490368608028837,0.4115648911581149,0.09115761761504562,0.9088423823849544,44.0,16.901559102264056,0.3935490718807009,0.3747036145858473,wired::dimension
wired,dimension,wired_dimension_13,1,teenager,95,0.6842105263157895,19.673752230392058,24.715088583715897,26.525820105502966,0.35263071457711875,0.33844471214995897,0.9246826874788571,0.3929330117849272,0.1101903620941326,0.8898096379058674,46.0,16.22101287054746,0.33778541487914143,0.36747601427509613,wired::dimension
wired,dimension,wired_dimension_14,2,undergraduate,99,0.6767676767676768,24.79622123483487,33.06937513736415,36.34102242466236,0.3631576667906491,0.3423671762392948,0.9092120911984857,0.4242824346011195,0.10480367548456158,0.8951963245154384,38.0,13.799991338044666,0.34425222729651456,0.38206310628478374,wired::dimension
wired,dimension,wired_dimension_15,3,graduate,92,0.75,24.54961791396887,33.511378111992606,36.91925474542456,0.3449345446830468,0.3263492593920324,0.9802459182086338,0.35299382398778334,0.09482891171412502,0.905171088285875,28.0,9.65816725112531,0.3461796560434843,0.34368943332260943,wired::dimension
wired,dimension,wired_dimension_16,4,expert,95,0.5368421052631579,28.507364130778363,40.64911847649091,45.71118376459962,0.38978039141221527,0.39405677790039384,1.0152994793331858,0.3858903845155356,0.0853527142188939,0.9146472857811061,42.0,16.37077643931304,0.38879662233206685,0.39076416049236373,wired::dimension
wired,fractal,wired_fractal_12,0,child,46,0.6521739130434783,12.551316347139592,17.12385561152414,18.006935827739856,0.4313454756423845,0.41153117763247626,0.887181640774843,0.5329559970921351,0.10901135513839223,0.8909886448616078,22.0,9.48960046413246,0.4013759408061478,0.4613150104786213,wired::fractal
wired,fractal,wired_fractal_13,1,teenager,40,0.825,16.21875129353333,27.358546543889112,29.622112450592883,0.5438957859515662,0.4980287229723397,0.9336612312460424,0.6083907331515777,0.06116435484175883,0.9388356451582411,5.0,2.719478929757831,0.607793142209133,0.44804975156521576,wired::fractal
wired,fractal,wired_fractal_14,2,undergraduate,47,0.7872340425531915,23.437166117463264,48.09374464792021,55.328761732056456,0.478733185713202,0.4683530441698725,1.0598478712462964,0.469318697632789,0.08542312508246519,0.9145768749175348,8.0,3.829865485705616,0.4887098829257483,0.4687564885006559,wired::fractal
wired,fractal,wired_fractal_15,3,graduate,54,0.6851851851851852,20.380135387151967,33.10932368451465,36.45921885430321,0.4982591090169927,0.48528193801588176,1.0147190294014075,0.4955022958319673,0.08474427642623225,0.9152557235737677,19.0,9.466923071322862,0.5176348347885875,0.476730524826332,wired::fractal
wired,fractal,wired_fractal_16,4,expert,85,0.49411764705882355,30.718779213774162,48.185716181502706,55.56495005363573,0.36744777220196817,0.33600452606230446,1.0137086277719478,0.36236742600572613,0.09739958544758336,0.9026004145524167,32.0,11.758328710462981,0.33427242456651135,0.400623119837425,wired::fractal
wired,gravity,wired_gravity_12,0,child,71,0.676056338028169,24.451592498348653,37.20729231888318,41.49607454808042,0.415824724151973,0.40501411036838364,1.024206200796824,0.40245763095400067,0.0959559076022173,0.9040440923977827,35.0,14.553865345319055,0.4410085516220994,0.3891594950659569,wired::gravity
wired,gravity,wired_gravity_13,1,teenager,116,0.8103448275862069,37.506889470962044,55.55101107398828,65.54522165890467,0.41388600634989764,0.4033119400684494,0.9845842550060255,0.4276190921824721,0.07943889841867655,0.9205611015813234,29.0,12.002694184147032,0.43465281046171333,0.391635859087238,wired::gravity
wired,gravity,wired_gravity_14,2,undergraduate,102,0.7941176470588235,30.320830412078493,43.10005532501223,48.96018872512076,0.42321444283613635,0.40106489322597716,0.9318820118365476,0.4709111402574467,0.09530105732231357,0.9046989426776865,26.0,11.003575513739545,0.4342789833527175,0.4121499023195553,wired::gravity
wired,gravity,wired_gravity_15,3,graduate,86,0.5930232558139535,28.518793302832794,43.155437958868426,48.99003892246394,0.3558241059216429,0.35626827035509934,0.8787083035309031,0.43460450811939766,0.08097559924308924,0.9190244007569107,24.0,8.539778542119429,0.3993476902247585,0.3123005216185272,wired::gravity
wired,gravity,wired_gravity_16,4,expert,151,0.423841059602649,41.72397775949518,57.861339825231234,68.73390287284535,0.30295234399433474,0.32988039469463387,0.9031345954863735,0.3473646601246345,0.08911559657526932,0.9108844034247306,34.0,10.300379695807381,0.30426585840342635,0.301638829585243,wired::gravity
wired,hacking,wired_hacking_12,0,child,40,0.7,18.382716379989652,34.683426068459184,38.349545221155445,0.43421993604599385,0.37499623680561234,0.9432501444252305,0.47341680213829346,0.062315939611305333,0.9376840603886947,13.0,5.64485916859792,0.43489417826654514,0.43343332012201713,wired::hacking
wired,hacking,wired_hacking_13,1,teenager,37,0.6486486486486487,18.033540989819198,36.324620741635016,40.34302877332535,0.35941881465756154,0.38272354973754374,0.8837699023502535,0.4420346532819108,0.0812873784316747,0.9187126215683253,10.0,3.5941881465756156,0.4117198536053359,0.3071177757097872,wired::hacking
wired,hacking,wired_hacking_14,2,undergraduate,56,0.7321428571428571,23.987190769610745,42.09071216391672,47.526947160778256,0.43605300868908736,0.43355181075623206,0.997804142462444,0.44461618571403,0.0700623903258488,0.9299376096741512,11.0,4.796583095579961,0.47967991198779814,0.3837007247306345,wired::hacking
wired,hacking,wired_hacking_15,3,graduate,66,0.5,32.62807032326355,65.0851077575212,79.04925923964784,0.4754693909635274,0.4673163631902174,1.044736386605434,0.45881640535320484,0.08824986464299409,0.9117501353570059,14.0,6.656571473489384,0.45641971172648266,0.4945190702005723,wired::hacking
wired,hacking,wired_hacking_16,4,expert,94,0.40425531914893614,40.84393907124712,72.5953009046122,90.55761892217616,0.41878835583350993,0.37471828355924136,0.9164513953388292,0.4502886726023906,0.06965091085581494,0.930349089144185,10.0,4.187883558335099,0.40562625699366645,0.43195045467335336,wired::hacking
wired,infinity,wired_infinity_12,0,child,43,0.7209302325581395,17.994992570546113,31.257666264984177,34.22842420635845,0.3766026568716773,0.3651297863060309,0.9590312080415073,0.40600445893409776,0.09030055080824544,0.9096994491917546,16.0,6.025642509946837,0.37488476974256574,0.3783205440007888,wired::infinity
wired,infinity,wired_infinity_13,1,teenager,53,0.7924528301886793,16.3592641150061,23.82920980766308,25.55855809272084,0.42076290514856585,0.3404852157100542,0.9850790191055513,0.43424925024967126,0.10805664409358084,0.8919433559064192,8.0,3.3661032411885268,0.49528736289991315,0.34623844739721865,wired::infinity
wired,infinity,wired_infinity_14,2,undergraduate,92,0.8043478260869565,26.736065826648847,37.86151991496177,42.2379833461258,0.42074965199465414,0.37429905643646233,0.9488964524933645,0.4542593886310442,0.07598342668250245,0.9240165733174975,27.0,11.360240603855662,0.4612772379685645,0.3771045594073659,wired::infinity
wired,infinity,wired_infinity_15,3,graduate,68,0.6911764705882353,26.4341275869877,43.55154436847445,49.41188552824161,0.42232742316608435,0.3541567039314432,0.9694225334506372,0.4412706487243469,0.07330267807645113,0.9266973219235488,19.0,8.024221040155602,0.43798596055825134,0.4049290482858987,wired::infinity
wired,infinity,wired_infinity_16,4,expert,46,0.4782608695652174,21.949085619037522,43.75491130166135,49.82575820040579,0.41713011298323166,0.31289583325375897,0.7912997996096544,0.5241090769759832,0.09145629388954761,0.9085437061104524,3.0,1.251390338949695,0.48270056745777057,0.28598920403415395,wired::infinity
wired,internet,wired_internet_12,0,child,61,0.7868852459016393,23.15389633354653,37.480451378894436,41.80596710390125,0.471359171304182,0.4253493207863011,1.0375841300955984,0.45534805920785826,0.09463865396891982,0.9053613460310802,19.0,8.955824254779458,0.5158053656873666,0.4219745108784214,wired::internet
wired,internet,wired_internet_13,1,teenager,53,0.8679245283018868,25.47432071132254,50.02538963888755,57.960977993510426,0.43170949605348635,0.46960938637493255,0.9628822046209249,0.4477020246782277,0.06870516704021436,0.9312948329597857,7.0,3.0219664723744044,0.3775458494208356,0.5039276915636874,wired::internet
wired,internet,wired_internet_14,2,undergraduate,63,0.7142857142857143,30.30336384710221,58.84252036401542,70.08023969598726,0.4888821536466033,0.4877154279358813,1.0492855109832717,0.4675288081114512,0.0707015756536349,0.9292984243463651,24.0,11.73317168751848,0.5230482415849019,0.45471606570830475,wired::internet
wired,internet,wired_internet_15,3,graduate,37,0.40540540540540543,21.119109633471062,51.11429723543483,59.369992226032196,0.501374052893289,0.5364721660265761,1.0019696383854482,0.5021665914619267,0.05607453412850924,0.9439254658714907,7.0,3.5096183702530226,0.5284587376721684,0.4810605393091294,wired::internet
wired,internet,wired_internet_16,4,expert,72,0.375,30.58341964551791,53.98841999461245,63.378754220942604,0.3960376662942712,0.4183793571474703,0.9889238823605492,0.4088249328551655,0.07390940138970853,0.9260905986102914,20.0,7.920753325885424,0.3955049758633271,0.3965703567252153,wired::internet
wired,laser,wired_laser_12,0,child,73,0.7534246575342466,19.012242029108332,25.678728949017287,27.68290552854676,0.3779911135685743,0.39441485666466836,0.8369900666883574,0.4830932877240995,0.1037167140785961,0.8962832859214039,27.0,10.205760066351505,0.3702029882215681,0.38637832548073486,wired::laser
wired,laser,wired_laser_13,1,teenager,76,0.7368421052631579,26.178256314489538,40.276837252520956,45.35103129553824,0.38368380973962396,0.34073856571800676,0.9393860054034424,0.4195047910333274,0.08152367665806284,0.9184763233419372,18.0,6.906308575313231,0.42003990717106193,0.34732771230818593,wired::laser
wired,laser,wired_laser_14,2,undergraduate,64,0.78125,24.92016769416954,41.065916875687975,46.250425034224214,0.5159844875215602,0.5028591005977738,0.9990894271513405,0.5284251193613106,0.08353790849916921,0.9164620915008308,6.0,3.0959069251293614,0.6737021347554846,0.35826684028763606,wired::laser
wired,laser,wired_laser_15,3,graduate,53,0.6792452830188679,23.77283455048558,43.436153473996136,49.246116615920904,0.48517357323500215,0.5036917278877961,1.0331005667038284,0.47281342677852234,0.07398098995553143,0.9260190100444685,16.0,7.7627771717600345,0.5323500193223972,0.4379971271476072,wired::laser
wired,laser,wired_laser_16,4,expert,111,0.38738738738738737,34.18713945110865,49.53183036709964,57.422656874530006,0.3945513537286559,0.3855165174025682,0.9915606104389999,0.41453628577097185,0.09564182717757592,0.904358172822424,34.0,13.414746026774301,0.36802352110914427,0.42107918634816754,wired::laser
wired,machine,wired_machine_12,0,child,69,0.6231884057971014,21.354120840955645,30.78058303747739,33.67055737503319,0.45897730288969224,0.41092356810569247,0.9952221167155689,0.4543776563703092,0.101651388137269,0.898348611862731,27.0,12.392387178021691,0.47597161382869985,0.4406757372630687,wired::machine
wired,machine,wired_machine_13,1,teenager,65,0.5538461538461539,26.356253408495714,44.398856107030255,50.530399821025185,0.5045759789491203,0.47644390383338675,1.028608763984004,0.4941303907620614,0.06828115893089218,0.9317188410691079,14.0,7.064063705287684,0.5390086922199788,0.4701432656782618,wired::machine
wired,machine,wired_machine_14,2,undergraduate,57,0.5789473684210527,28.520629654189356,58.523510805408485,69.57475394318763,0.4808273190231374,0.48057634360575885,0.9741413595318782,0.5079227249882615,0.056344077748284434,0.9436559222517156,14.0,6.731582466323924,0.5175054382531262,0.44414919979314854,wired::machine
wired,machine,wired_machine_15,3,graduate,28,0.39285714285714285,18.65332715450023,59.1058990627002,70.64506878541812,0.44797006214707774,0.476064401519383,1.0404595409161457,0.4295269365408332,0.07923760325117588,0.9207623967488241,6.0,2.6878203728824666,0.42512252935812905,0.47081759493602665,wired::machine
wired,machine,wired_machine_16,4,expert,62,0.46774193548387094,31.484457202638037,64.91456330775637,78.98473896233197,0.3785272276530355,0.38575538357110717,0.9118882755583442,0.4146793332962774,0.07765753937684185,0.9223424606231582,10.0,3.7852722765303546,0.3142342277289356,0.4428202275771353,wired::machine
wired,memory,wired_memory_12,0,child,41,0.6341463414634146,18.851364399592033,36.44487294266446,40.456558347667126,0.4484011923799792,0.47246376922990263,0.9381366650112797,0.48727780476506816,0.0858881265177795,0.9141118734822204,9.0,4.035610731419813,0.4433787898439826,0.45467919554997493,wired::memory
wired,memory,wired_memory_13,1,teenager,34,0.7647058823529411,18.369635648536793,41.01302661766167,46.144654692733276,0.4896639781210876,0.5135980650156675,1.0365083392503458,0.4959554943019498,0.08142259370642718,0.9185774062935728,3.0,1.4689919343632627,0.5458759789107239,0.3772399765418148,wired::memory
wired,memory,wired_memory_14,2,undergraduate,49,0.7755102040816326,23.125436918578103,47.270192148213226,54.37097711122943,0.35456290325322376,0.29342065816950913,0.799250981647635,0.43664587067286326,0.14287942504695197,0.857120574953048,5.0,1.7728145162661189,0.31845038854378477,0.4087316753173823,wired::memory
wired,memory,wired_memory_15,3,graduate,43,0.6046511627906976,23.88865045541422,55.967343935597796,66.21087868255717,0.323283338499367,0.31826514588689797,0.8516418989099789,0.3835518426996987,0.08990015670970168,0.9100998432902984,7.0,2.262983369495569,0.35626369082933734,0.2793095353927399,wired::memory
wired,memory,wired_memory_16,4,expert,81,0.4691358024691358,32.88845050014793,56.158031121913574,66.47323404331486,0.3522034996271829,0.3656804336668393,0.8414611907849594,0.440878227282483,0.08517240232935584,0.9148275976706441,10.0,3.5220349962718287,0.3442910378066478,0.36011596144771796,wired::memory
wired,moravec,wired_moravec_12,0,child,50,0.68,17.27482486057536,26.384548802776155,28.45810385629039,0.45559917422265384,0.4064001553055731,1.022035455625635,0.4430638522168745,0.09553772528297957,0.9044622747170205,21.0,9.56758265867573,0.5405864180541052,0.3621132060080573,wired::moravec
wired,moravec,wired_moravec_13,1,teenager,58,0.7413793103448276,20.524108909059244,31.965658750519747,35.04017040885982,0.43003431418925614,0.4104793595002102,1.0035221286021154,0.42244439617000146,0.09789502346356278,0.9021049765364372,20.0,8.600686283785123,0.4324968319534401,0.42757179642507215,wired::moravec
wired,moravec,wired_moravec_14,2,undergraduate,49,0.6938775510204082,20.46982176594276,35.98218828701337,39.97487700273641,0.4166449847574642,0.36939818558961734,0.9405951090964078,0.45076833399854493,0.06743449299272664,0.9325655070072734,11.0,4.583094832332106,0.46977076558608094,0.35289404776312383,wired::moravec
wired,moravec,wired_moravec_15,3,graduate,37,0.4594594594594595,19.178603119249594,41.46139773696598,46.83015514916437,0.425137018340466,0.40598117902079967,1.0151853604836736,0.42350113917746535,0.08296051449393067,0.9170394855060693,10.0,4.25137018340466,0.3745514559010129,0.47572258077991914,wired::moravec
wired,moravec,wired_moravec_16,4,expert,53,0.3584905660377358,29.486749640755587,68.57721359464117,84.49739830467422,0.3959052355572981,0.44306628044964635,0.8981471515909029,0.44436964027430426,0.07977237444959748,0.9202276255504025,5.0,1.9795261777864905,0.3575979093766839,0.45336622482821937,wired::moravec
wired,nano,wired_nano_12,0,child,58,0.7758620689655172,23.655212336060586,40.13753004322974,45.18224781571064,0.470921607434475,0.43990427308455815,1.0132866394401752,0.46551384892201225,0.0884997028094622,0.9115002971905378,14.0,6.59290250408265,0.5419650235131723,0.3998781913557776,wired::nano
wired,nano,wired_nano_13,1,teenager,61,0.7704918032786885,24.656428627598224,41.7082835436402,47.044381692640364,0.5017912333287796,0.442733390368708,1.0368589509836388,0.4890416115922643,0.0815754241164603,0.9184245758835397,13.0,6.523286033274135,0.5654166090236925,0.4275616283513812,wired::nano
wired,nano,wired_nano_14,2,undergraduate,86,0.627906976744186,29.74473606145901,45.77486311083746,52.341535286998095,0.42254133077693623,0.3704311779979861,1.0352422737626972,0.4128142921275287,0.08846698493144081,0.9115330150685592,16.0,6.76066129243098,0.4510750222058464,0.3940076393480261,wired::nano
wired,nano,wired_nano_15,3,graduate,34,0.5294117647058824,16.581337282685542,34.760613227920004,38.447990668438,0.20326181929813203,0.20326181929813203,0.8057717297942827,0.2522573227408037,0.16038974956760144,0.8396102504323986,1.0,0.20326181929813203,0.20326181929813203,,wired::nano
wired,nano,wired_nano_16,4,expert,83,0.27710843373493976,31.813985460533885,51.99219342619976,60.61948346423229,0.2639913655346812,0.28051994390392865,0.8388336826231203,0.29789073977901087,0.0980274139263674,0.9019725860736326,7.0,1.8479395587427687,0.2786772816002346,0.24441014411394338,wired::nano
wired,nuclear,wired_nuclear_12,0,child,73,0.726027397260274,25.73950450589272,39.75201903614731,44.63213303997319,0.3631405959067916,0.3669195938879273,0.8891139881491372,0.44839371625300095,0.10029472638733017,0.8997052736126698,23.0,8.352233705856207,0.35953969947312747,0.36706884656169797,wired::nuclear
wired,nuclear,wired_nuclear_13,1,teenager,58,0.8275862068965517,22.881582377713006,38.01844251202761,42.44107743876957,0.42019752688026957,0.4610822786826737,0.9948024190774447,0.4549880889937308,0.09726290168870702,0.902737098311293,10.0,4.201975268802696,0.39758399130770733,0.44281106245283175,wired::nuclear
wired,nuclear,wired_nuclear_14,2,undergraduate,117,0.8034188034188035,31.426399917121948,42.96604966200288,48.82096298611964,0.3472870649559703,0.3070787379019267,0.888404211133022,0.4027146471223473,0.10149925179310355,0.8985007482068964,15.0,5.2093059743395544,0.3814104854788207,0.30828887007271266,wired::nuclear
wired,nuclear,wired_nuclear_15,3,graduate,97,0.7731958762886598,33.59835445609926,51.585081512526465,60.07842438584681,0.3640806367820998,0.36788554020892483,0.9850571058065636,0.3845645429795539,0.0909374491541452,0.9090625508458547,10.0,3.640806367820998,0.38932311744220394,0.3388381561219957,wired::nuclear
wired,nuclear,wired_nuclear_16,4,expert,44,0.36363636363636365,21.622795230981907,43.49022960738287,49.36584551771133,0.49006024800790177,0.5401303163300556,0.9344347708530436,0.5159976722527202,0.05475431226759409,0.9452456877324059,3.0,1.4701807440237054,0.5401303163300556,0.4650252138468249,wired::nuclear
wired,sensing,wired_sensing_12,0,child,52,0.7115384615384616,20.07213902651918,32.686248146219505,35.96608808483808,0.4092319137392951,0.4293357465598098,0.9962618771563029,0.434873801477716,0.08992645359864568,0.9100735464013543,23.0,9.412334016003786,0.4379295240527579,0.37792542976097193,wired::sensing
wired,sensing,wired_sensing_13,1,teenager,90,0.6111111111111112,15.495718242151971,18.619890954297404,19.65253903653204,0.39704720996435605,0.3956174058676281,0.9672330303006883,0.43131574329981603,0.10029949985713757,0.8997005001428624,59.0,23.425785387897008,0.41109190651171884,0.3825182135360498,wired::sensing
wired,sensing,wired_sensing_14,2,undergraduate,63,0.6507936507936508,19.525670522232055,28.382862073755845,30.78441315397166,0.4260190370379022,0.40755065332480145,0.9607310448927018,0.46622818398515675,0.09739485659274195,0.9026051434072581,27.0,11.50251400002336,0.42512842386319327,0.426978158918358,wired::sensing
wired,sensing,wired_sensing_15,3,graduate,61,0.6721311475409836,23.806122054849517,39.28679726357048,43.95388979573166,0.4003930982339135,0.4023051182986792,1.0138710014999657,0.39670412342750494,0.08464893655362134,0.9153510634463786,25.0,10.009827455847837,0.4041163270152988,0.39635960038741275,wired::sensing
wired,sensing,wired_sensing_16,4,expert,56,0.35714285714285715,21.181875525686397,34.03311777281505,37.55291236815784,0.39083121172363006,0.38278399552030673,0.9597777848661091,0.4408244042161125,0.122133041367915,0.877866958632085,19.0,7.425793022748971,0.4148345330047777,0.36416085474457716,wired::sensing
wired,sleep,wired_sleep_12,0,child,93,0.7204301075268817,29.224935643045683,42.54382801676012,48.195176786736056,0.4453276911283179,0.460819890563993,1.0606739811796668,0.42273238731694035,0.07920455377531359,0.9207954462246865,43.0,19.14909071851767,0.4465883965324698,0.44412429051526375,wired::sleep
wired,sleep,wired_sleep_13,1,teenager,80,0.65,22.009822325784317,30.534586962176242,33.34057436373749,0.41874547529957834,0.38470471900815073,0.9765424270329034,0.42817160570525464,0.08524142774144529,0.9147585722585547,30.0,12.56236425898735,0.47238560753363323,0.3651053430655235,wired::sleep
wired,sleep,wired_sleep_14,2,undergraduate,49,0.6938775510204082,19.95002871867014,34.23568283945914,37.84064486669877,0.49960125930242566,0.49621488019282767,1.0648171352535523,0.46858240414450314,0.07979030563787848,0.9202096943621215,14.0,6.99441763023396,0.5273786392536078,0.4718238793512434,wired::sleep
wired,sleep,wired_sleep_15,3,graduate,45,0.7111111111111111,19.220609597589057,34.50464687388811,38.13114695454709,0.4887558158675286,0.42340681675557046,0.9461532337155798,0.5204469157268183,0.07606067335100634,0.9239393266489937,15.0,7.331337238012929,0.5829213012652923,0.38113811827008426,wired::sleep
wired,sleep,wired_sleep_16,4,expert,31,0.6774193548387096,13.797187154961048,27.897177992195633,30.22684954523985,0.492729008585526,0.5490174157802612,0.9362067010904866,0.555009552729574,0.07150289074490541,0.9284971092550945,5.0,2.46364504292763,0.41452770781694187,0.6100309597384024,wired::sleep
wired,time,wired_time_12,0,child,80,0.825,30.794844055916503,50.07489565241445,58.148349972727125,0.4832194065169256,0.4701420624789411,0.9864039591274085,0.49971435218223914,0.08161785333411703,0.918382146665883,21.0,10.147607536855437,0.4761591562291642,0.4909856818334631,wired::time
wired,time,wired_time_13,1,teenager,71,0.8873239436619719,24.865412485839368,38.28220017903984,42.75770955583032,0.4715751763254197,0.4804332568519724,1.000562624980652,0.4898547030262991,0.07958146255929513,0.9204185374407049,5.0,2.3578758816270984,0.4915739688376632,0.44157698755705455,wired::time
wired,time,wired_time_14,2,undergraduate,61,0.8032786885245902,28.90791011262194,55.4683402346696,65.46305433742673,0.46513889653690466,0.391339550554022,0.9640576662173761,0.48140366712265176,0.07041782624879932,0.9295821737512007,5.0,2.3256944826845234,0.5246430195533558,0.375882712012228,wired::time
wired,time,wired_time_15,3,graduate,103,0.6310679611650486,31.792825492916474,45.937549301005156,52.64136113394353,0.3931075946510459,0.3779390088630079,1.0068280051261418,0.3989705083290881,0.09166635217570464,0.9083336478242954,43.0,16.903626569994973,0.4214712203129846,0.3633933201480624,wired::time
wired,time,wired_time_16,4,expert,63,0.42857142857142855,31.91149489087753,66.40956487473363,81.24008574165877,0.3652848828469554,0.3493616882093218,0.938497498750961,0.391752813077324,0.07717303137779184,0.9228269686222081,15.0,5.479273242704331,0.3989043134057662,0.32686267649402884,wired::time
wired,zero,wired_zero_12,0,child,57,0.7543859649122807,20.239562079799043,31.29692003750949,34.31338396087327,0.40131080630494864,0.3802607458158064,0.8994446793244009,0.46500121271339573,0.13108934811448253,0.8689106518855174,8.0,3.210486450439589,0.44066707362726804,0.3619545389826293,wired::zero
wired,zero,wired_zero_13,1,teenager,53,0.7358490566037735,19.74608487467553,31.369109065280977,34.353248599992654,0.3666299728308043,0.38289097874231737,0.9412188093651098,0.377888531911503,0.1031390659910065,0.8968609340089935,8.0,2.9330397826464343,0.3649998798090027,0.3682600658526058,wired::zero
wired,zero,wired_zero_14,2,undergraduate,115,0.782608695652174,26.364728202887033,34.15432091993242,37.74122317708491,0.34171973499150554,0.3199189945425298,0.92112516966235,0.37961912988117597,0.09745359174895292,0.902546408251047,27.0,9.226432844770649,0.36700963720333524,0.3144844556864583,wired::zero
wired,zero,wired_zero_15,3,graduate,70,0.5285714285714286,19.819855772570413,27.571185143521195,29.88721356268576,0.3606247091941453,0.3519997455226812,0.9391404806198733,0.3999933060843101,0.09935306499126492,0.900646935008735,26.0,9.376242439047777,0.3487169515972898,0.3725324667910005,wired::zero
wired,zero,wired_zero_16,4,expert,107,0.5794392523364486,24.321803380322947,31.40131653272214,34.44718454831456,0.3197018852719648,0.27717713484629203,0.9069610722254764,0.37490560005471274,0.11170956241619122,0.8882904375838088,41.0,13.107777296150557,0.29207260410354136,0.3487126304988094,wired::zero
