dataset,conversation_id,n_utterances_historical,n_utterances_rebuilt,n_utterances_difference,expert_n_utterances_historical,expert_n_utterances_rebuilt,expert_n_utterances_difference,partner_n_utterances_historical,partner_n_utterances_rebuilt,partner_n_utterances_difference,speaker_centroid_cosine_distance_historical,speaker_centroid_cosine_distance_rebuilt,speaker_centroid_cosine_distance_difference,radial_distance_median_historical,radial_distance_median_rebuilt,radial_distance_median_difference,radial_distance_q90_historical,radial_distance_q90_rebuilt,radial_distance_q90_difference,participation_ratio_historical,participation_ratio_rebuilt,participation_ratio_difference
wired,wired_Talia_12,27,27,0,19,19,0,1,1,0,0.4667110443115234,0.4667110443115234,0.0,0.5584412740442606,0.5584413724005212,9.835626058052327e-08,0.6628236426199032,0.6628235219307836,-1.2068911958706963e-07,16.18181202151208,16.18181159107105,-4.3044103037459536e-07
wired,wired_astro_12,56,56,0,35,35,0,11,11,0,0.170952022075653,0.1709519624710083,-5.96046446921239e-08,0.5362635138642298,0.5362634345522486,-7.931198120481042e-08,0.7421664895730467,0.742166503168918,1.3595871317662045e-08,22.5434297804966,22.54343298701317,3.2065165704864285e-06
wired,wired_blockchain_12,20,20,0,11,11,0,4,4,0,0.3689928650856018,0.368992805480957,-5.960464483090178e-08,0.546826448655412,0.5468263902926352,-5.836277672255363e-08,0.653285137102892,0.6532852831946598,1.4609176779423194e-07,12.488392764842065,12.488393536893373,7.720513082176694e-07
wired,wired_crispr_12,21,21,0,12,12,0,1,1,0,0.7981826066970825,0.798182487487793,-1.1920928955078125e-07,0.5534334777884355,0.5534333240413047,-1.5374713080440472e-07,0.6399124727866132,0.6399126719877645,1.9920115124083537e-07,11.503852873468878,11.503853252475356,3.790064777575708e-07
wired,wired_dimension_12,89,89,0,46,46,0,15,15,0,0.2411547899246215,0.2411547303199768,-5.96046446921239e-08,0.5425206430780827,0.5425207187033281,7.562524539928006e-08,0.693300693418078,0.693300575943245,-1.1747483297241956e-07,22.84672270827264,22.84672153508895,-1.1731836906392346e-06
wired,wired_fractal_12,46,46,0,25,25,0,5,5,0,0.3141074776649475,0.3141072988510132,-1.7881393432617188e-07,0.5187308987014196,0.5187308516510849,-4.7050334739395794e-08,0.6794170524814107,0.6794170338599493,-1.8621461372880788e-08,12.551316265424004,12.551314878349292,-1.3870747128663652e-06
wired,wired_gravity_12,72,71,-1,37,38,1,6,7,1,0.1805167198181152,0.1610233187675476,-0.0194934010505676,0.5817380489333562,0.5674601140953476,-0.014277934838008655,0.7208487602794001,0.7191246903644639,-0.0017240699149362326,23.455777909402087,24.45159133706801,0.9958134276659223
wired,wired_hacking_12,40,40,0,25,25,0,9,9,0,0.2658806443214416,0.2658805251121521,-1.192092894952701e-07,0.4934790766575374,0.4934790333664023,-4.329113506562621e-08,0.7187366547064589,0.7187365441287021,-1.1057775672895787e-07,18.38271641388703,18.38271535213288,-1.061754151265859e-06
wired,wired_infinity_12,43,43,0,26,26,0,10,10,0,0.1411344408988952,0.14113450050354,5.96046448031462e-08,0.5454357771390197,0.5454357130943532,-6.404466645903995e-08,0.6835316031980707,0.6835316768049283,7.360685760904317e-08,17.994992439623648,17.99499397245203,1.5328283815563282e-06
wired,wired_internet_12,61,61,0,38,38,0,6,6,0,0.3510351181030273,0.3510351181030273,0.0,0.5706075528884311,0.5706074639571085,-8.893132263931847e-08,0.7407705023369414,0.7407704639553873,-3.838155415714084e-08,23.153896275026916,23.15389523717231,-1.037854605812072e-06
wired,wired_laser_12,73,73,0,41,41,0,5,5,0,0.2581362724304199,0.2581362128257751,-5.960464483090178e-08,0.5303033208311159,0.530303278903345,-4.1927770810801235e-08,0.7142704899122422,0.714270436509998,-5.340224418226569e-08,19.012241677997206,19.01224293952008,1.2615228719425886e-06
wired,wired_machine_12,69,69,0,34,34,0,8,8,0,0.3481630682945251,0.3481629490852356,-1.192092894952701e-07,0.5632543568106652,0.5632543212676038,-3.554306138298102e-08,0.7063290517078671,0.7063289244657845,-1.2724208253711566e-07,21.354120904541123,21.354122300876337,1.3963352145651697e-06
wired,wired_memory_12,41,41,0,23,23,0,14,14,0,0.2115561366081237,0.211556077003479,-5.96046446921239e-08,0.4855437104667333,0.4855436546135592,-5.585317408574042e-08,0.6950241137502577,0.6950241751674631,6.141720532149009e-08,18.85136457821156,18.8513679325051,3.3542935398145346e-06
wired,wired_moravec_12,50,50,0,31,31,0,5,5,0,0.3603177666664123,0.3603176474571228,-1.192092894952701e-07,0.5178453381136363,0.5178453787364709,4.0622834540648967e-08,0.7015944301226934,0.701594404436879,-2.5685814364351245e-08,17.27482473020246,17.27482280133276,-1.9288697004071764e-06
wired,wired_nano_12,58,58,0,39,39,0,5,5,0,0.2966853976249695,0.2966853976249695,0.0,0.5355851966376529,0.5355852846274598,8.79898068850693e-08,0.709439579944782,0.709439599107068,1.9162285980200977e-08,23.655212410877173,23.65521152351384,-8.873633312589391e-07
wired,wired_neuro_12,12,12,0,8,8,0,3,3,0,0.5125313997268677,0.5125312805175781,-1.1920928955078125e-07,0.4042639410309032,0.404263919112434,-2.191846920629459e-08,0.6943641086697832,0.6943640069368793,-1.0173290387882616e-07,8.541462650684986,8.541463262109867,6.11424880503364e-07
wired,wired_nuclear_12,73,73,0,42,42,0,12,12,0,0.2516592144966125,0.2516593337059021,1.192092896062924e-07,0.548040872808616,0.5480409541459821,8.13373660646377e-08,0.7039572856523715,0.7039572545285769,-3.112379454162095e-08,25.739504606772876,25.73950333218144,-1.2745914368395006e-06
wired,wired_sensing_12,52,52,0,27,27,0,8,8,0,0.2129703760147094,0.212970495223999,1.192092896062924e-07,0.5459451841875778,0.5459451518900709,-3.2297506891154626e-08,0.6864671779069327,0.6864672015687038,2.3661771098026918e-08,20.07213935623229,20.072139128475634,-2.2775665797780675e-07
wired,wired_sleep_12,93,93,0,47,47,0,9,9,0,0.2720444202423095,0.2720443606376648,-5.9604644719879474e-08,0.5890910474779605,0.5890909892293221,-5.82486383571279e-08,0.701108610295583,0.7011088283057522,2.1801016913958193e-07,29.224935661310123,29.22493482123666,-8.40073465013802e-07
wired,wired_time_12,80,80,0,47,47,0,5,5,0,0.2504389882087707,0.250438928604126,-5.9604644719879474e-08,0.5573424586071374,0.5573424386785546,-1.9928582783990123e-08,0.6878869225850658,0.6878868898372986,-3.2747767164664765e-08,30.794844665673487,30.794845085891055,4.202175674095088e-07
wired,wired_zero_12,57,57,0,34,34,0,7,7,0,0.3584381341934204,0.3584382534027099,1.192092894952701e-07,0.5682881977045834,0.5682880402928787,-1.5741170467098442e-07,0.6891537866754778,0.6891538023835478,1.5708070066899893e-08,20.23956212966424,20.239561344519203,-7.851450369855684e-07
wired,wired_Talia_13,60,60,0,37,37,0,8,8,0,0.4639720320701599,0.4639721512794494,1.192092894952701e-07,0.5597553647573694,0.5597553736965923,8.939222917447864e-09,0.7317565266805249,0.7317564552677424,-7.141278257627448e-08,23.029034538553255,23.02903424196028,-2.965929759568553e-07
wired,wired_astro_13,53,53,0,44,44,0,6,6,0,0.2984951138496399,0.2984951734542846,5.9604644719879474e-08,0.5291874141845523,0.5291874494383095,3.525375724677815e-08,0.74267239029829,0.7426724946684543,1.0437016428888057e-07,18.396211113766093,18.396213282242215,2.1684761222218185e-06
wired,wired_blockchain_13,32,32,0,17,17,0,7,7,0,0.3298254609107971,0.3298254609107971,0.0,0.5342706081139859,0.5342706078931461,-2.208397908987081e-10,0.6287725526350173,0.6287724745469462,-7.808807112041904e-08,17.128447259725146,17.12844717875149,-8.097365622461439e-08
wired,wired_crispr_13,24,24,0,15,15,0,4,4,0,0.431120216846466,0.4311200380325317,-1.7881393432617188e-07,0.5015363324411874,0.5015362393557165,-9.308547099795561e-08,0.6981284128541287,0.6981283616572341,-5.119689461263732e-08,13.231193890823352,13.231193794131055,-9.669229683595404e-08
wired,wired_dimension_13,96,95,-1,44,44,0,8,8,0,0.2029083967208862,0.2029083967208862,0.0,0.5612036792001523,0.560665385527421,-0.0005382936727313936,0.6670647832134131,0.6673498399359883,0.0002850567225751721,19.13188015172639,19.673749949685973,0.5418697979595848
wired,wired_fractal_13,40,40,0,29,29,0,6,6,0,0.256989061832428,0.256989061832428,0.0,0.4761924502627865,0.4761924605263408,1.0263554284239973e-08,0.6441074828345877,0.6441074235281291,-5.9306458632946146e-08,16.218751325459337,16.218751241847333,-8.361200443118832e-08
wired,wired_gravity_13,117,116,-1,86,85,-1,13,13,0,0.2590842843055725,0.2589760422706604,-0.00010824203491210938,0.5584420242747746,0.5608682180486311,0.0024261937738564443,0.7087593765370709,0.708411361603041,-0.00034801493402991657,37.98082348174295,37.506889307550985,-0.4739341741919674
wired,wired_hacking_13,37,37,0,21,21,0,9,9,0,0.2364705801010131,0.2369674444198608,0.0004968643188477118,0.435308189371244,0.4346106004636538,-0.0006975889075901964,0.6656000959222798,0.6676468075911203,0.0020467116688405174,18.037927589704346,18.03354013525706,-0.0043874544472863874
wired,wired_infinity_13,53,53,0,35,35,0,9,9,0,0.2317103743553161,0.2317103743553161,0.0,0.4773617814171537,0.4773618260397664,4.462261271598322e-08,0.6982194702822767,0.698219432372966,-3.7909310690587006e-08,16.35926408604924,16.359265315426114,1.2293768740789801e-06
wired,wired_internet_13,53,53,0,42,42,0,6,6,0,0.3171443939208984,0.3171444535255432,5.960464483090178e-08,0.5544899305244109,0.5544899350936154,4.569204570259444e-09,0.7382414413438867,0.7382413418982174,-9.944566925490506e-08,25.474321064348004,25.47431923924219,-1.8251058122586983e-06
wired,wired_laser_13,76,76,0,49,49,0,16,16,0,0.1910094022750854,0.1910094618797302,5.96046448031462e-08,0.5181648021512752,0.5181648069822316,4.830956301660194e-09,0.7303459438554032,0.7303459522832266,8.427823439127735e-09,26.17825617743647,26.17825486653354,-1.3109029310953701e-06
wired,wired_machine_13,65,65,0,27,27,0,21,21,0,0.2355725765228271,0.2355724573135376,-1.192092894952701e-07,0.6115859372776414,0.6115860198765362,8.259889472395088e-08,0.7042408130278999,0.7042408204856159,7.457716000303094e-09,26.35625322077006,26.35625462030174,1.3995316798798285e-06
wired,wired_memory_13,34,34,0,26,26,0,7,7,0,0.4548085927963257,0.4548086524009704,5.9604644719879474e-08,0.5485194056644482,0.5485194402154883,3.455104002902942e-08,0.6694245047074389,0.6694245080149759,3.307537022045892e-09,18.36963588370348,18.36963484194947,-1.0417540110552181e-06
wired,wired_moravec_13,58,58,0,37,37,0,6,6,0,0.2066357731819152,0.2066357731819152,0.0,0.5343728804951416,0.5343728223101198,-5.8185021800660763e-08,0.7408564526637437,0.7408564633912217,1.0727478017003023e-08,20.524108829374143,20.52410707535745,-1.7540166936669266e-06
wired,wired_nano_13,61,61,0,39,39,0,7,7,0,0.3680438995361328,0.3680437803268432,-1.192092896062924e-07,0.5784657382852059,0.5784657601797579,2.1894552060253147e-08,0.745864192656683,0.745864455501717,2.628450339603461e-07,24.656428563326905,24.6564300700328,1.5067058960482882e-06
wired,wired_neuro_13,13,13,0,6,6,0,3,3,0,0.6654609441757202,0.6654608249664307,-1.1920928955078125e-07,0.4118834185654819,0.4118834550570356,3.649155372320578e-08,0.6847662238249791,0.6847663361997408,1.123747617182147e-07,9.625181104942955,9.625181558822757,4.5387980129873995e-07
wired,wired_nuclear_13,58,58,0,45,45,0,4,4,0,0.3262955546379089,0.3262956142425537,5.960464483090178e-08,0.5692059348397498,0.5692059420757356,7.2359858105386365e-09,0.7283336638012945,0.7283335762813635,-8.751993096911548e-08,22.881582275601343,22.88158241268456,1.3708321588978833e-07
wired,wired_sensing_13,90,90,0,45,45,0,15,15,0,0.1527316570281982,0.152731716632843,5.96046448031462e-08,0.5819668733672982,0.5819668426838509,-3.068344733847539e-08,0.7344351122857604,0.7344349885366446,-1.2374911584345227e-07,15.495718312873835,15.49571914684089,8.339670554136092e-07
wired,wired_sleep_13,80,80,0,40,40,0,12,12,0,0.1602043509483337,0.1602044105529785,5.960464477539063e-08,0.5324565737573739,0.5324565479238492,-2.5833524652796314e-08,0.7342306871178326,0.7342307444480274,5.7330194813687285e-08,22.00982242123043,22.009822937145657,5.159152252076638e-07
wired,wired_time_13,71,71,0,58,58,0,6,6,0,0.3716517686843872,0.3716516494750976,-1.192092896062924e-07,0.5839787785802936,0.5839787043519975,-7.422829606529291e-08,0.7014203088716202,0.7014203354272844,2.6555664223160136e-08,24.86541256391576,24.865412342052274,-2.2186348758168606e-07
wired,wired_zero_13,53,53,0,27,27,0,7,7,0,0.2679784297943115,0.2679784893989563,5.960464477539063e-08,0.5230815847886104,0.5230815997952566,1.500664614795255e-08,0.6641710666283981,0.6641710870620078,2.0433609693171206e-08,19.746084955776418,19.74608369702661,-1.2587498083860282e-06
wired,wired_Talia_14,44,44,0,29,29,0,9,9,0,0.2397228479385376,0.2397228479385376,0.0,0.5037095477584732,0.5037093877745622,-1.599839110077994e-07,0.79700366008973,0.7970037844940572,1.244043271730888e-07,18.618394878746223,18.618396080264947,1.2015187245140169e-06
wired,wired_astro_14,52,52,0,34,34,0,15,15,0,0.1103326082229614,0.1103326082229614,0.0,0.4189951552689312,0.4189951330533034,-2.2215627837329777e-08,0.7392804908223556,0.739280481539588,-9.282767554630311e-09,21.655858705132932,21.65586085663915,2.151506219405519e-06
wired,wired_blockchain_14,23,23,0,20,20,0,3,3,0,0.3428347706794739,0.3428347706794739,0.0,0.4620440440786133,0.4620440807956766,3.671706327867952e-08,0.6740175726524263,0.6740176791456866,1.0649326021017202e-07,13.782367129655771,13.782367431469453,3.018136816024253e-07
wired,wired_crispr_14,29,29,0,11,11,0,11,11,0,0.2857813239097595,0.2857814431190491,1.1920928955078125e-07,0.5372246045971926,0.5372247106256349,1.060284423592961e-07,0.6456247335392223,0.6456247217921283,-1.1747094075253983e-08,13.56912061303254,13.569119991923843,-6.211086969187818e-07
wired,wired_dimension_14,99,99,0,55,54,-1,11,12,1,0.207045316696167,0.2110263705253601,0.003981053829193115,0.5424385958778137,0.5434438350998734,0.0010052392220596396,0.6933610535241939,0.6942708143634165,0.000909760839222673,25.12878113865915,24.79622304802113,-0.33255809063802033
wired,wired_fractal_14,47,47,0,35,35,0,10,10,0,0.3280720114707947,0.3280720114707947,0.0,0.5536043286430661,0.553604341243175,1.2600108956206668e-08,0.7259863877056831,0.7259863454180521,-4.228763106350897e-08,23.43716590783529,23.43716680211792,8.94282628394194e-07
wired,wired_gravity_14,104,102,-2,73,71,-2,10,10,0,0.2306740283966064,0.231886625289917,0.0012125968933106024,0.563331769110401,0.5666825654723335,0.0033507963619325842,0.6989278073793445,0.6989937532571895,6.594587784503059e-05,30.583747163491328,30.320830205629186,-0.2629169578621422
wired,wired_hacking_14,56,56,0,41,41,0,14,14,0,0.2019294500350952,0.2019422650337219,1.2814998626708984e-05,0.5422791851091622,0.542442567445824,0.00016338233666179924,0.6563311840407571,0.6582015517006741,0.0018703676599169938,24.00533298874441,23.987191478054537,-0.018141510689872575
wired,wired_infinity_14,92,92,0,63,63,0,14,14,0,0.1623880267143249,0.1623880863189697,5.96046448031462e-08,0.5515361024555552,0.5515361597312942,5.7275739040463236e-08,0.7230016471412944,0.7230016635346725,1.6393378099444078e-08,26.73606629047173,26.73607031910942,4.028637690112191e-06
wired,wired_internet_14,62,63,1,43,43,0,15,16,1,0.1782437562942505,0.1892865300178527,0.011042773723602212,0.6071264616741652,0.6091495248805117,0.002023063206346487,0.7215883173852622,0.7327274134224616,0.011139096037199425,29.919717519842376,30.30336404703498,0.38364652719260306
wired,wired_laser_14,64,64,0,46,46,0,10,10,0,0.3609763979911804,0.3609764575958252,5.960464477539063e-08,0.5674369460162616,0.5674369445937426,-1.4225189914895964e-09,0.7398535573704478,0.7398535846909486,2.7320500861627295e-08,24.920168010976283,24.920168799283363,7.883070800573933e-07
wired,wired_machine_14,57,57,0,30,30,0,21,21,0,0.1370529532432556,0.1370528936386108,-5.960464477539063e-08,0.514849501688824,0.514849563057095,6.13682709094121e-08,0.7520855594531334,0.752085493825031,-6.562810239696404e-08,28.520629689203993,28.52063018458935,4.953853576239453e-07
wired,wired_memory_14,49,49,0,37,37,0,11,11,0,0.136349081993103,0.136349081993103,0.0,0.3901705065138577,0.3901704610718176,-4.5442040130794226e-08,0.7433093587234849,0.743309268167526,-9.05559589536864e-08,23.125437092697176,23.12543843745804,1.3447608644412412e-06
wired,wired_moravec_14,49,49,0,29,29,0,14,14,0,0.1432708501815796,0.1432707905769348,-5.96046448031462e-08,0.4759978747663593,0.4759979256363595,5.0870000212199784e-08,0.7047059828137725,0.704705992700951,9.88717852035137e-09,20.46982158995696,20.469821000149945,-5.898070156717949e-07
wired,wired_nano_14,86,86,0,45,45,0,25,25,0,0.1298111677169799,0.1298112273216247,5.96046448031462e-08,0.5562359154954404,0.5562358963723945,-1.9123045924551718e-08,0.7723858344567736,0.7723857588818028,-7.557497072596675e-08,29.744735834190305,29.744735168180213,-6.660100915212297e-07
wired,wired_neuro_14,20,20,0,10,10,0,5,5,0,0.281254768371582,0.2812545895576477,-1.7881393427066072e-07,0.445311230226778,0.4453111694363809,-6.07903971050483e-08,0.6775232001762486,0.6775231777167282,-2.2459520354622953e-08,11.24837726823426,11.24837705089077,-2.1734348898405642e-07
wired,wired_nuclear_14,117,117,0,64,64,0,13,13,0,0.2646216154098511,0.2646217346191406,1.1920928955078125e-07,0.5563774546115683,0.5563773966094567,-5.8002111558153047e-08,0.7020940333069102,0.702094074043804,4.073689374717304e-08,31.426399747777634,31.42640005919695,3.114193170006274e-07
wired,wired_sensing_14,63,63,0,35,35,0,15,15,0,0.1619810461997985,0.1619809865951538,-5.96046446921239e-08,0.5429646955843752,0.5429647286310884,3.30467131437473e-08,0.718842191552608,0.7188421594957772,-3.205683074547494e-08,19.52567084271609,19.525670507744906,-3.349711832356661e-07
wired,wired_sleep_14,49,49,0,29,29,0,9,9,0,0.2689617872238159,0.2689616084098816,-1.7881393432617188e-07,0.5382164849452489,0.5382164496526315,-3.529261738410838e-08,0.714004387077958,0.7140044493458324,6.226787441221404e-08,19.950028834653732,19.950029178647007,3.439932747539842e-07
wired,wired_time_14,61,61,0,47,47,0,11,11,0,0.2127253413200378,0.2127254009246826,5.96046448031462e-08,0.5653451596579872,0.5653451698777133,1.02197261764303e-08,0.7046925840881798,0.7046926086629416,2.457476178108209e-08,28.907910162792724,28.907911015494644,8.527019197401842e-07
wired,wired_zero_14,115,115,0,65,65,0,12,12,0,0.3503763675689697,0.3503763675689697,0.0,0.5951739333707522,0.5951738474728064,-8.589794575630805e-08,0.7157047751097917,0.7157047493375654,-2.5772226242004592e-08,26.36472821244675,26.364727130742512,-1.0817042372934793e-06
wired,wired_Talia_15,43,43,0,27,27,0,8,8,0,0.2335363626480102,0.2335362434387207,-1.192092894952701e-07,0.5438459294908512,0.543845941803974,1.231312285465691e-08,0.7579226643991109,0.7579226579125431,-6.486567838415169e-09,17.342065188127915,17.342065674378937,4.862510216696592e-07
wired,wired_astro_15,67,67,0,34,34,0,22,22,0,0.1078912615776062,0.1078911423683166,-1.192092896062924e-07,0.5216588592669825,0.5216588461315442,-1.313543829262187e-08,0.7626877976966824,0.7626877917927166,-5.90396576072294e-09,27.28744933188747,27.287449957596916,6.257094469219737e-07
wired,wired_blockchain_15,36,36,0,16,16,0,14,14,0,0.2336809635162353,0.2336809635162353,0.0,0.5131952977346804,0.5131953281792033,3.044452290268396e-08,0.6741328297403137,0.6741328235066797,-6.2336340533875045e-09,19.51800959480231,19.518008833205595,-7.615967163587811e-07
wired,wired_crispr_15,41,41,0,15,16,1,22,22,0,0.1760258674621582,0.1598553657531738,-0.016170501708984403,0.5773618801627844,0.5811623457628015,0.003800465600017011,0.6729202841820127,0.664361510550908,-0.008558773631104688,20.950464394527327,20.89128822502323,-0.0591761695040951
wired,wired_dimension_15,92,92,0,53,53,0,15,15,0,0.1305670142173767,0.1305670142173767,0.0,0.5538493871784987,0.55384929507609,-9.210240869972353e-08,0.7057565910232257,0.7057566356303553,4.46071295456818e-08,24.549618103426617,24.549620608989812,2.505563195143168e-06
wired,wired_fractal_15,52,54,2,32,34,2,15,15,0,0.2086057066917419,0.2050283551216125,-0.0035773515701293945,0.5740678609395313,0.5695088807442119,-0.0045589801953194176,0.7381674992587143,0.7466752737978627,0.008507774539148416,20.352006114891346,20.38013585897696,0.028129744085614306
wired,wired_gravity_15,91,86,-5,46,44,-2,28,26,-2,0.1062366366386413,0.1130607724189758,0.0068241357803345,0.4852875447027694,0.485886824563819,0.0005992798610495731,0.7410477059899844,0.7363871335578536,-0.004660572432130805,29.51489296905898,28.518795928531052,-0.9960970405279284
wired,wired_hacking_15,67,66,-1,32,32,0,30,30,0,0.2480778098106384,0.2480778098106384,0.0,0.6062410486805768,0.6110005595169041,0.0047595108363273075,0.763656375629509,0.7651596214047998,0.001503245775290707,32.589521184280265,32.6280698996078,0.03854871532753634
wired,wired_infinity_15,68,68,0,43,43,0,18,18,0,0.2171588540077209,0.2204226851463318,0.0032638311386108954,0.5287158359263824,0.5278014382295002,-0.0009143976968821743,0.7142608066765186,0.7142383706188286,-2.2436057690033984e-05,26.50826207967475,26.434129515259745,-0.07413256441500593
wired,wired_internet_15,37,37,0,14,14,0,18,18,0,0.2303799390792846,0.2303799390792846,0.0,0.5741491302248332,0.574149035672515,-9.455231819721632e-08,0.7844521670007737,0.7844521590526583,-7.948115388067833e-09,21.119109690342807,21.119109254553617,-4.357891896233923e-07
wired,wired_laser_15,53,53,0,28,28,0,14,14,0,0.2122483253479004,0.2122482657432556,-5.96046448031462e-08,0.6021532804498816,0.6021532835648693,3.1149877122160774e-09,0.7648470032886621,0.764847071358088,6.80694259846959e-08,23.772834723047687,23.7728345065287,-2.1651898762797828e-07
wired,wired_machine_15,28,28,0,10,10,0,17,17,0,0.235820472240448,0.2358206510543823,1.788139342984163e-07,0.5128136058400989,0.5128135630233834,-4.2816715506432956e-08,0.6225487522702662,0.6225487410352925,-1.1234973729123965e-08,18.65332733271591,18.653326979973087,-3.5274282339514684e-07
wired,wired_memory_15,43,43,0,25,25,0,14,14,0,0.2408524751663208,0.240852415561676,-5.96046448031462e-08,0.4933104622923279,0.4933103193591446,-1.4293318328917337e-07,0.679481161219463,0.6794810799706132,-8.124884975924118e-08,23.888650810207068,23.88864805969101,-2.7505160566931863e-06
wired,wired_moravec_15,37,37,0,15,15,0,17,17,0,0.2043339610099792,0.2043339610099792,0.0,0.4662943478274383,0.4662942592413962,-8.858604205741472e-08,0.7309916395724924,0.7309916675923877,2.801989529288562e-08,19.178603070431148,19.17860193612661,-1.1343045365208582e-06
wired,wired_nano_15,34,34,0,18,18,0,16,16,0,0.1828880310058593,0.1828880310058593,0.0,0.3942784264184205,0.3942783940677998,-3.235062068229766e-08,0.7238636766186675,0.723863733737359,5.7118691554336465e-08,16.581337254585,16.581338168115902,9.13530900703563e-07
wired,wired_neuro_15,16,16,0,6,6,0,9,9,0,0.3591267466545105,0.3591267466545105,0.0,0.4536413827381287,0.453641282320364,-1.0041776471458874e-07,0.6475959145037065,0.6475957786806039,-1.3582310254278696e-07,10.295341488735929,10.295340931215774,-5.575201544871788e-07
wired,wired_nuclear_15,97,97,0,56,56,0,16,16,0,0.2531865239143371,0.2531864047050476,-1.192092894952701e-07,0.57593570019593,0.5759355788475364,-1.2134839355582017e-07,0.725984370155539,0.7259843029742384,-6.718130052263405e-08,33.59835467379431,33.598355146989086,4.731947740310716e-07
wired,wired_sensing_15,61,61,0,35,35,0,15,15,0,0.1725470423698425,0.1725470423698425,0.0,0.5334505880555288,0.5334507720760935,1.8402056467525796e-07,0.6812660003314055,0.6812660237166743,2.3385268832498696e-08,23.80612205148307,23.80612089834344,-1.1531396282293827e-06
wired,wired_sleep_15,45,45,0,28,28,0,10,10,0,0.1613252162933349,0.1613253355026245,1.192092896062924e-07,0.5148557900777824,0.5148558624121516,7.233436927212011e-08,0.7445374017055395,0.7445374497949232,4.808938369738058e-08,19.220609883767455,19.22060989601867,1.2251213377112435e-08
wired,wired_time_15,103,103,0,53,53,0,24,24,0,0.121898353099823,0.1218984127044677,5.9604644706001686e-08,0.5466667242940257,0.546666732030854,7.736828289139908e-09,0.7104722288150626,0.7104722012397297,-2.7575332905982464e-08,31.792825520996207,31.792827909948848,2.388952641041442e-06
wired,wired_zero_15,70,70,0,24,24,0,26,26,0,0.120491087436676,0.120491087436676,0.0,0.5633710791473591,0.5633710299265002,-4.922085883318772e-08,0.6967368427932795,0.6967367961214278,-4.66718517166953e-08,19.8198557473172,19.819855307678612,-4.3963858686879576e-07
wired,wired_Talia_16,44,44,0,16,16,0,27,27,0,0.1013081073760986,0.101307988166809,-1.192092896062924e-07,0.4702720760971075,0.4702720191672342,-5.6929873315514357e-08,0.6817283479832649,0.6817283307286899,-1.7254574991021343e-08,21.715176476610445,21.715176363018504,-1.1359194118654159e-07
wired,wired_astro_16,42,42,0,21,21,0,18,18,0,0.1024336814880371,0.1024337410926818,5.9604644706001686e-08,0.4164392782996759,0.4164392840268067,5.727130769628275e-09,0.7234825462700448,0.723482540461599,-5.808445835420173e-09,19.776655941662717,19.776657828327014,1.886664296790741e-06
wired,wired_blockchain_16,68,68,0,21,21,0,43,43,0,0.1919436454772949,0.1919437050819397,5.96046448031462e-08,0.5599597445638056,0.5599596458390982,-9.872470740912576e-08,0.6770470992504959,0.6770470685894157,-3.066108023030978e-08,32.25759230930518,32.257592904676294,5.953711124107031e-07
wired,wired_crispr_16,98,102,4,38,43,5,54,53,-1,0.1158751249313354,0.1237434148788452,0.007868289947509807,0.5418430955281892,0.5344396008886986,-0.007403494639490638,0.7040323655534823,0.7001604071613412,-0.0038719583921410505,29.59597220634349,30.27660129228592,0.6806290859424315
wired,wired_dimension_16,95,95,0,42,42,0,27,27,0,0.1164036989212036,0.1159048676490783,-0.0004988312721252997,0.5805047891528285,0.5817018818955925,0.0011970927427639166,0.7242331633017351,0.7249140861823176,0.000680922880582413,28.7049240579097,28.50736494443963,-0.1975591134700707
wired,wired_fractal_16,84,85,1,28,29,1,38,38,0,0.1876769661903381,0.1841711401939392,-0.003505825996398898,0.5765623971345537,0.5810063548216365,0.0044439576870828335,0.70550246572679,0.7036546319120974,-0.0018478338146925566,30.28903205421402,30.71877656597956,0.4297445117655414
wired,wired_gravity_16,150,151,1,52,53,1,79,80,1,0.0774230360984802,0.0755630135536193,-0.0018600225448608954,0.5325390947648665,0.5260863587716487,-0.0064527359932178285,0.7400758627658359,0.743362870023152,0.0032870072573161213,40.88099051543287,41.72397873024885,0.842988214815982
wired,wired_hacking_16,94,94,0,36,36,0,51,51,0,0.1627163290977478,0.1599760055541992,-0.0027403235435486117,0.5997023736812102,0.601672297583627,0.0019699239024167925,0.7248057256377965,0.7256038229086221,0.0007980972708255818,40.70452173948382,40.8439399000252,0.1394181605413749
wired,wired_infinity_16,47,46,-1,22,21,-1,22,22,0,0.1562065482139587,0.1512147188186645,-0.004991829395294217,0.4393807088203411,0.4380837591676071,-0.0012969496527339697,0.6756150650029977,0.6808119546956546,0.005196889692656859,22.455543988615485,21.94908562371677,-0.506458364898716
wired,wired_internet_16,72,72,0,26,26,0,39,39,0,0.1267862915992736,0.1267862915992736,0.0,0.5250309770596764,0.5250309907016935,1.3642017071546775e-08,0.7809063662127421,0.7809063499353407,-1.6277401426734173e-08,30.583419826012356,30.58341751303917,-2.3129731872018056e-06
wired,wired_laser_16,111,111,0,33,33,0,58,58,0,0.2123095989227295,0.2123095989227295,0.0,0.5938318533251093,0.5938318344935951,-1.8831514236872238e-08,0.7664094368533428,0.7664095254673979,8.861405509374976e-08,34.18713936792062,34.18713799427861,-1.3736420143573014e-06
wired,wired_machine_16,62,62,0,25,25,0,32,32,0,0.1550493240356445,0.1550493240356445,0.0,0.5788918528634072,0.5788918786591991,2.5795791946947588e-08,0.7289061176639541,0.728906133477836,1.5813881870663238e-08,31.484457201465947,31.484455673930132,-1.527535815171177e-06
wired,wired_memory_16,81,81,0,34,34,0,40,40,0,0.148141324520111,0.148141324520111,0.0,0.5116633334583147,0.5116633585371708,2.5078856102922487e-08,0.6970273255725559,0.6970274571962299,1.3162367407115738e-07,32.888450495432934,32.888449347717014,-1.147715920524206e-06
wired,wired_moravec_16,53,53,0,17,17,0,30,30,0,0.1983873844146728,0.1983873844146728,0.0,0.5434737476601098,0.5434737832244119,3.556430205886585e-08,0.7404986464504828,0.7404986418359593,-4.614523541057736e-09,29.486749589749007,29.48675129923269,1.7094836834985472e-06
wired,wired_nano_16,83,83,0,20,20,0,57,57,0,0.235479474067688,0.2354793548583984,-1.1920928957853683e-07,0.5374284447848894,0.5374284588107352,1.4025845818110838e-08,0.6795334812388598,0.6795335979615355,1.1672267563600514e-07,31.81398541986137,31.813986506934302,1.0870729312273397e-06
wired,wired_neuro_16,23,23,0,14,14,0,9,9,0,0.2611846327781677,0.2611846327781677,0.0,0.4888337168379455,0.4888337694593518,5.262140628792267e-08,0.6538956938493614,0.6538956682887093,-2.55606521504248e-08,15.861522472304308,15.861522491214147,1.890983902796961e-08
wired,wired_nuclear_16,44,44,0,16,16,0,26,26,0,0.1485963463783264,0.1485964059829712,5.96046448031462e-08,0.5166547596174578,0.5166547574643303,-2.1531274541075618e-09,0.7082884004807196,0.7082884541840025,5.370328293174964e-08,21.622795528646172,21.622794544097832,-9.845483397441512e-07
wired,wired_sensing_16,56,56,0,12,12,0,33,33,0,0.2325416207313537,0.2325417399406433,1.192092896062924e-07,0.5697728262216022,0.5697727354012645,-9.082033769480802e-08,0.6773707932686608,0.6773707746004474,-1.8668213419559265e-08,21.181875418628817,21.181875033289263,-3.8533955404318476e-07
wired,wired_sleep_16,31,31,0,21,21,0,10,10,0,0.1515728235244751,0.1515728831291198,5.96046446921239e-08,0.3076312180813398,0.3076312023002829,-1.5781056905694868e-08,0.7880193469176593,0.7880194384710787,9.155341940125794e-08,13.797186958485335,13.797188034303376,1.07581804087431e-06
wired,wired_time_16,63,63,0,23,23,0,34,34,0,0.1077458262443542,0.1077458262443542,0.0,0.5141039943355794,0.5141040124408561,1.810527672230222e-08,0.738315639026353,0.7383155593600502,-7.96663027768929e-08,31.91149517459753,31.911495241328353,6.67308235335895e-08
wired,wired_zero_16,107,107,0,39,39,0,23,23,0,0.204928457736969,0.2049283981323242,-5.96046448031462e-08,0.5623034178795149,0.5623035468599248,1.289804099080527e-07,0.6946668986883432,0.6946668305769895,-6.811135366824317e-08,24.321803366949062,24.32180453437134,1.1674222761826059e-06
