convo_id,speaker_A,speaker_B,n_utterances,n_A,n_B,centroid_dist_mean,centroid_dist_std,centroid_dist_slope,cross_nn_A_to_B,cross_nn_B_to_A,hausdorff_AB,influence_A_toward_B,influence_B_toward_A,influence_asymmetry_AminusB,turn_jump_mean,turn_jump_std,turn_jump_A_to_B_mean,turn_jump_B_to_A_mean,hull_area_A,hull_area_B,hull_overlap_area,hull_overlap_ratio_min,containment_A_in_B,containment_B_in_A,k_clusters,entropy_total,entropy_A,entropy_B,mi_speaker_cluster,nmi_speaker_cluster,mi_turn_clusters,nmi_turn_clusters,entropy_slope_A,entropy_slope_B,align_eps,align_lag_A_to_B,align_lag_B_to_A,align_lag_asymmetry_AminusB
wired_astro_13,Speaker 1 (Janna Levin),Speaker 3 (teen),53.0,45.0,8.0,0.6096680333145145,0.14977751370042952,-0.008809342704941488,1.104011218443188,0.966930839898259,1.104011218443188,0.07701779176281144,0.3951636945865154,-0.318145902823704,1.2347586094495815,0.14165684589164224,1.2091073143225086,1.2604099045766541,0.7065071923018114,0.19350736540323743,0.18956414147048833,0.9796223573995125,0.15555555555555556,0.875,7.0,2.637310006131789,2.6018930436144734,1.75,0.113679320364951,0.10094124152909752,1.1930808571601248,0.6922553887094024,0.04716594188556471,0.1978211099977135,1.239949329639839,15.96551724137931,4.333333333333333,11.632183908045977
wired_astro_14,Speaker 1 (Janna Levin),Speaker 4 (college student),52.0,35.0,17.0,0.4382936897505129,0.1817581659718881,-0.010006846590914614,0.9149196824727637,0.9076824586248786,0.9149196824727637,0.13336592777097597,0.244949040438387,-0.11158311266741103,1.102334034461699,0.21018309616245995,1.0978083511166088,1.1068597178067892,0.6069330750912163,0.49065737377044777,0.49137338923406265,1.0014592982840809,0.5428571428571428,0.7647058823529411,7.0,2.695230952380813,2.6520480339667474,2.5580510765444573,0.05123237473002225,0.040983114629433624,1.2184529743783472,0.6977702745601092,0.031651536737935304,0.17219986289824757,1.1109254039329137,8.090909090909092,2.769230769230769,5.3216783216783226
wired_astro_15,Speaker 1 (Janna Levin),Speaker 5 (grad student),67.0,37.0,30.0,0.370999129104428,0.20723131168025358,-0.007780714874823365,1.0071940536956605,0.9907212908417057,1.0071940536956605,0.14163703681337633,0.19508619673864236,-0.05344915992526603,1.1694196723683308,0.1639924108535393,1.1554702886288628,1.1833690561077985,0.6266727416862548,0.5708263089663926,0.5295991719162336,0.9277763894155302,0.7297297297297297,0.8,8.0,2.8678800011753887,2.7490327591517234,2.666247897312731,0.1080721054618838,0.08078519489244795,0.9114447711437333,0.48629266942097277,0.048493921668301326,0.05940987822632443,1.1845665215575862,3.6,3.05,0.5500000000000003
wired_astro_16,Speaker 1 (Janna Levin),Speaker 6 (expert),42.0,23.0,19.0,0.4446676875759413,0.19390569244065778,-0.014347764195368621,0.9647389344471158,0.9574789141790815,0.9647389344471158,0.18520927064413065,0.23038596781280832,-0.04517669716867767,1.0707824808498079,0.16297308100583388,1.0571917844660814,1.0866382932974892,0.5507361976966632,0.5262769373893786,0.48557893758163495,0.9226680918042351,0.6086956521739131,0.7368421052631579,6.0,2.4749525415173124,2.435909241665556,2.2492870686521598,0.08558123006985631,0.07119572370553394,0.7641296547214522,0.49048650723977916,0.07107053677038502,0.11631783683838634,1.0953659303450805,3.066666666666667,3.0714285714285716,-0.004761904761904745
wired_blockchain_12,Speaker 1 (Bettina Warburg),Speaker 2 (Child),20.0,13.0,7.0,0.5917039741498156,0.1979502992359756,-0.03091326717316015,1.0561512431404976,0.9397395970896069,1.0561512431404976,0.1731081487553503,0.38092297497391275,-0.20781482621856245,1.1775353485799573,0.28542533983766194,1.218967729444492,1.1361029677154224,0.5116785354691153,0.519249276195792,0.3235539656199815,0.6323383593242619,0.5384615384615384,0.14285714285714285,4.0,1.8016094970590275,1.7381493331928661,1.8423709931771086,0.01870290124172752,0.0197264351185425,0.5623351446188081,0.5771596324111233,0.09152196836694078,0.2750239372073754,1.264681162160258,4.333333333333333,3.1666666666666665,1.1666666666666665
wired_blockchain_13,Speaker 1 (Bettina Warburg),Speaker 3 (Teen - Ian),32.0,21.0,11.0,0.5489290538341058,0.20936883030330897,-0.01802182699384243,1.1105085364011333,0.9700134267414271,1.1105085364011333,0.18763693583148425,0.23994377236531156,-0.05230683653382731,1.2496567453817888,0.10673144442882862,1.2630842386852306,1.2362292520783467,0.6148645995777163,0.41285513840422444,0.37555410385164184,0.9096510347509316,0.3333333333333333,0.7272727272727273,6.0,2.4905074211313076,2.1999793267164867,2.2312702546075758,0.1939230606766824,0.16366336210377333,0.7678235671618701,0.44808333687543095,0.06473201580910797,0.17821797000028838,1.2436982028966033,5.357142857142857,5.636363636363637,-0.2792207792207799
wired_blockchain_14,Speaker 1 (Bettina Warburg),Speaker 4 (College Student),23.0,20.0,3.0,0.6877730631150609,0.16958581859656538,-0.02330430566269435,1.1190577661347645,1.0074678026970316,1.1190577661347645,0.13675679342950145,0.5039173153616545,-0.3671605219321531,1.196606021751558,0.170759608075656,1.0889304386934027,1.3042816048097132,0.5906102561675615,0.2777882253699624,0.26672393653027937,0.960170058234299,0.15,0.6666666666666666,5.0,2.1768589799249654,2.1588718484453606,1.584962500721156,0.06435516159388777,0.06788175308623474,1.0986122886681098,0.7601875334318686,0.09067813134538563,,1.1696424052115233,3.6,3.0,0.6000000000000001
wired_blockchain_15,Speaker 5 (Grad Student),Speaker 1 (Bettina Warburg),36.0,19.0,17.0,0.5257495667765368,0.23150735395792096,-0.018041531647654842,1.0929452221642808,1.0196330620578626,1.0929452221642808,0.20434359337350175,0.16028643371630358,0.04405715965719817,1.217826382949142,0.11711332583592052,1.1831079426371374,1.2525448232611465,0.5822044682756573,0.428221618483336,0.320019190707189,0.7473214263227169,0.47368421052631576,0.47058823529411764,6.0,2.403708086845815,2.439268146254097,1.6589797521242051,0.2307552536098076,0.19574385581442225,0.41272565263942174,0.2966999745614875,0.11038163388753709,0.07368695146416077,1.2133549312760659,3.1538461538461537,3.0,0.15384615384615374
wired_blockchain_16,Speaker 6 (Expert),Speaker 1 (Bettina Warburg),68.0,46.0,22.0,0.43435679465810995,0.12386979419300795,-0.0049157337048720655,1.0747280764139182,0.9989990551442683,1.0747280764139182,0.08313292671262355,0.22188903184297035,-0.1387561051303468,1.1631262269961224,0.18169639757976763,1.2149823391541776,1.1112701148380668,0.581590271788227,0.47236968514374306,0.42306032389439113,0.8956127736386238,0.6304347826086957,0.5909090909090909,8.0,2.7486964085405257,2.7043552317872246,2.2953570516174424,0.12245423487947149,0.0966202723318995,0.7180172162617425,0.5428401606913948,0.030171596007698122,0.06088744953451665,1.2148119753406648,10.472222222222221,5.25,5.222222222222221
wired_crispr_12,Speaker 1 (Neville Sanjana),Speaker 2 (Tegan - Child),21.0,14.0,7.0,0.7359087187422508,0.18686571477473887,-0.028205319592533345,1.064249256162882,0.9451003397261266,1.064249256162882,0.2054114060997185,0.30856000270771106,-0.10314859660799255,1.105071320302006,0.384290578545784,1.2061768421567962,0.9837446940762578,0.5037505055561261,0.29353559127149476,0.1517544530969996,0.5169882549494312,0.21428571428571427,0.42857142857142855,5.0,2.201078735588117,2.1820058147602133,1.4488156357251847,0.18262324310102823,0.16892466184533864,0.790438125437663,0.5722245536031894,0.18744995674476916,0.20958482150224697,1.2675728927402197,4.857142857142857,1.5,3.3571428571428568
wired_crispr_13,Speaker 1 (Neville Sanjana),Speaker 3 (Bella - Teenager),24.0,17.0,7.0,0.7766298462576285,0.25483177347766134,-0.033937378123961415,1.054401670537482,1.0006278525988024,1.054401670537482,0.23284454039922514,0.34158146859826893,-0.10873692819904379,1.1332878121602765,0.1960781728030993,1.1464987056148597,1.1200769187056931,0.5017494160103866,0.28808762936746546,0.18541224642280324,0.6435966960119057,0.23529411764705882,0.42857142857142855,5.0,2.1379185026711327,1.96981578242681,1.950212064914747,0.12048316952572027,0.11554204660710414,0.6068425588244113,0.47044904033421003,0.09190744463584295,0.34372119489355096,1.2202198455246922,3.4285714285714284,4.2,-0.7714285714285718
wired_crispr_14,Speaker 1 (Neville Sanjana),Speaker 4 (Christopher - Student),29.0,15.0,14.0,0.6114995306699065,0.23053839210252744,-0.026334579677113605,0.9691784919204102,0.9981045565336674,0.9981045565336674,0.298237136865684,0.2412191471523635,0.05701798971332048,1.199404204766357,0.18886517672552863,1.1363138369233357,1.2730096339165486,0.5787896052680053,0.44297593742720115,0.4177206305537297,0.9429871811544573,0.4666666666666667,0.42857142857142855,5.0,2.2945776700366283,2.1492553971685,2.1820058147602133,0.08977068803448575,0.07864161818850632,0.8707676824999053,0.5589362964356435,0.1372745566427102,0.14441958104288571,1.237203917453916,6.583333333333333,3.5,3.083333333333333
wired_crispr_15,Speaker 5 (Lauren Schiff),Speaker 1 (Neville Sanjana),41.0,26.0,15.0,0.42980897617405395,0.19922266989377704,-0.014089286701103048,1.0449651476163722,0.9814341704199037,1.0449651476163722,0.2104430769714763,0.23915200121431765,-0.028708924242841355,1.2009377625307196,0.16447587027059768,1.1856721149813114,1.2136591354885595,0.6656201489703159,0.5143680658047867,0.5039370573380856,0.9797207308148483,0.38461538461538464,0.8666666666666667,6.0,2.508170352467419,2.512214603157204,2.365596230357602,0.03437775552140994,0.028705022937665477,0.6168433522663505,0.4270715676063247,0.05113007286241851,0.13284185385562505,1.240839210687624,7.5625,4.3076923076923075,3.2548076923076925
wired_crispr_16,Speaker 6 (Matthew Canver),Speaker 1 (Neville Sanjana),98.0,60.0,38.0,0.46952630413753627,0.2028475712261149,-0.006479782624875593,1.0057265874066106,0.919604863741638,1.0057265874066106,0.09296476936622124,0.18930237195233693,-0.09633760258611569,1.1564320743501182,0.16988308429704652,1.1478171235581884,1.1650470251420482,0.7018691692328967,0.5535458918284627,0.5450136708057025,0.9845862445215215,0.65,0.9210526315789473,10.0,3.178496972446163,3.0511089690108966,2.830182698156027,0.14767728875176142,0.10287875774892943,1.061632005836374,0.511545162354661,0.032122698741252564,0.03765526393461199,1.182064724550057,17.108695652173914,4.705882352941177,12.402813299232736
wired_dimension_16, PhD),Yeah.,53.0,51.0,2.0,0.5151662943256723,0.12901615257031537,-0.0021446075978889703,1.3281454177482614,0.921572862011685,1.3281454177482614,0.136049305079849,,,1.3219271425942927,0.0,1.3219271425942927,,,,,,,,7.0,2.668828184145899,2.6741388834765294,-0.0,0.06626501043056764,0.0659165985827093,,,0.019572412754614313,,1.315244663500244,25.307692307692307,,
wired_fractal_12,"Speaker 1 (Keenan Crane, Phd)",Speaker 2 (child),46.0,30.0,16.0,0.7133739818366385,0.17044724671691225,-0.011966335079759036,1.0033622928130634,0.8592758089765685,1.0033622928130634,0.09836784853632613,0.1807571551904936,-0.08238930665416747,1.1836315526526595,0.23869552099157043,1.2434960075898904,1.1194910652199124,0.6274804946453819,0.3538189535844753,0.3309528374635541,0.9353733996178871,0.3333333333333333,0.5625,7.0,2.644335591633718,2.572253928364927,1.7947367178034823,0.23741845813005097,0.19154340433846626,0.5588557217604877,0.33046165581491066,0.061272170215008165,0.14915353926772232,1.2653346639711827,8.56,4.466666666666667,4.093333333333334
wired_fractal_13,"Speaker 1 (Keenan Crane, Phd)",Speaker 3 (teen),40.0,33.0,7.0,0.4696011477600733,0.1919991740592319,-0.011383035199561442,0.981743213616604,0.8225074344987505,0.981743213616604,0.08311081586387932,0.3025140309642043,-0.219403215100325,1.1385599053331548,0.143747025966693,1.220515434820895,1.0566043758454151,0.6638123579552653,0.32846534241031256,0.32878559440612026,1.000974994784709,0.36363636363636365,1.0,6.0,2.498815264680184,2.4391162875088446,2.1280852788913944,0.07910847437935956,0.07205523279879297,0.8312197610323397,0.5388647781305079,0.03901728600392987,0.3294457059148584,1.1969318056522444,10.8,1.7142857142857142,9.085714285714287
wired_fractal_14,"Speaker 1 (Keenan Crane, Phd)",Speaker 4 (College Student),47.0,37.0,10.0,0.518491415698006,0.16686340889681198,-0.009185702827066046,1.1054682179299375,0.9774705417418532,1.1054682179299375,0.08067219176222709,0.3110956656325927,-0.23042347387036563,1.14745944342421,0.25745699103348724,1.1711988259977315,1.1203287204830432,0.7565883907512876,0.4349259035246128,0.41951130887445104,0.9645581131745825,0.40540540540540543,0.7,7.0,2.570381016902685,2.3387527101031034,2.5219280948873624,0.13353814577234652,0.11615796754325024,1.089803377570447,0.603265460844486,0.04736560346987301,0.29989593223150035,1.2448301425453332,9.708333333333334,3.0,6.708333333333334
wired_fractal_16,Speaker 6 (expert),"Speaker 1 (Keenan Crane, Phd)",84.0,48.0,36.0,0.4396632030361656,0.21416982220025102,-0.007195525402671574,0.9867364600166632,0.9343404469327135,0.9867364600166632,0.1526204546051594,0.1825538466639971,-0.029933392058837688,1.2385372014575724,0.11749013223024114,1.2633306361140517,1.2119728071827733,0.5081014412273207,0.5214454898730487,0.41429945294173975,0.8153872816046301,0.6875,0.8055555555555556,9.0,3.017159989984565,2.989059189593494,2.9145514070003484,0.04161150174863958,0.02999844359243561,0.863166453316735,0.44862698615296487,0.024230088372785563,0.057876719674472596,1.244853627649172,10.880952380952381,7.757575757575758,3.1233766233766236
wired_gravity_12,Speaker 1 (Janna Levin),Speaker 2 (Bonét Sofía Kanayet),72.0,47.0,25.0,0.5498374837549402,0.15756573958154757,-0.004653626161460095,1.0681530540402109,0.8302207271633623,1.0681530540402109,0.10412036166833535,0.07689255218104642,0.027227809487288937,1.268512241757233,0.1595151973525003,1.2559498875265585,1.2810745959879075,0.6189958554555567,0.45397239525175054,0.43092394863070543,0.949229409404368,0.5106382978723404,0.68,8.0,2.9220889216252135,2.9463509490403874,2.2890255736436504,0.14138535475068317,0.10586112423020637,0.7462800835453874,0.38938181766954216,0.041266667949940196,0.06265211714646683,1.2784720424377218,8.933333333333334,6.0,2.9333333333333336
wired_gravity_13,Speaker 1 (Janna Levin),Speaker 3 (Maria Teresa Furtado),117.0,95.0,22.0,0.3777758280172302,0.11735798142035386,-0.002052542731126881,1.0949476118974124,1.0042551321282036,1.0949476118974124,0.04286420080016018,0.1385335975480405,-0.09566939674788033,1.2002984395306655,0.1616951895085408,1.203126574005058,1.1974703050562727,0.6074890598195797,0.30641256000049955,0.2984323783953286,0.973956088467268,0.47368421052631576,0.7727272727272727,11.0,3.3149628396345396,3.1524558882495857,2.5858279391430417,0.1864928970344938,0.1341136615302131,1.0661418406053238,0.5226756663154756,0.023399553486188173,0.10278633449376963,1.2502783348976858,14.577464788732394,5.944444444444445,8.63302034428795
wired_gravity_14,Speaker 1 (Janna Levin),Speaker 4 (Lisa Chan),104.0,84.0,20.0,0.43136397003915317,0.14765593736357108,-0.0029512027229056507,1.052842245034411,0.6798258678559932,1.052842245034411,0.059722798027927085,0.08637520701311902,-0.02665240898519193,1.16108354492561,0.26285876435059036,1.2067893815558017,1.1123306525200725,0.6172868620887888,0.3801423288561849,0.37819970311364626,0.9948897410388793,0.5,0.75,10.0,3.163437580804918,3.122317571078529,2.2854752972273342,0.14005123086285323,0.10442701341447712,0.7939043243038989,0.4010046660685836,0.027230227372362848,0.10027198716343444,1.2476545311336198,16.88888888888889,3.8823529411764706,13.006535947712418
wired_gravity_15,Speaker 1 (Janna Levin),Speaker 5 (Will Gyory),91.0,53.0,38.0,0.34901322072791047,0.17212430592724165,-0.004616216558944482,0.9652840258239368,0.8792913157495149,0.9652840258239368,0.11819720749945707,0.15675761447252462,-0.03856040697306755,1.2001751884103768,0.18023196041172884,1.212298992449206,1.1872431307689593,0.5683294569143367,0.4946369959739544,0.4760583478202031,0.9624398330392384,0.660377358490566,0.8947368421052632,10.0,2.95993193890071,2.840154890965824,2.805595005360066,0.09302634632667267,0.06812202062915815,0.7260267123482251,0.3704653519582796,0.0292359179913418,0.03978481862555323,1.1925617980568632,7.5476190476190474,7.033333333333333,0.5142857142857142
wired_gravity_16,Speaker 6 (Matthew Kleban),Speaker 1 (Janna Levin),150.0,88.0,62.0,0.29257462079996116,0.162320141641533,-0.0029645386092904515,1.0017341705764584,0.964447415814768,1.0017341705764584,0.09591226906772424,0.171282259151992,-0.07536999008426776,1.236302541846647,0.14298454516135065,1.2589039575747236,1.2148906743147843,0.5165277017563153,0.528798037659711,0.4465183719503965,0.8644616163511256,0.8636363636363636,0.8064516129032258,12.0,3.439917034192738,3.3754998275786035,3.3295810376228694,0.05780637679171883,0.03775211884180554,0.9573118288139516,0.4333335496917499,0.020158548798331795,0.03394860668240229,1.2127451862338021,13.306666666666667,8.481481481481481,4.825185185185186
wired_hacking_12,Speaker 1 (Samy Kamkar),Speaker 2 (child),40.0,29.0,11.0,0.5576975375022674,0.19901480808098324,-0.015047242177792321,1.0023041148951588,0.9388717682915019,1.0023041148951588,0.14723558480804982,0.27376459955814203,-0.1265290147500922,1.1456235351562105,0.23017667471804829,1.2135560292047258,1.0776910411076952,0.7343928542355451,0.5264736251589163,0.4825447456744713,0.9165601515722939,0.4827586206896552,0.5454545454545454,6.0,2.512483183763734,2.514044151988362,2.3685225277282065,0.026656692756923825,0.022884331804248783,0.8864408992365054,0.515420876275511,0.05370712680622834,0.20974447838559504,1.212319235361443,6.764705882352941,2.6,4.164705882352941
wired_hacking_13,Speaker 1 (Samy Kamkar),Speaker 3 (teen),37.0,24.0,13.0,0.4882726606001628,0.17716262455678275,-0.012661264159161622,0.9939232912457001,0.917003084448794,0.9939232912457001,0.13273309580626938,0.22886730275344336,-0.09613420694717398,1.1035299200642614,0.24886684601705983,1.0666947192688818,1.1449695209590633,0.5637674951648768,0.4653551329662683,0.41533856284250603,0.8925195692912068,0.5416666666666666,0.6153846153846154,6.0,2.41715950795732,2.252705481927944,2.103909910282364,0.15022824994851286,0.12929942675601258,0.7489028316457735,0.4487839510567561,0.05686515667653153,0.19857334831016824,1.1916084327571193,7.133333333333334,3.888888888888889,3.244444444444445
wired_hacking_14,Speaker 1 (Samy Kamkar),Speaker 4 (college student),56.0,41.0,15.0,0.46325068770149624,0.16760731407177729,-0.008839868101923845,1.0657845053110775,0.9906602059353913,1.0657845053110775,0.10715085064351622,0.25049719624096,-0.1433463455974438,1.170778878777729,0.17531115640499156,1.1322515862143916,1.2093061713410664,0.6487755873384886,0.4722152731817588,0.43171313295960734,0.9142294997168338,0.4634146341463415,0.7333333333333333,7.0,2.687838890632873,2.611980662415924,2.4225797618424916,0.08774592600049207,0.07179977747316028,0.9988726273485183,0.5829180024133017,0.046631174904541044,0.11032780667333819,1.2244357028043498,7.235294117647059,5.857142857142857,1.3781512605042021
wired_hacking_15,Speaker 1 (Samy Kamkar),Speaker 5 (grad student),67.0,34.0,33.0,0.4794340732154137,0.23152257332574902,-0.01012487065713283,1.0947806884198987,1.0941766417261498,1.0947806884198987,0.17263688721300627,0.13624354261401497,0.036393344598991295,1.244599105560812,0.1243162095635931,1.2703888485470136,1.2162303882759904,0.5414203463911114,0.5849508300032105,0.49792020132825976,0.9196555036159872,0.8529411764705882,0.696969696969697,8.0,2.7865826154374727,2.8883187255689577,2.298055013810251,0.13099843509449471,0.09982553281535704,1.1167933863686967,0.6190158115831933,0.04847853424522047,0.05380224782642105,1.2771106427087346,5.071428571428571,6.344827586206897,-1.2733990147783256
wired_infinity_12,Speaker 1 (Emily Riehl),Speaker 2 (Child),43.0,31.0,12.0,0.42740850127456387,0.1706701771183395,-0.011669437060910656,0.970347778177698,0.8135395871228966,0.970347778177698,0.10012698585909223,0.2705158179778274,-0.17038883211873518,1.099899955965,0.2667797837615934,1.1075293851532158,1.0915769423051287,0.6882418229774077,0.46841689005327414,0.4681894805926763,0.9995145148148437,0.45161290322580644,0.8333333333333334,7.0,2.720180593428422,2.688427569821472,2.4591479170272446,0.06636055457180516,0.053569322397114004,0.920920814950366,0.49049766386852195,0.056834809191111446,0.1894309126692804,1.1905241407949938,6.944444444444445,3.0,3.9444444444444446
wired_infinity_13,Speaker 1 (Emily Riehl),Speaker 3 (Teenager),53.0,42.0,11.0,0.6317943093912358,0.27128662613479126,-0.016940004145777416,0.9676940969501996,0.8220739576426106,0.9676940969501996,0.10041102691840367,0.3163322782105932,-0.2159212512921895,1.0384685666733104,0.32645005009735345,1.1548149060887662,0.9055013216270754,0.7509673227403573,0.40601811583165837,0.417678725293365,1.0287194314909371,0.40476190476190477,0.9090909090909091,7.0,2.57572416132553,2.5674316391098513,2.2221915755066783,0.055414427897899146,0.04826946974485799,0.777661295762166,0.5047864261831024,0.05192795947027861,0.17902771160530612,1.180705101987538,11.291666666666666,4.333333333333333,6.958333333333333
wired_infinity_14,Speaker 1 (Emily Riehl),Speaker 4 (College Student),92.0,74.0,18.0,0.35392519907042574,0.14537475196909266,-0.003698079418602045,1.0233999683671846,0.9156133314083476,1.0233999683671846,0.03413193304574401,0.2161859183692484,-0.18205398532350436,1.175113695300751,0.2357431280807541,1.1836899544258168,1.1665374361756853,0.688084487244797,0.4513748195010313,0.43101930236168023,0.954903294867328,0.4864864864864865,0.8888888888888888,10.0,3.1440239608342386,3.096895824911699,3.0441104177484006,0.03982526726474446,0.02979163740086501,1.1224974999557156,0.5163216860271912,0.026807561513606377,0.1449792110752923,1.226158339246866,9.75,3.1875,6.5625
wired_infinity_15,Speaker 1 (Emily Riehl),Speaker 5 (Graduate Student),68.0,47.0,21.0,0.4381537386480011,0.15291049444930757,-0.006887064323463177,0.9481307813806868,0.9427864998458524,0.9481307813806868,0.10726076862631252,0.16269534687876935,-0.05543457825245683,1.0758211781673106,0.2899753975687503,1.0359831214029893,1.1156592349316323,0.5415562347437849,0.47195186279207574,0.43598141398011675,0.9237836490375159,0.574468085106383,0.8095238095238095,8.0,2.895970640712622,2.832283811207974,2.7199643047423914,0.06818747768933953,0.051942668096208344,0.8240775570249003,0.44679785685284323,0.04290336611757422,0.11797030243461924,1.2417629574634286,7.435897435897436,8.105263157894736,-0.6693657219973002
wired_infinity_16,Speaker 6 (Expert),Speaker 1 (Emily Riehl),47.0,24.0,23.0,0.4529579936755202,0.16833021066408216,-0.010225048467690573,0.9999124050710909,0.9481884801117669,0.9999124050710909,0.20271368855245203,0.17584087578382443,0.026872812768627602,1.1564134363206926,0.15882295061035637,1.2042209717795873,1.1086059008617977,0.5049553416480708,0.5418032488554472,0.4521481445629451,0.8954220448232634,0.7083333333333334,0.5652173913043478,7.0,2.617268570020012,2.2008257945180887,2.517519978343203,0.18123356859272582,0.14457780685379568,1.0888999753452238,0.6421375612179431,0.04784692909087764,0.06438634836601137,1.1448192416973666,5.75,5.4375,0.3125
wired_internet_12,Speaker 1 (Jim Kurose),Speaker 2 (Child),61.0,48.0,13.0,0.5097033267525517,0.12258225042363094,-0.005361858148784965,1.054620795424603,0.9140773432201658,1.054620795424603,0.07289408069024919,0.21327132874342428,-0.14037724805317509,1.1403225095832312,0.26591132998605976,1.1238456314626208,1.1567993877038414,0.5740379888543033,0.4094425099323219,0.3775058029379063,0.9219995329754731,0.4791666666666667,0.6153846153846154,8.0,2.8478157088517895,2.7287242758143817,2.6612262562697895,0.0925186911244486,0.07425226961244051,0.9656407136281685,0.5068641819180594,0.033719296175175356,0.1591487061340709,1.2769689890651175,12.904761904761905,4.833333333333333,8.071428571428573
wired_internet_13,Speaker 1 (Jim Kurose),Speaker 3 (Teenager),53.0,46.0,7.0,0.5509374331518702,0.19901886000220598,-0.010979838096079764,1.1240459226995587,0.9129523030310072,1.1240459226995587,0.10310656750181377,0.28294217249740533,-0.17983560499559156,1.1802861769014357,0.19093693030837935,1.1146465204682863,1.2459258333345846,0.7005926200647775,0.17411518649514754,0.1769748713112321,1.0164240975968186,0.1956521739130435,1.0,7.0,2.6480123734178482,2.585928168564968,1.8423709931771084,0.11110447113478736,0.09983439377575261,0.7001632881155938,0.4660325649651037,0.02752541704842947,0.24635941335664263,1.2356151494916572,3.888888888888889,2.6666666666666665,1.2222222222222223
wired_internet_14,Speaker 1 (Jim Kurose),Speaker 4 (College Student),61.0,45.0,16.0,0.4349563741093165,0.20736701762897433,-0.009649466103108389,1.0615568016606463,0.9396776357249921,1.0615568016606463,0.12666648355280477,0.2547872342291476,-0.12812075067634285,1.1922569466374602,0.2243694777369131,1.1373601235839153,1.2508135578945754,0.6019580082740668,0.3197827178099919,0.31546362984126397,0.986493679213477,0.4888888888888889,0.875,8.0,2.903811780981976,2.8765677516840675,2.827819531114783,0.027746992034587366,0.021441043932105965,0.9904374049823672,0.501207732312102,0.04499722702853916,0.21071044621264534,1.2706824458551105,7.394736842105263,3.0,4.394736842105263
wired_internet_15,Speaker 5 (Graduate Student),Speaker 1 (Jim Kurose),37.0,22.0,15.0,0.5416092281499907,0.23966256359958682,-0.019552440998157658,1.0921212197917498,1.0223978576504027,1.0921212197917498,0.231495998633896,0.22448181816952245,0.007014180464373548,1.1894562877172887,0.1637532399743023,1.2020236546284535,1.1768889208061242,0.6518456169495489,0.4934351138929595,0.48317135008838047,0.9791993647886081,0.5,0.8,6.0,2.4546411822252336,2.4651451195042418,2.2322628970242686,0.05816043734751772,0.04894485108510981,0.8193039979065029,0.5183338825246859,0.11485511429158687,0.10819707134490689,1.2433697911768007,3.75,3.357142857142857,0.3928571428571428
wired_internet_16,Speaker 6 (Expert),Speaker 1 (Jim Kurose),72.0,45.0,27.0,0.388335110098067,0.2059420276658664,-0.00798380390930941,1.0649389356183199,1.0193192646429179,1.0649389356183199,0.1319925539909321,0.17885970131506593,-0.04686714732413383,1.1976485225208309,0.1333948744711162,1.21230097993019,1.1840426692121404,0.6626239190340925,0.43520125485997596,0.43102142929182574,0.9903956490899939,0.5111111111111111,0.8888888888888888,8.0,2.907644240958218,2.841824078310105,2.740793412992958,0.07188398046904057,0.05370510672915344,0.9717573700509001,0.49325916635861305,0.047867378802217676,0.07109417345104216,1.2122381093707935,4.576923076923077,4.0,0.5769230769230766
wired_laser_12,Speaker 1 (Donna Strickland),Speaker 2 (Harmoni - Child),73.0,55.0,18.0,0.5825950750620171,0.14888278806891406,-0.004926725759864578,0.9744559611954603,0.6563867979735689,0.9744559611954603,0.07842288044992214,0.0733753546718045,0.005047525778117637,1.0821174330152183,0.3636201494748139,1.1385018707563097,1.0257329952741268,0.5123206825254216,0.5069356091692824,0.4073129018182632,0.8034805495035723,0.6181818181818182,0.5555555555555556,9.0,2.7555110986858575,2.660016890295126,2.4613201402110083,0.10015139963364954,0.08114299724172501,0.7806504401278552,0.4290175047931649,0.023212119019156843,0.09813599859571508,1.2471171728081567,8.051282051282051,4.470588235294118,3.5806938159879333
wired_laser_13,Speaker 1 (Donna Strickland),Speaker 3 (Eli Kaplan - Teenager),76.0,56.0,20.0,0.49167090753601517,0.2392291673829552,-0.009724118487313225,0.9887112209925463,0.9285088518690395,0.9887112209925463,0.09565808200396898,0.2978083295701349,-0.20215024756616595,1.1956559191165548,0.15723764965911866,1.2093997988140346,1.1807667161109514,0.710659541381873,0.581461343057664,0.5483981731626597,0.9431378022120288,0.7678571428571429,0.85,9.0,3.004231091787911,2.857135934538287,2.5954618442383213,0.1496898192892326,0.11260341081846263,0.7953585310025033,0.4441553201585708,0.05216472407866654,0.1440134709237807,1.1974363788063165,9.755555555555556,7.4375,2.3180555555555564
wired_laser_14,Speaker 1 (Donna Strickland),Speaker 4 (Caitlin - Student),64.0,50.0,14.0,0.5266874682277951,0.14436448951175998,-0.0032996668931711127,1.0786331088527832,0.9922420206480552,1.0786331088527832,-0.013965625550971441,0.3390954919890407,-0.3530611175400121,1.2078562867417755,0.1653193978849561,1.180704034010457,1.2395339149283133,0.6923904598801462,0.3426685318203852,0.3520253423933873,1.0273057188043944,0.38,0.9285714285714286,8.0,2.8812042459446396,2.6914834846217555,2.5027361715940035,0.16012340064977337,0.12696014603306544,0.8848792263594247,0.5293621237114869,0.03470826743813364,0.16261097489857,1.2786029115209119,13.53191489361702,2.5555555555555554,10.976359338061465
wired_laser_15,Speaker 1 (Donna Strickland),Speaker 5 (Aditya - Grad Student),53.0,36.0,17.0,0.4073788168604698,0.1830043401475893,-0.009467304377544842,1.0809823704990444,1.0266569845906688,1.0809823704990444,0.13772381547035023,0.21730032282761508,-0.07957650735726485,1.1541809810657198,0.1790080320859788,1.1058868048527344,1.206865536934431,0.563548007012295,0.3900928381469575,0.3322129930503571,0.8516254608222373,0.3611111111111111,0.5882352941176471,7.0,2.564736671700094,2.547602001611534,2.3071885761626687,0.06532801989033069,0.05432283708794672,0.8691934703678432,0.5459098333312697,0.050435333718148394,0.135831199967144,1.2565419848625083,4.818181818181818,4.384615384615385,0.4335664335664333
wired_laser_16,Speaker 6 (Mike Campbell),Speaker 1 (Donna Strickland),111.0,68.0,43.0,0.36619186470445736,0.14090453236713615,-0.002893856989831399,0.9918796696249302,0.9876420265051062,0.9918796696249302,0.05967218548717938,0.1332737116359407,-0.07360152614876132,1.2308268029259644,0.2574039061501028,1.2524631972018478,1.2081085889362875,0.5877363694574994,0.5054135499358217,0.5031714852748531,0.9955639007674938,0.7352941176470589,0.9534883720930233,11.0,3.3005741388975793,3.110531338950925,3.0809685843653187,0.1396657176317657,0.09451725003119266,0.9198981926061557,0.43915100162143667,0.03756790535218413,0.06692838552107362,1.2622703239399455,10.703125,7.684210526315789,3.0189144736842106
wired_machine_13,Speaker 1 (Hilary Mason),Speaker 3 (teen),65.0,36.0,29.0,0.3590000715669935,0.11564511925041764,-0.00427681728550033,1.0311156410102447,1.0448903749445653,1.0448903749445653,0.11867825585492627,0.15458887618920486,-0.035910620334278595,1.1480119830062674,0.2368981058617531,1.1703566503128118,1.1276986490912269,0.5973048989257992,0.5512702246173979,0.4543331607040603,0.8241569023964326,0.4722222222222222,0.7586206896551724,8.0,2.8933499254540145,2.735161544375556,2.6188190306604167,0.14562678534904863,0.10815793297650192,1.056218826369264,0.5505892574459647,0.052174363856978385,0.05807453207745661,1.2714496119398386,6.043478260869565,9.821428571428571,-3.7779503105590058
wired_machine_14,Speaker 1 (Hilary Mason),Speaker 4 (college student),57.0,33.0,24.0,0.37699597901290754,0.20323801521098966,-0.008804370813150175,1.0389588852287805,1.0319452133754086,1.0389588852287805,0.14084581346734398,0.16419487978780703,-0.023349066320463047,1.1781461022048996,0.1434018610708949,1.1731102059643068,1.1827241896963478,0.6625886813444585,0.43358475596528256,0.43009983207180025,0.9919625313262597,0.5757575757575758,0.8333333333333334,8.0,2.770739251334467,2.5617259137239845,2.7346970025308766,0.09439514354839076,0.07257927885940342,0.9707276880953289,0.5439266801462475,0.03957976031724501,0.0751313528433338,1.215567944566795,3.4545454545454546,2.625,0.8295454545454546
wired_machine_15,Speaker 5 (grad student),Speaker 1 (Hilary Mason),28.0,17.0,11.0,0.5451103687854506,0.21233784237194075,-0.02282281643502521,1.1077449533593948,1.0990312668390407,1.1077449533593948,0.2213516645700186,0.27471116535261075,-0.05335950078259216,1.2409968809711598,0.09379302934528862,1.205800612192952,1.2820591945457356,0.6422813157502398,0.4395477707069626,0.38385564717187665,0.8732967671625055,0.29411764705882354,0.8181818181818182,5.0,2.2813172094432987,2.205109900073869,2.1180782093497093,0.07652229168080002,0.06798061051456031,0.9774057102783585,0.6273860856315079,0.07677089661908743,0.16721348741688888,1.215600492014746,2.2,5.777777777777778,-3.5777777777777775
wired_machine_16,Speaker 6 (expert),Speaker 1 (Hilary Mason),62.0,33.0,29.0,0.4278530559613635,0.21115573393759263,-0.009790500029601973,1.0866864868502477,1.064686755311534,1.0866864868502477,0.15245808737223035,0.255247682114412,-0.10278959474218166,1.2537756044823936,0.12594976149970016,1.2268499541383497,1.2777095158993215,0.5694517879354647,0.6054448710946612,0.5010264755928279,0.8798400254555151,0.8181818181818182,0.8275862068965517,8.0,2.7563235385017806,2.8769460152575306,2.3738740979790287,0.07949383082998024,0.0611114358184691,1.1258571646948858,0.6251108083797933,0.046301415800224205,0.06549371389682081,1.241072481542984,6.884615384615385,5.269230769230769,1.6153846153846159
wired_memory_12,Speaker 1 (Daphna Shohamy),Speaker 2 (child),41.0,26.0,15.0,0.5348264979933616,0.22179068658540552,-0.015938238524027003,0.9601834532535499,0.9970106112231047,0.9970106112231047,0.122879399971377,0.29926165096703705,-0.17638225099566004,1.2039448797267336,0.14195585260009513,1.155394232238495,1.2524955272149727,0.6776885157019717,0.482447134870806,0.45772636238904024,0.9487596242262156,0.5,0.8,6.0,2.3311699543483857,2.2054102795535213,2.0225797618424917,0.13353403396526287,0.11751881258764145,0.5465431734178265,0.36772578854320803,0.05435053214269241,0.17388777801666816,1.195616024552739,5.809523809523809,3.5555555555555554,2.253968253968254
wired_memory_13,Speaker 1 (Daphna Shohamy),Speaker 3 (teen),34.0,26.0,8.0,0.6405552154972991,0.1863436411353765,-0.017091038006169644,1.1746679266151456,1.0834205005053046,1.1746679266151456,0.13121743380479692,0.2729626259485783,-0.14174519214378137,1.2028157402979571,0.11987673367486602,1.1289978636774087,1.2766336169185053,0.661496804445694,0.18872033028623142,0.16834200937993693,0.8920184122432026,0.11538461538461539,0.75,6.0,2.3262818457605885,2.218542602257215,1.9056390622295665,0.1257116720599991,0.1165048594337733,0.7253364813857114,0.5273903491091386,0.07030786633487528,0.25610073636985786,1.2541019341049968,4.833333333333333,3.2857142857142856,1.5476190476190474
wired_memory_14,Speaker 1 (Daphna Shohamy),Speaker 4 (college student),49.0,38.0,11.0,0.4989877124332177,0.20669594969336877,-0.011751370731263025,1.0252458389441255,0.9157191968840901,1.0252458389441255,0.15659089475338478,0.32786473557750434,-0.17127384082411956,1.1148414342642385,0.1584381348726568,1.1361262555521876,1.0935566129762895,0.586438371277907,0.37917365999633396,0.36046847600953025,0.9506685564947086,0.5,0.8181818181818182,7.0,2.471406511528926,2.514239254321177,1.789929075309999,0.0830165059704965,0.0739376782022913,0.6648306744273789,0.5625544348214798,0.032747477045893626,0.1606026138515048,1.0808635784850957,6.722222222222222,2.625,4.097222222222222
wired_memory_15,Speaker 1 (Daphna Shohamy),Speaker 5 (grad student),43.0,26.0,17.0,0.5537894055930677,0.1606611266170457,-0.011577539382175756,1.0852501135526627,1.0836731261691936,1.0852501135526627,0.1641779339965706,0.2418972531341657,-0.07771931913759511,1.1962648503318,0.13359179138164745,1.1916098290594956,1.200919871604105,0.4750512829360673,0.47005258419750195,0.39104178578211973,0.8319107243069974,0.7692307692307693,0.7058823529411765,7.0,2.4319650453494592,2.2954656791802917,2.1836670779209113,0.12525087288533698,0.10628936246987324,0.8255273217904376,0.5054440874805369,0.04872750470069552,0.08464397588272178,1.1900626312732505,5.2,8.923076923076923,-3.723076923076923
wired_memory_16,Speaker 6 (expert),Speaker 1 (Daphna Shohamy),81.0,43.0,38.0,0.40603285854165116,0.1704742510339813,-0.006456754998261368,1.0259766232035543,0.9856468397692898,1.0259766232035543,0.11971403616170691,0.1621170690514763,-0.04240303288976939,1.2193053176901612,0.12293390593669253,1.2380664996658424,1.2026287114895555,0.42005931416148307,0.6827402425191046,0.4080555776043792,0.9714237105274869,0.9767441860465116,0.47368421052631576,9.0,2.970813123780648,2.765279071270233,2.766543861797855,0.14205406422205763,0.10329508707623442,0.9668355615656018,0.5438674630974655,0.0337230534182336,0.058660255558893926,1.1944072027528478,9.470588235294118,6.466666666666667,3.003921568627451
wired_moravec_12,Speaker 1 (Chelsea Finn),Speaker 2 (Child),50.0,34.0,16.0,0.556696262695181,0.1458526389949346,-0.007690606683856032,0.9808075069971686,0.8487362851442223,0.9808075069971686,0.03164831831770978,0.19359899062045963,-0.16195067230274984,1.1964291555213769,0.17897983333244438,1.1710637483047546,1.2217945627379994,0.7361157884031938,0.1993500305072929,0.21012279156101693,1.0540394251573988,0.29411764705882354,0.9375,7.0,2.625248908294496,2.488334051770204,2.0524212838293647,0.19159069271843002,0.15662089998229187,0.8923947276968764,0.49841053080022796,0.05337361683520237,0.07520028083480805,1.269511660518562,9.107142857142858,3.076923076923077,6.030219780219781
wired_moravec_13,Speaker 1 (Chelsea Finn),Speaker 3 (Teen),58.0,43.0,15.0,0.5057550420548462,0.18243670191263422,-0.009810607460120451,0.9991945908287445,0.7319433729304462,0.9991945908287445,0.0923875876931655,0.22269223221750697,-0.13030464452434148,1.1979814914514013,0.172628517484562,1.1747046461441921,1.223048863320704,0.573286554791929,0.4915669791684694,0.48249760151610965,0.9815500673627398,0.6744186046511628,0.6666666666666666,8.0,2.9274420397964533,2.9561950010145495,2.1464657985040723,0.12522380575854533,0.09629795031029907,0.8047284764081423,0.4243789012575385,0.03737771035534593,0.1122114740936837,1.2602682283850235,5.4411764705882355,3.5454545454545454,1.89572192513369
wired_moravec_14,Speaker 1 (Chelsea Finn),Speaker 4 (College Student),49.0,34.0,15.0,0.432479241866484,0.19125845024885452,-0.011297528230469416,0.9640879283729956,0.9264073980792173,0.9640879283729956,0.11044954551884124,0.28115529056938776,-0.17070574505054653,1.101178384063771,0.27769543764293303,1.013906961130099,1.188449806997443,0.5428457845727858,0.4610125467706533,0.4490016788658164,0.9739467656813858,0.6176470588235294,0.7333333333333333,7.0,2.4480271344871616,2.3523534747888406,2.4729055953200563,0.04073622468086495,0.035226667500061745,0.6288228939568179,0.40503322103939005,0.02685616989741001,0.1792866156777886,1.159363700411843,5.222222222222222,8.5,-3.2777777777777777
wired_moravec_15,Speaker 5 (Grad Student),Speaker 1 (Chelsea Finn),37.0,20.0,17.0,0.5063302978257629,0.2029320769250763,-0.016554274577924154,1.0233701759396894,0.9479507103716083,1.0233701759396894,0.12781243674122345,0.2775376798634178,-0.14972524312219437,1.2182711139588132,0.15109327002113732,1.2580481174688969,1.182913777505405,0.49633404464532027,0.514319437357659,0.4439912080749531,0.8945411117067916,0.8,0.4117647058823529,6.0,2.4628882590672836,2.4464393446710155,2.0948567835487384,0.12337108178815748,0.10293788352807215,0.7996702561960881,0.505545859328381,0.07864765323727854,0.09509416905291879,1.1817585186275463,3.533333333333333,3.272727272727273,0.2606060606060603
wired_moravec_16,Speaker 6 (Expert),Speaker 1 (Chelsea Finn),53.0,34.0,19.0,0.47928288652361506,0.20809864728175406,-0.01174082609113089,1.068951515971605,1.0334916914417938,1.068951515971605,0.15224365067779233,0.23406595867938768,-0.08182230800159535,1.1794446698675116,0.1703025570410305,1.1277040804741596,1.2311852592608636,0.5598415134572453,0.4686557907555652,0.39365343821517673,0.8399628170187123,0.6176470588235294,0.6842105263157895,7.0,2.583963691293785,2.486925318261794,2.504800382982335,0.06282015837977686,0.0514158224996541,0.9394837465944063,0.5487013090486969,0.05468766498900386,0.12621155907383655,1.2142155038255509,7.592592592592593,12.0,-4.407407407407407
wired_nano_12,Speaker 1 (Dr. George S. Tulevski),Speaker 2 (child),58.0,45.0,13.0,0.5676918361081356,0.1796221718257348,-0.008876146706915704,1.0631803269273428,0.9213646018754874,1.0631803269273428,0.06147561641612945,0.24482053205135942,-0.18334491563522998,1.1528254682806653,0.36966323173702376,1.1637778600764828,1.140777837305266,0.5906488238351545,0.407970978315562,0.3526526355433222,0.8644061815361496,0.5555555555555556,0.5384615384615384,8.0,2.7307110430847232,2.5123375400048857,2.199687794731328,0.19993842215342508,0.16490581487596528,0.7940778734085624,0.4442960106640766,0.028500256733164916,0.15482650904074793,1.2659845626234925,8.0,4.636363636363637,3.3636363636363633
wired_nano_13,Speaker 1 (Dr. George S. Tulevski),Speaker 3 (teen),61.0,47.0,14.0,0.5058647045688449,0.11265876556305447,-0.004167847098694688,1.090323692132872,0.9645488010879434,1.090323692132872,0.04152645105758302,0.28720369202339757,-0.24567724096581456,1.2215798470231638,0.18386927482545654,1.1866770140987073,1.2564826799476205,0.6039665849715881,0.2890062076626584,0.2511050772521123,0.868857036957538,0.2978723404255319,0.7857142857142857,8.0,2.7998987247911993,2.5957914326200897,2.495602923729013,0.15741467859968683,0.1269768479809174,1.0422865910253587,0.5581787955762899,0.03249631008216966,0.2265476647066141,1.2704529741155348,11.85,3.909090909090909,7.9409090909090905
wired_nano_14,Speaker 1 (Dr. George S. Tulevski),Speaker 4 (college student),86.0,54.0,32.0,0.41985969325814937,0.1913537921534338,-0.006965477333296503,0.9928968374940603,0.9562770370392928,0.9928968374940603,0.126394550922507,0.251766868898237,-0.12537231797573,1.2622959432886753,0.11397501747309613,1.2429617836136082,1.283387753843294,0.6489432045553762,0.6972528003577901,0.6239717385546516,0.9615197973791345,0.8703703703703703,0.84375,9.0,3.03594736684614,3.0581669661860307,2.6787289082033148,0.0824614013505634,0.05965912804727977,0.8348875986926969,0.43372649046317213,0.02615890463036888,0.07691530386065891,1.2078767832038408,10.105263157894736,8.961538461538462,1.1437246963562746
wired_nano_15,Speaker 1 (Dr. George S. Tulevski),Speaker 5 (grad student),34.0,18.0,16.0,0.5401435078879374,0.20830942828099328,-0.018936212631519785,1.0252330787946202,0.8924926636515833,1.0252330787946202,0.21687311699934647,0.18736653272764184,0.029506584271704633,1.0068637207497457,0.13580818002528067,1.0210574820123215,0.9926699594871702,0.5681405960542244,0.4964294046413349,0.4466812267790157,0.8997880113522653,0.4444444444444444,0.4375,6.0,2.197614506293545,2.483006780520075,1.5016144718101818,0.12229847296886828,0.11044315281873186,0.7356219397587944,0.8132171766588447,0.13942835080712154,0.053773664231178624,1.1175341435554291,2.0,4.928571428571429,-2.928571428571429
wired_nano_16,Speaker 6 (expert),Speaker 1 (Dr. George S. Tulevski),83.0,60.0,23.0,0.4899590806156133,0.14719263469323696,-0.005266772927889881,1.0805287156398529,0.9942007765044256,1.0805287156398529,0.08553116343722779,0.20853838173249295,-0.12300721829526516,1.2003123254460741,0.1405236092517679,1.2455111774918264,1.1551134734003219,0.516109858805515,0.43453556156740897,0.35919769269718016,0.8266243881203225,0.6833333333333333,0.6521739130434783,9.0,3.0218369409545556,2.9237104386442057,2.285129631910751,0.19067274904331258,0.1420397927658524,0.9002770566139445,0.5388795510529721,0.028152032730136597,0.08565222869758549,1.2156631751055103,11.9375,4.857142857142857,7.080357142857143
wired_neuro_12,Speaker 1 (Dr. Bobby Kasthuri),Speaker 2 (child - Daniel),9.0,5.0,4.0,0.8238332114648713,0.16733387177104936,-0.052790514405040234,1.187801310767996,1.2292586837655417,1.2292586837655417,0.3419317246648524,0.2855200381163775,0.05641168654847489,1.2796239751589158,0.11940139533673162,1.2984833502123845,1.2607646001054473,0.27444770692497267,0.33994946027264267,0.060181527040595456,0.2192823096060614,0.2,0.0,3.0,1.4355205042826666,0.9709505944546686,1.0,0.3130662060366257,0.37225723434796837,0.30633696424776513,0.3402775952642701,0.175317931336847,0.39182958340544893,1.247289141673483,1.0,1.0,0.0
wired_neuro_13,Speaker 1 (Dr. Bobby Kasthuri),Speaker 3 (Jabez Griggs),13.0,8.0,5.0,0.8046897467337648,0.14899864278866853,-0.037461890469928975,1.191064438662278,1.1687759728864646,1.191064438662278,0.21995178873125915,0.3509918747040352,-0.13104008597277605,1.2482913348548812,0.1017609883877034,1.2422262987522992,1.2528401119318175,0.314894846785348,0.2613662220777209,0.0486091012509734,0.18598080832541092,0.0,0.0,4.0,1.8843135277997989,1.5487949406953985,1.3709505944546687,0.27997618851352113,0.2838960762763731,0.6829081047004717,0.5195552060130463,0.15517861994434243,0.32419011889093374,1.2447404898401295,1.3333333333333333,2.25,-0.9166666666666667
wired_neuro_14,Speaker 1 (Dr. Bobby Kasthuri),Speaker 4 (Elena Dowling),20.0,13.0,7.0,0.5909612746747602,0.17307226996774228,-0.02820133529304035,1.0363330870218894,0.9606747141168009,1.0363330870218894,0.2051966781451211,0.3657941085661707,-0.16059743042104957,1.1979537798646382,0.11123528773456141,1.165477550740313,1.2304300089889635,0.6536124455193162,0.47254446473865874,0.4678273334366992,0.990017592726288,0.23076923076923078,0.8571428571428571,4.0,1.8464393446710154,1.7381493331928664,1.9502120649147465,0.02361417653068157,0.024504919767464765,0.8435027169282123,0.6547991927540455,0.10064290596057802,0.2722926234649794,1.161947222549599,2.7142857142857144,3.0,-0.2857142857142856
wired_neuro_15,Speaker 5 (Mala Ananth),Speaker 1 (Dr. Bobby Kasthuri),16.0,9.0,7.0,0.7695694818387164,0.31048015914139904,-0.05864440158261248,1.0282344201298361,1.0444603637254162,1.0444603637254162,0.2924863991802906,0.379334341014282,-0.08684794183399136,1.2119333242197659,0.22100233547481793,1.1172201735818112,1.3066464748577211,0.379420105900031,0.7741479395880022,0.34124600636835084,0.8993883061596682,0.5555555555555556,0.2857142857142857,4.0,1.7806390622295665,1.224394445405986,1.8423709931771084,0.19815683084178345,0.20646077048157588,0.5274600839930722,0.41324264628723983,0.1921997225866777,0.22254988954711882,1.183282765830977,2.4,2.6666666666666665,-0.2666666666666666
wired_neuro_16,Speaker 1 (Dr. Bobby Kasthuri),Speaker 6 (Russell Hanson),23.0,14.0,9.0,0.5417442198983742,0.17670291994955475,-0.02445068682541993,1.0736630184232228,1.070141723389488,1.0736630184232228,0.22584993939968595,0.183983917802868,0.04186602159681796,1.1804799179932073,0.14766561416183388,1.156629634116013,1.2043302018704016,0.4559049087425805,0.4841343491476172,0.3023021738653812,0.663081638447704,0.42857142857142855,0.2222222222222222,5.0,2.146560457663226,1.7884504573082893,1.8910611120726526,0.22039169471078204,0.20433028294445732,0.5004024235381881,0.3570493415234827,0.09545931861053523,0.19675628428234151,1.1725395830453798,2.25,2.142857142857143,0.1071428571428572
wired_nuclear_12,Speaker 1 (Dr. Anne White),Speaker 2 (child – Amelia),73.0,53.0,20.0,0.545090563705814,0.1479986312718494,-0.006055792612041001,1.0998367065489423,0.9552120886503911,1.0998367065489423,0.0903357197656985,0.18941875861637994,-0.09908303885068144,1.2376646365147006,0.12387677958664584,1.2397140258367763,1.2356152471926245,0.5305361095615929,0.3513074253888679,0.330505042624464,0.9407858153257723,0.5283018867924528,0.65,9.0,2.846082733466097,2.724929596146756,2.5016094970590275,0.12638618761602402,0.09874212539923777,0.7410675393875691,0.40340614670862307,0.014370867096733955,0.07989100114500523,1.256647175731942,12.5,3.789473684210526,8.710526315789474
wired_nuclear_13,Speaker 1 (Dr. Anne White),Speaker 1 (Anne White),85.0,49.0,36.0,0.5574635499985562,0.23162652030014852,-0.008972094456452834,0.7284638729347179,0.6453539139213775,0.7284638729347179,0.11167451430685497,0.3042244793625613,-0.19254996505570632,1.2217013739014861,0.19197253550399765,1.2043138288130009,1.239088918989971,0.6754262882091404,0.6178308924525819,0.6170241316696164,0.9986942045261562,0.5714285714285714,0.8888888888888888,9.0,2.9553340242520205,2.8954665069766814,2.9620376832377557,0.021953819244769773,0.016084049232371646,1.445185878948082,0.7577192906050101,0.04581068869419306,0.06251388754301279,1.1739344624741994,30.27906976744186,10.25,20.02906976744186
wired_nuclear_14,Speaker 1 (Dr. Anne White),Speaker 4 (college student - Yash),117.0,94.0,23.0,0.43399459414285246,0.196414969789808,-0.00463118126935455,1.0062672049758592,0.8701021721405273,1.0062672049758592,0.09505437307134369,0.2046526452933463,-0.10959827222200262,1.249266788734088,0.1633459074516971,1.2584741734427773,1.2400594040253985,0.6372029819904768,0.39671077257234005,0.3876217388966828,0.9770890172285405,0.5957446808510638,0.8260869565217391,11.0,3.275664434718388,3.262752031881501,2.9140163035068447,0.056468822101996816,0.04082855077141444,1.2624225197567913,0.6156039374496937,0.022541703836979,0.11986232409762552,1.241451064408389,19.27536231884058,7.590909090909091,11.684453227931488
wired_nuclear_15,Speaker 1 (Dr. Anne White),Speaker 5 (grad student - Madelyn),97.0,75.0,22.0,0.4814975929160879,0.13275523195580474,-0.004268680136105199,1.0778698743455204,0.9615166232310731,1.0778698743455204,0.13611639588738889,0.2138486487961028,-0.07773225290871391,1.275885527498905,0.18701042377729907,1.2971791741329632,1.256957841601964,0.6779850482299546,0.38699973183043646,0.38929765648061876,1.005937793908315,0.6133333333333333,0.8636363636363636,10.0,3.188434777460541,3.1498576947821935,2.681276369602582,0.10040462843342976,0.07314282208593323,0.8355746490278313,0.46585918653250696,0.03193263308669359,0.09550913929779235,1.2546977909717683,19.584615384615386,7.55,12.034615384615385
wired_nuclear_16,Speaker 6 (expert - Dr. Pablo Rodriguez-Fernandez),Speaker 1 (Dr. Anne White),44.0,28.0,16.0,0.5122079020369489,0.26864677955203026,-0.018302406485467042,1.0501199149994076,0.9951192465939646,1.0501199149994076,0.18275855605001198,0.2691921669993385,-0.08643361094932653,1.184508754037255,0.14504168683018417,1.2220383051407455,1.1469792029337644,0.5537734417360113,0.6009597143951221,0.4992647082972964,0.9015685308637469,0.7142857142857143,0.5,7.0,2.7503325396364358,2.708394210158784,2.6556390622295662,0.04236655557925015,0.03307474998445112,1.1412247897216785,0.6905673128342226,0.11337822917545927,0.13740403013416072,1.193121273289023,7.578947368421052,3.6923076923076925,3.8866396761133597
wired_sensing_12,Speaker 1 (Sekhar Ramanathan),Speaker 2 (Child),52.0,37.0,15.0,0.49271262766923496,0.2626208633589923,-0.015019883088423593,0.9700627493795904,0.7212903583668433,0.9700627493795904,0.11185932914001488,0.27411615284385304,-0.16225682370383815,1.1977356200158162,0.19090460945051202,1.1890691024614175,1.2064021375702145,0.6691457533344122,0.5039737475941869,0.5076945908852524,1.0073830101445316,0.6216216216216216,1.0,7.0,2.7194833548585065,2.7022059069665634,2.2892464285091583,0.094545534921915,0.07606939561465678,0.6722045224441865,0.3729094719884729,0.06911768866716646,0.1179968026153127,1.2331316046590097,8.413793103448276,3.5384615384615383,4.8753315649867375
wired_sensing_13,Speaker 1 (Sekhar Ramanathan),Speaker 3 (Teen),90.0,55.0,35.0,0.4142863726167171,0.124531788235299,-0.0012522760307878233,0.9290437543940634,0.6064950149674835,0.9290437543940634,0.06421209379803706,-0.02975125649657669,0.09396335029461375,1.243528749499152,0.24050530610451776,1.2651691623025167,1.2218883366957873,0.7615461959566109,0.6697455970728183,0.6671775652819899,0.9961656608090411,0.6909090909090909,0.9714285714285714,9.0,3.0669732757903163,3.0113239881431646,2.692591230797987,0.12448986820731205,0.08910870596299317,0.6360001907617876,0.3070384642354424,0.020625211221428894,0.0326313049754877,1.2892650918532322,8.130434782608695,7.705882352941177,0.4245524296675187
wired_sensing_14,Speaker 1 (Sekhar Ramanathan),Speaker 4 (College Student),63.0,41.0,22.0,0.4237813878850801,0.17553414128892642,-0.006137687057165844,0.9173918502693986,0.8456478162001134,0.9173918502693986,0.07154840525290398,0.19407680445564943,-0.12252839920274544,1.1488128434859926,0.316702299155669,1.229487132271855,1.06813855470013,0.6284167552556998,0.602660488557709,0.5414707219879148,0.8984672668416773,0.6585365853658537,0.8181818181818182,8.0,2.866802532262702,2.7515096796307303,2.8333208226910545,0.0601124143228771,0.04564222915870061,0.7794116341782893,0.401484481289259,0.032380587206682465,0.08168473620206916,1.2212640383192634,6.32258064516129,7.3,-0.9774193548387098
wired_sensing_15,Speaker 1 (Sekhar Ramanathan),Speaker 5 (Graduate Student),61.0,41.0,20.0,0.40468545496480884,0.18746731535128341,-0.00885321070775477,1.0014976790560255,0.8823024878743461,1.0014976790560255,0.11041587639670063,0.26338458717099267,-0.15296871077429203,1.2011292961483522,0.15494978486196495,1.1712685554814217,1.2309900368152826,0.6496791955744023,0.5529838943812171,0.5384816697859628,0.973774598604753,0.7560975609756098,0.8,8.0,2.930273039117261,2.893269993894733,2.3282129458410012,0.15406419571860971,0.11567381473307184,0.5492658776170481,0.30579297693766594,0.03273729605560442,0.12666141274893897,1.199415318345078,7.37037037037037,4.666666666666667,2.7037037037037033
wired_sensing_16,Speaker 6 (Expert),Speaker 1 (Sekhar Ramanathan),56.0,36.0,20.0,0.48744538177721847,0.22002119719702865,-0.011095752092890009,1.021515443401566,0.7403315360760356,1.021515443401566,0.1814186933910915,0.18375761384968817,-0.002338920458596655,1.2594148970123957,0.26304204150693816,1.2932486277246904,1.225581166300101,0.6074243729228305,0.6363554176699276,0.5606004198021864,0.9229139375897373,0.8055555555555556,0.7,7.0,2.7878785847724497,2.686589156546266,2.5037016960573486,0.1154827414518167,0.08937715943563578,0.6256017016864803,0.3478484770586483,0.03662897882032106,0.11614416056130711,1.2502220922085332,7.88,3.0625,4.8175
wired_sleep_12,Speaker 1 (Aric Prather),Speaker 2 (Christopher),93.0,67.0,26.0,0.3724955275049514,0.11008034675399271,-0.0025114262124683344,1.0130680809620611,0.8903454348180243,1.0130680809620611,0.0029419810274694293,0.19693847287241517,-0.19399649184494575,1.1549413899167804,0.2648758957172745,1.223701964835691,1.0861808149978702,0.6817538632515049,0.49290304319684985,0.442369441966036,0.8974776034997367,0.6417910447761194,0.7307692307692307,10.0,3.1843415112888405,3.122276141754635,2.9258641224711837,0.08108176248642972,0.05792042693344518,0.7579242114010223,0.3572086401827783,0.017893901282306227,0.06417162689678996,1.2681119695753824,8.793103448275861,3.28,5.513103448275862
wired_sleep_13,Speaker 1 (Aric Prather),Speaker 3 (Dwayne),80.0,52.0,28.0,0.4584567286845684,0.11714759406072793,-0.002563992417993219,0.9191684571090479,0.859530978962373,0.9191684571090479,0.021778493662494725,0.18279578680185155,-0.1610172931393568,1.1661878263324659,0.1863535744901699,1.1642889996815626,1.1681921433528646,0.5369530115088361,0.49419965656497233,0.49309456685546244,0.997763880053679,0.6346153846153846,0.9285714285714286,9.0,2.9172930661499965,2.517804201900028,2.9991695476615083,0.16012461863811872,0.11996329917873252,1.0805981356889096,0.510083150315524,0.01589108965500495,0.0834017371915651,1.2218970393056063,9.130434782608695,6.478260869565218,2.6521739130434776
wired_sleep_14,Speaker 1 (Aric Prather),Speaker 4 (College Student),49.0,34.0,15.0,0.4631890716975611,0.17358919204384865,-0.008824497482682927,0.9592486614598854,0.8656518945555329,0.9592486614598854,0.047170404636511766,0.2869786531104671,-0.23980824847395535,1.184251629544321,0.22589375738584974,1.1600489012707618,1.2108746306452358,0.6855046261244326,0.5622614296287511,0.5313970120592174,0.9451066426699181,0.7058823529411765,0.6666666666666666,7.0,2.5648744482739008,2.304079272167545,2.3898980954642877,0.16255972406039446,0.13581738737092067,0.6324558557045905,0.4017038669794797,0.04092033650278174,0.1358121773480875,1.229871249676928,7.482758620689655,6.3,1.182758620689655
wired_sleep_15,Speaker 1 (Aric Prather),Speaker 5 (Mave),45.0,32.0,13.0,0.46504564297478196,0.2488396930094999,-0.013784540887940256,0.9777066567393844,0.8820840266967713,0.9777066567393844,0.05499748586197769,0.3350157333107859,-0.2800182474488082,1.0932668737386195,0.23440229191770703,0.9605619340055614,1.225971813471678,0.6398596820398027,0.5301711229339084,0.5024801990700597,0.9477698375750641,0.625,0.6153846153846154,7.0,2.488269552802338,2.5192475629608078,1.9877733714879842,0.0849514103921202,0.07304849313713634,0.7206273858645816,0.4197516176579811,0.048130114307929725,0.14568486445074905,1.1582028422580644,5.521739130434782,5.5,0.02173913043478226
wired_sleep_16,Speaker 1 (Aric Prather),Speaker 6 (Yue),31.0,21.0,10.0,0.5375307880269541,0.22324461024465642,-0.022247113686712807,0.9492385607978852,0.8873766821855072,0.9492385607978852,0.21626433841408144,0.15756386680257614,0.058700471611505295,1.0661052332940522,0.16552222730829938,1.0532184506707052,1.0789920159173991,0.7439277261340888,0.4674492938002077,0.4744259583470304,1.0149249654226766,0.42857142857142855,0.9,6.0,2.2553773336305176,2.1999793267164867,1.9609640474436814,0.0918418003458412,0.08379314094080342,0.9830877585747854,0.6298976112926684,0.09194562325359294,0.15913812409097977,1.005893977401954,3.3,2.7142857142857144,0.5857142857142854
wired_Talia_12,Speaker 1 (Talia Gershon),Speaker 2 (Genesis - child),27.0,20.0,7.0,0.6226779975906994,0.16354160169597592,-0.01658346304840808,1.1012929225790868,1.0102948952139947,1.1012929225790868,0.0891547619600583,0.3300155864730201,-0.2408608245129618,1.1819057817648426,0.18618569188503395,1.2752083612011333,1.101932142248022,0.6607489308972279,0.2812594546761594,0.2812647246874429,1.0000187371880158,0.2,0.5714285714285714,5.0,2.204118413153215,2.1211274733371868,1.1488348542809166,0.23225061050278462,0.2211848262659282,0.5379730626398509,0.3866126130725127,0.07100617954576727,0.09107791667758325,1.2652144226056214,4.454545454545454,1.5,2.954545454545454
wired_Talia_13,Speaker 1 (Talia Gershon),Speaker 3 (Jesse - teen),60.0,40.0,20.0,0.5436698849967118,0.10067902400813872,-0.0028690485579409143,1.1140160684969767,1.1253457619043497,1.1253457619043497,0.034352243867833296,0.1552191060365799,-0.1208668621687466,1.241053314282007,0.13337683741033596,1.2403643633795918,1.2417785257582337,0.6014184656093892,0.25558204399184176,0.18744650705207136,0.7334103136684152,0.175,0.6,8.0,2.8741541913767827,2.49032229908972,2.395461844238322,0.2879694128900596,0.21909427473969198,0.8745660610080505,0.43968985649265846,0.06304899232878444,0.09899778957906173,1.2960297831820078,8.324324324324325,4.5,3.8243243243243246
wired_Talia_14,Speaker 1 (Talia Gershon),Speaker 4 (Amanda - College Student),44.0,30.0,14.0,0.5944276029630312,0.15804332665923654,-0.009043321700152814,0.9947894307944025,1.0803483148936617,1.0803483148936617,0.08428701372893667,0.26809276440771174,-0.18380575067877508,1.2219196545738242,0.16165092290364225,1.2401066326415333,1.203732676506115,0.6212832383536088,0.35602932733139325,0.30933056149762367,0.8688344969112552,0.3333333333333333,0.42857142857142855,7.0,2.577973245875665,2.379284418414265,2.3787834934861753,0.1378310779686781,0.11426854673363601,0.7361697461586186,0.41204270930581366,0.03690576332670404,0.140269869311415,1.2630089277796923,5.37037037037037,1.0,4.37037037037037
wired_Talia_15,Speaker 1 (Talia Gershon),Speaker 3 (Greg - graduate student),43.0,28.0,15.0,0.5817142894734755,0.1468043414670561,-0.009432990630791041,1.0154396318019396,1.075334208457141,1.075334208457141,0.15405242435628452,0.14430917283655845,0.009743251519726076,1.2594270431563048,0.14792725165779794,1.2534308168542874,1.2649620212812442,0.5278505864273273,0.4622637766733161,0.386167803538143,0.8353840881005252,0.5357142857142857,0.4666666666666667,7.0,2.7019082027297463,2.610005370795802,2.332914563979398,0.13070150680695483,0.1037501323235983,0.9619860980940556,0.533634157215997,0.09731710497675641,0.12910631596810687,1.2326513634461302,7.3125,7.285714285714286,0.026785714285714413
wired_Talia_16,Speaker 6 (Steve - expert/physicist),Speaker 1 (Talia Gershon),44.0,28.0,16.0,0.4755607928398787,0.18878391438240838,-0.013645233070909715,1.0060277586809878,0.9015622905440513,1.0060277586809878,0.21729946334864533,0.20187228793803386,0.015427175410611477,1.1190916112461486,0.0994124772498864,1.1688032032636642,1.069380019228633,0.5928149570503629,0.3481287706974286,0.3265207368185442,0.9379309160929284,0.35714285714285715,0.75,7.0,2.2316215602074294,2.3329187608024515,1.6266144718101818,0.10781261338435968,0.09790804171180487,0.4228704250474272,0.32667262702090716,0.075543211169771,0.10723306416257451,1.104718879591136,5.4375,4.615384615384615,0.822115384615385
wired_time_12,"Brian Greene, PhD",Kayla Martini (Child),80.0,66.0,14.0,0.4469126454141173,0.09473120085776159,-0.0014432024680379326,1.0199871087094137,0.6600010583249212,1.0199871087094137,-0.00029718860631806513,,,1.0074634382306884,0.41552292577467537,1.10409142289713,0.9108354535642469,0.6199207376916303,0.3950849888319969,0.3826470935117739,0.9685184310419043,0.5757575757575758,0.6428571428571429,9.0,3.021387226993904,2.9531460765823754,2.4137995646056805,0.11272430097717832,0.08813497456675719,0.9325364726732364,0.4722910725371713,0.023257493565053307,0.1678758669349862,1.2486567739823624,12.875,2.857142857142857,10.017857142857142
wired_time_13,"Brian Greene, PhD",Maria Guseva (Teen),71.0,63.0,8.0,0.46010127881757523,0.1457123304105923,-0.004608289357900869,1.1705513461376507,0.9979816343536376,1.1705513461376507,0.050773105542842575,0.3298419316294135,-0.2790688260865709,1.176315860254576,0.20603878871005465,1.2286745445348632,1.123957175974289,0.7537109819573355,0.1068644714453338,0.11486643387425112,1.0748795396701203,0.12698412698412698,0.875,8.0,2.876936731764168,2.8926259798026503,2.0,0.05884010462685353,0.0501574800698668,1.198849312913621,0.861828089361057,0.046328347236460676,0.33122208468298536,1.255034493180598,23.958333333333332,1.625,22.333333333333332
wired_time_14,"Brian Greene, PhD",Zain Kamal (College Student),61.0,49.0,12.0,0.4549544296663373,0.1643283398460217,-0.007650172078637115,1.074145078390168,0.9671240998591347,1.074145078390168,0.09572611238693396,0.3032806881261083,-0.20755457573917435,1.2025849989912967,0.13545226426712073,1.166786888904004,1.2383831090785893,0.7109687881272797,0.3926534527686098,0.3880947959707385,0.9883901268008007,0.4897959183673469,0.9166666666666666,8.0,2.7443085159807397,2.7317103381036905,2.396240625180289,0.05447597554310095,0.045433879832568254,0.7803552045207032,0.4955049416478531,0.02746948880694132,0.1674444773635094,1.2465094554576694,9.9,5.181818181818182,4.718181818181819
wired_time_15,"Brian Greene, PhD",Alexander Novara (Grad Student),103.0,65.0,38.0,0.35024935931782714,0.16375293631219945,-0.004412484750774145,0.9382465125389235,0.9207100405890711,0.9382465125389235,0.13145216395981035,0.15781859771523804,-0.026366433755427687,1.2302033332599562,0.18457409724440227,1.229627148063282,1.2307795184566306,0.6453932973122218,0.5019929352787926,0.5105216680321428,1.016989746576042,0.8153846153846154,0.9473684210526315,10.0,3.069841002296718,2.962546966645816,3.0896113968382304,0.04187710822058829,0.030059981263707312,0.6534516261795841,0.31602425536765355,0.020403117004857977,0.05055408313070913,1.2453404624895712,10.508771929824562,7.621621621621622,2.8871503082029397
wired_time_16,Massimo Porrati (Expert),"Brian Greene, PhD",63.0,36.0,27.0,0.3705369401179737,0.18013521205308822,-0.008387189857965535,1.040871110254499,1.0170079034722603,1.040871110254499,0.19161464027083622,0.165220963117593,0.026393677153243228,1.2086735518683522,0.10531679072776666,1.2115582854523705,1.205788818284334,0.543782515861908,0.49817945635862837,0.4520437563437553,0.9073914039890457,0.6944444444444444,0.7407407407407407,8.0,2.9076173588043015,2.7229792694381327,2.9538063731601096,0.059411161293118006,0.044035751166944484,1.031006575676929,0.5450449817123778,0.04491039062353985,0.08917153445789577,1.198212364219184,5.913043478260869,5.136363636363637,0.7766798418972325
wired_zero_12,Speaker 1 (Amit Sahai),Speaker 2 (child),57.0,43.0,14.0,0.5503004521217323,0.16284070287324925,-0.008122394357644428,1.0289889958349199,0.702430674868805,1.0289889958349199,0.07180171959692003,0.24430012062186787,-0.17249840102494784,1.1710220469764492,0.18443783978006617,1.0526318393939729,1.3063251413564225,0.6837738896947665,0.610333200274916,0.5875989522421342,0.9627510874018627,0.8372093023255814,0.7857142857142857,8.0,2.969773952526509,2.9399888146885025,2.217021885879718,0.1437282007498545,0.10988581006326846,1.1595697967390537,0.6809938907814053,0.04954038928192338,0.1914087927490196,1.2620993602930992,11.264705882352942,2.857142857142857,8.407563025210084
wired_zero_13,Speaker 1 (Amit Sahai),Speaker 3 (teen),53.0,39.0,14.0,0.5694545195301989,0.18059486584988088,-0.009728950696353907,1.055210068827665,0.9306693785933734,1.055210068827665,0.06786042880795852,0.2975897576059517,-0.22972932879799318,1.1940288410490678,0.11653293181643991,1.1782988703788655,1.2120059503864418,0.6632611959875625,0.4569743943239861,0.44105683527250195,0.9651675033673792,0.358974358974359,0.5714285714285714,7.0,2.7046786940021494,2.619507481274969,2.556656707462823,0.07054387867038822,0.05753765184421682,0.9625005439114848,0.5672960535046382,0.036322828683380784,0.17645398793901707,1.2516285112949603,10.161290322580646,2.909090909090909,7.252199413489737
wired_zero_14,Speaker 1 (Amit Sahai),Speaker 4 (college student),115.0,90.0,25.0,0.4364521206751883,0.1521874514380684,-0.0037843985281984256,1.0095213063251693,0.7283411567138139,1.0095213063251693,0.11212150795402828,0.17318738288791477,-0.06106587493388649,1.2176114405428264,0.16606662250382037,1.2024409622888823,1.2327819187967701,0.6734736712001579,0.3956212787110085,0.40830810781783816,1.0320681161239993,0.6222222222222222,0.96,11.0,3.2874565947605605,3.2272119080819635,2.732878689342031,0.11624662532948869,0.08296581682305536,0.9852584372565536,0.4634777290623552,0.021546823490391078,0.057899988591162785,1.2694068690150209,14.171052631578947,4.125,10.046052631578947
wired_zero_15,Speaker 1 (Amit Sahai),Speaker 5 (grad student),70.0,37.0,33.0,0.40572147649488227,0.20931249609178335,-0.008577461463301085,0.9388808712342624,0.939403702175224,0.939403702175224,0.1271099403429833,0.2206858779325657,-0.09357593758958238,1.2124714910525798,0.19138717415256273,1.2179823805109489,1.2066161710030632,0.5534908651759107,0.5666183808431551,0.46899297497369485,0.8473364322365813,0.7297297297297297,0.6363636363636364,8.0,2.834661052964969,2.7936674741355945,2.6098881670058054,0.08846803477542947,0.06660869462657819,0.8451353293008869,0.4327704790438889,0.048886457431592895,0.06068957307872254,1.235047618656445,10.771428571428572,5.107142857142857,5.6642857142857155
wired_zero_16,Speaker 1 (Amit Sahai),Speaker 6 (expert),107.0,62.0,45.0,0.3941377159806789,0.17965688707686495,-0.004815873343314948,0.8563698236485111,0.8376818222897698,0.8563698236485111,0.10036850465664296,0.15107294972249175,-0.050704445065848786,1.2497269672163849,0.2626842954033273,1.2583816111031108,1.2410723233296592,0.6421739018506445,0.6563907097057232,0.598958609468741,0.9327046890922166,0.7903225806451613,0.8,10.0,3.1936054253783985,2.983882372631319,2.931129775947042,0.16074687836101131,0.1110854983625938,0.9244378197823058,0.4122330273895781,0.0254207644555446,0.029733024808025418,1.2367619402392018,7.145833333333333,8.772727272727273,-1.6268939393939403
